{"name":"Footer group","type":"footer","sections":{"footer":{"type":"footer","blocks":{"acdb7fd2-4c63-409b-bd6a-fa9ede43cd75":{"type":"contact_info","settings":{"desk_width":40,"desk_width_tablet":50,"contactinfo_heading":"","contactinfo_logo":"shopify:\/\/shop_images\/Asset_1.png","logo_footer_width":110,"contactinfo_desc":"At Homad Official, we pride ourselves on finding the dopest underground brands that you’ve never seen. Our brand selection is growing weekly, thanks for your support.","contactinfo_add":"30 N Gould St Ste N, Sheridan, WY 82801, United States","contactinfo_phone":"+1 9177304749","contactinfo_email":"isabellawellness.co@gmail.com","contactinfo_time":"","footer_social_enable":true,"social_heading":""}},"newsletter_XtrPJA":{"type":"newsletter","disabled":true,"settings":{"desk_width":40,"desk_width_tablet":100,"newsletter_title":"<img class=\"header__heading-logo img-fluid\" src=\"\/\/aceno-fashion.myshopify.com\/cdn\/shop\/files\/Logo.svg?v=1716182483&amp;width=110\" loading=\"lazy\" width=\"109\" height=\"24\" alt=\"aceno fashion\">","newsletter_description":"At Aceno Official, we pride ourselves on finding the dopest underground brands that you’ve never seen. Our brand selection is growing weekly, thanks for your support.","newsletter_mailchimp":false,"newsletter_form_action":""}},"link_list_aPpktK":{"type":"link_list","settings":{"desk_width":16,"desk_width_tablet":50,"title":"Information","menu":"terminos"}},"link_list_caGd7k":{"type":"link_list","settings":{"desk_width":16,"desk_width_tablet":50,"title":"Shop","menu":"shop"}},"70983933-17cd-45a0-bcc5-d614521caf18":{"type":"link_list","settings":{"desk_width":16,"desk_width_tablet":50,"title":"About","menu":"about"}}},"block_order":["acdb7fd2-4c63-409b-bd6a-fa9ede43cd75","newsletter_XtrPJA","link_list_aPpktK","link_list_caGd7k","70983933-17cd-45a0-bcc5-d614521caf18"],"settings":{"full_with":true,"max_with":"","padding_block":"40px 15px","padding_block_m":"20px 0 20px","color_bg":"#ffffff","color_footer_heading":"#1f1f27","color_footer_text":"#515167","color_footer_link":"#515167","color_footer_link_hover":"#1f1f27"}},"border_EafiUE":{"type":"border","disabled":true,"settings":{"full_with":true,"max_with":"","color_bg":"rgba(0,0,0,0)","padding_block":"","padding_block_m":"","margin_block":"","border_style":"solid","border_width":1,"border_color":"#eeeeee","opacity":100}},"services_ETPqem":{"type":"services","blocks":{"item_YRyAMR":{"type":"item","settings":{"box_title":"Need Help?","heading_color":"#1f1f27","box_title_size":18,"box_title_size_m":18,"box_desc":"Chat with one of our customer service reps","desc_color":"#515167","box_desc_size":15,"box_desc_size_m":15,"button_text":"Chat now","button_url":"#"}},"item_3FzxLU":{"type":"item","settings":{"box_title":"Call Us - 1-800-123-4567","heading_color":"#1f1f27","box_title_size":18,"box_title_size_m":18,"box_desc":"<div>We’re here to answer your questions<\/div>\n<div class=\"d-flex justify-content-center w-100 mt-3\">\n    <a class=\"d-block me-2\" href=\"#\" data-bs-toggle=\"tooltip\" data-bs-placement=\"top\" title=\"Facebook\"><svg width=\"36\" height=\"36\" viewbox=\"0 0 36 36\" fill=\"none\" xmlns=\"http:\/\/www.w3.org\/2000\/svg\"><rect x=\"0.5\" y=\"0.5\" width=\"35\" height=\"35\" rx=\"17.5\" fill=\"white\"><\/rect><rect x=\"0.5\" y=\"0.5\" width=\"35\" height=\"35\" rx=\"17.5\" stroke=\"#EFF0F2\"><\/rect><path d=\"M16 24.5V19H14.5C14.22 19 14 18.78 14 18.5V16.5C14 16.22 14.22 16 14.5 16H16V13.5C16 11.57 17.57 10 19.5 10H21.5C21.78 10 22 10.22 22 10.5V12.5C22 12.78 21.78 13 21.5 13H19.5C19.23 13 19 13.23 19 13.5V16H21.41C21.72 16 21.95 16.28 21.9 16.58L21.57 18.58C21.53 18.82 21.32 19 21.08 19H19V24.5C19 24.78 18.78 25 18.5 25H16.5C16.22 25 16 24.78 16 24.5Z\" fill=\"#515167\"><\/path><\/svg><\/a>\n    <a class=\"d-block me-2\" href=\"#\" data-bs-toggle=\"tooltip\" data-bs-placement=\"top\" title=\"Twitter\"><svg width=\"36\" height=\"36\" viewbox=\"0 0 36 36\" fill=\"none\" xmlns=\"http:\/\/www.w3.org\/2000\/svg\"><rect x=\"0.5\" y=\"0.5\" width=\"35\" height=\"35\" rx=\"17.5\" fill=\"white\"><\/rect><rect x=\"0.5\" y=\"0.5\" width=\"35\" height=\"35\" rx=\"17.5\" stroke=\"#EFF0F2\"><\/rect><path d=\"M25.5 25.5H21.5L10.5 11H14.5L25.5 25.5Z\" stroke=\"#515167\" stroke-width=\"1.5\" stroke-linejoin=\"round\"><\/path><path d=\"M16.6906 19.6699L11.3906 25.2899\" stroke=\"#515167\" stroke-width=\"2\" stroke-linecap=\"round\" stroke-linejoin=\"round\"><\/path><path d=\"M24.3802 11.0898L19.2402 16.7698\" stroke=\"#515167\" stroke-width=\"2\" stroke-linecap=\"round\" stroke-linejoin=\"round\"><\/path><\/svg><\/a>\n    <a class=\"d-block me-2\" href=\"#\" data-bs-toggle=\"tooltip\" data-bs-placement=\"top\" title=\"LinkedIn\"><svg width=\"36\" height=\"36\" viewbox=\"0 0 36 36\" fill=\"none\" xmlns=\"http:\/\/www.w3.org\/2000\/svg\"><rect x=\"0.5\" y=\"0.5\" width=\"35\" height=\"35\" rx=\"17.5\" fill=\"white\"><\/rect><rect x=\"0.5\" y=\"0.5\" width=\"35\" height=\"35\" rx=\"17.5\" stroke=\"#EFF0F2\"><\/rect><path d=\"M14.35 25H12.44C12.2 25 12 24.8 12 24.56V15.64C12 15.4 12.2 15.2 12.44 15.2H14.35C14.59 15.2 14.79 15.4 14.79 15.64V24.57C14.79 24.81 14.59 25.01 14.35 25.01V25ZM14.35 13.8H12.44C12.2 13.8 12 13.6 12 13.36V11.44C12 11.2 12.2 11 12.44 11H14.35C14.59 11 14.79 11.2 14.79 11.44V13.36C14.79 13.6 14.59 13.8 14.35 13.8ZM24.11 25H22.2C21.96 25 21.76 24.8 21.76 24.56V19.47C21.76 18.77 21.29 18.12 20.6 18.01C19.73 17.87 18.97 18.54 18.97 19.39V24.55C18.97 24.79 18.77 24.99 18.53 24.99H16.62C16.38 24.99 16.18 24.79 16.18 24.55V15.64C16.18 15.4 16.38 15.2 16.62 15.2H18.97V15.73C19.7 15.5 20.18 15.2 21.06 15.2C22.95 15.2 24.55 16.91 24.55 18.92V24.56C24.55 24.8 24.35 25 24.11 25Z\" fill=\"#1F1F27\"><\/path><\/svg><\/a>\n    <a class=\"d-block\" href=\"#\" data-bs-toggle=\"tooltip\" data-bs-placement=\"top\" title=\"Email\"><svg width=\"36\" height=\"36\" viewbox=\"0 0 36 36\" fill=\"none\" xmlns=\"http:\/\/www.w3.org\/2000\/svg\"><rect x=\"0.5\" y=\"0.5\" width=\"35\" height=\"35\" rx=\"17.5\" fill=\"white\"><\/rect><rect x=\"0.5\" y=\"0.5\" width=\"35\" height=\"35\" rx=\"17.5\" stroke=\"#EFF0F2\"><\/rect><path d=\"M23.0002 12H13.0002C11.6702 12 10.5602 12.87 10.1602 14.06L17.2902 16.73C17.7402 16.9 18.2402 16.9 18.6902 16.73L25.8202 14.06C25.4202 12.87 24.3102 12 22.9802 12H23.0002Z\" stroke=\"#515167\" stroke-width=\"1.5\" stroke-linecap=\"round\" stroke-linejoin=\"round\"><\/path><path d=\"M23 12H13C11.3431 12 10 13.3431 10 15V21C10 22.6569 11.3431 24 13 24H23C24.6569 24 26 22.6569 26 21V15C26 13.3431 24.6569 12 23 12Z\" stroke=\"#515167\" stroke-width=\"1.5\" stroke-linecap=\"round\" stroke-linejoin=\"round\"><\/path><\/svg><\/a>\n<\/div>","desc_color":"#515167","box_desc_size":15,"box_desc_size_m":15,"button_text":"","button_url":""}},"item_pKBAqm":{"type":"item","settings":{"box_title":"Store Locator","heading_color":"#1f1f27","box_title_size":18,"box_title_size_m":18,"box_desc":"Explore a retail store or outlet near you.","desc_color":"#515167","box_desc_size":15,"box_desc_size_m":15,"button_text":"Find a store","button_url":"shopify:\/\/pages\/contact"}}},"block_order":["item_YRyAMR","item_3FzxLU","item_pKBAqm"],"disabled":true,"settings":{"full_with":true,"max_with":"","color_bg":"rgba(0,0,0,0)","padding_block":"","padding_block_m":"4px 0","margin_block":"","heading":"","sub_heading":"","text_align":"text-start","layout":"grid","column1":3,"column2":1,"column3":1,"iconsize":"32x32","service_style":"style2","navigation":false,"pagination":false,"infinite":false,"autoplay":false,"autoplay_speed":"10000"}},"copy-right":{"type":"copy-right","settings":{"full_with":false,"max_with":"","padding_block":"26px 15px","padding_block_m":"10px 0","copyright":"Copyright ©  <a class=\"fw-semibold\" href=\"\/\">Homad<\/a>. All rights reserved.","color_bg":"#ffffff","color_copyright":"#ffffff","color_copyright_link":"#ff0000","payment_enable":true,"social_enable":false,"enable_country_selector":false}}},"order":["footer","border_EafiUE","services_ETPqem","copy-right"]}