{"name":"Footer group","type":"footer","sections":{"footer":{"type":"footer","blocks":{"acdb7fd2-4c63-409b-bd6a-fa9ede43cd75":{"type":"contact_info","settings":{"desk_width":36,"desk_width_tablet":50,"contactinfo_heading":"","contactinfo_logo":"shopify:\/\/shop_images\/Logo.svg","logo_footer_width":110,"contactinfo_desc":"At Aceno Official, we pride ourselves on finding the dopest underground brands that you’ve never seen. Our brand selection is growing weekly, thanks for your support.","contactinfo_add":"16122 Collins street, Melbourne, Australia","contactinfo_phone":"(603) 555-0123","contactinfo_email":"@example.com","contactinfo_time":"fsdfsdfsdf","footer_social_enable":true,"social_heading":""}},"link_list_caGd7k":{"type":"link_list","settings":{"desk_width":16,"desk_width_tablet":50,"title":"Shop","menu":"shop"}},"link_list_aPpktK":{"type":"link_list","settings":{"desk_width":16,"desk_width_tablet":50,"title":"Information","menu":"footer"}},"70983933-17cd-45a0-bcc5-d614521caf18":{"type":"link_list","settings":{"desk_width":16,"desk_width_tablet":50,"title":"About","menu":"about"}},"link_list_YbQ6eT":{"type":"link_list","settings":{"desk_width":16,"desk_width_tablet":50,"title":"Services","menu":"services"}},"newsletter_XtrPJA":{"type":"newsletter","settings":{"desk_width":100,"desk_width_tablet":100,"newsletter_title":"Newsletter","newsletter_description":"Subscribe to receive the latest news, updates and special offers from Suppre.","newsletter_mailchimp":false,"newsletter_form_action":""}}},"block_order":["acdb7fd2-4c63-409b-bd6a-fa9ede43cd75","link_list_caGd7k","link_list_aPpktK","70983933-17cd-45a0-bcc5-d614521caf18","link_list_YbQ6eT","newsletter_XtrPJA"],"disabled":true,"settings":{"full_with":false,"max_with":"","padding_block":"80px 0 75px","padding_block_m":"60px 0 55px","color_bg":"#ffffff","color_footer_heading":"#111111","color_footer_text":"#585858","color_footer_link":"#585858","color_footer_link_hover":"#cd8f5c"}},"copy-right":{"type":"copy-right","settings":{"full_with":false,"max_with":"","padding_block":"26px 0","padding_block_m":"10px 0 20px","copyright":"Copyright ©  <a class=\"fw-semibold\" href=\"\/\">ACENO<\/a>. All rights reserved.","color_bg":"#eff0f2","color_copyright":"#1f1f27","color_copyright_link":"#fb4005","payment_enable":false,"payment_image":"shopify:\/\/shop_images\/payment-logo.png"}}},"order":["footer","copy-right"]}