{"name":"Footer group","type":"footer","sections":{"border_EafiUE":{"type":"border","settings":{"full_with":true,"max_with":"","color_bg":"rgba(0,0,0,0)","padding_block":"","padding_block_m":"","margin_block":"","border_style":"solid","border_width":1,"border_color":"#eeeeee","opacity":100}},"footer":{"type":"footer","blocks":{"acdb7fd2-4c63-409b-bd6a-fa9ede43cd75":{"type":"contact_info","settings":{"desk_width":36,"desk_width_tablet":50,"contactinfo_heading":"Contact","logo_footer_width":110,"contactinfo_desc":"","contactinfo_add":"16122 Collins street, Melbourne, Australia","contactinfo_phone":"(603) 555-0123","contactinfo_email":"@example.com","contactinfo_time":"","footer_social_enable":true,"social_heading":""}},"link_list_caGd7k":{"type":"link_list","settings":{"desk_width":16,"desk_width_tablet":50,"title":"Shop","menu":""}},"link_list_aPpktK":{"type":"link_list","settings":{"desk_width":16,"desk_width_tablet":50,"title":"Information","menu":"footer"}},"70983933-17cd-45a0-bcc5-d614521caf18":{"type":"link_list","settings":{"desk_width":16,"desk_width_tablet":50,"title":"About","menu":""}},"link_list_YbQ6eT":{"type":"link_list","settings":{"desk_width":16,"desk_width_tablet":50,"title":"Services","menu":""}},"newsletter_XtrPJA":{"type":"newsletter","settings":{"desk_width":100,"desk_width_tablet":100,"newsletter_title":"Newsletter","newsletter_description":"Subscribe to receive the latest news, updates and special offers from Suppre.","newsletter_mailchimp":false,"newsletter_form_action":""}}},"block_order":["acdb7fd2-4c63-409b-bd6a-fa9ede43cd75","link_list_caGd7k","link_list_aPpktK","70983933-17cd-45a0-bcc5-d614521caf18","link_list_YbQ6eT","newsletter_XtrPJA"],"settings":{"full_with":false,"max_with":"","padding_block":"80px 0 75px","padding_block_m":"60px 0 55px","color_bg":"#ffffff","color_footer_heading":"#1f1f27","color_footer_text":"#515167","color_footer_link":"#515167","color_footer_link_hover":"#1f1f27"}},"footer1":{"type":"footer","blocks":{"acdb7fd2-4c63-409b-bd6a-fa9ede43cd75":{"type":"contact_info","settings":{"desk_width":35,"desk_width_tablet":100,"contactinfo_heading":"","logo_footer_width":110,"contactinfo_desc":"<p>At <strong>Homad<\/strong>, we design smart, space-saving tools to simplify modern living.  \nFrom compact homes to minimalist lifestyles — our products help you live more with less.<\/p>","contactinfo_add":"","contactinfo_phone":"","contactinfo_email":"","contactinfo_time":"","footer_social_enable":false,"social_heading":""}},"link_list_aPpktK":{"type":"link_list","settings":{"desk_width":15,"desk_width_tablet":33,"title":"Information","menu":"terminos"}},"70983933-17cd-45a0-bcc5-d614521caf18":{"type":"link_list","settings":{"desk_width":15,"desk_width_tablet":33,"title":"About","menu":"about"}},"newsletter_XtrPJA":{"type":"newsletter","settings":{"desk_width":35,"desk_width_tablet":100,"newsletter_title":"Newsletter","newsletter_description":"Subscribe to receive the latest news, updates and special offers from Homad.","newsletter_mailchimp":false,"newsletter_form_action":""}}},"block_order":["acdb7fd2-4c63-409b-bd6a-fa9ede43cd75","link_list_aPpktK","70983933-17cd-45a0-bcc5-d614521caf18","newsletter_XtrPJA"],"disabled":true,"settings":{"full_with":false,"max_with":"","padding_block":"80px 0 75px","padding_block_m":"60px 0 55px","color_bg":"#ffffff","color_footer_heading":"#1f1f27","color_footer_text":"#515167","color_footer_link":"#515167","color_footer_link_hover":"#1f1f27"}},"border_bRPbtF":{"type":"border","settings":{"full_with":false,"max_with":"","color_bg":"rgba(0,0,0,0)","padding_block":"","padding_block_m":"","margin_block":"","border_style":"solid","border_width":1,"border_color":"#eeeeee","opacity":100}},"copy-right":{"type":"copy-right","settings":{"full_with":false,"max_with":"","padding_block":"26px 0","padding_block_m":"25px 0","copyright":"Copyright ©  <a class=\"fw-semibold\" href=\"\/\">Homad<\/a>. All rights reserved.","color_bg":"#ffffff","color_copyright":"#515167","color_copyright_link":"#ff5630","payment_enable":false}}},"order":["border_EafiUE","footer","footer1","border_bRPbtF","copy-right"]}