{"name":"t:sections.header.name","type":"header","sections":{"banner-top":{"type":"banner-top","settings":{"full_with":true,"max_with":"","color_bg":"#1f1f27","padding_block":"9px 0","padding_block_m":"9px 0","margin_block":"","bannertop_link":"shopify:\/\/collections\/all","bannertop_text":"Final Hours! 50% Off! No code needed:","bannertop_text_color":"#7c99a9","Bannertop_timeend":"2024\/12\/30","bannertop_countdown_color":"#ffffff"}},"announcement-bar":{"type":"announcement-bar","blocks":{"announcement_item_mn3tLG":{"type":"announcementItem","settings":{"content":"<p class=\"fw-medium\">Free standard shipping for orders <span class=\"text-white\">over $340.<\/span><\/p>"}},"announcement_item_T6PQzt":{"type":"announcementItem","settings":{"content":"Sign up for 10% off your first order: <a href=\"\/account\">Sign Up<\/a>"}},"announcement_item_czxYzW":{"type":"announcementItem","settings":{"content":"Mid-Season Sale Up to 70% OFF. <a href=\"\/collections\/shoes\">SHOW NOW<\/a>"}}},"block_order":["announcement_item_mn3tLG","announcement_item_T6PQzt","announcement_item_czxYzW"],"disabled":true,"settings":{"full_with":true,"max_with":"","color_bg":"#1f1f27","padding_block":"8px 25px","padding_block_m":"5px 0","color_top_text":"#7c99a9","color_top_link":"#ffffff","font-size":15,"font-size-m":13,"text_left":"<span class=\"d-inline-block me-1 pe-2\">aceno@gmail.com<\/span>+084-1900-2525","enable_country_selector":true,"link_list":""}},"border_bVEhVT":{"type":"border","disabled":true,"settings":{"full_with":true,"max_with":"","color_bg":"rgba(0,0,0,0)","padding_block":"","padding_block_m":"","margin_block":"","border_style":"solid","border_width":12,"border_color":"#e1e1e1","opacity":100}},"header":{"type":"header","blocks":{"ace588ad-1af0-421a-9444-09b9783a5d8e":{"type":"menu","settings":{"title":"Shop","menu_width":"","menu_align":"start-0 end-0","menu":true,"menu_order":"1","menu_col":60,"menu_menu_col":33,"products":false,"products_order":"2","products_col":100,"products_title":"","products_collection":"","products_limit":"2","html":false,"html_order":"3","html_col":25,"html_title":"","html_content":"<a class=\"position-relative d-block mt-1\" href=\"\/collections\/sale-off\" title=\"Accessories\">\n<span class=\"position-absolute start-0 top-0 ms-2 mt-2 bg-info text-white px-2 rounded-1\">New!<\/span>\n<img class=\"img-fluid\" src=\"https:\/\/velaa-t.myshopify.com\/cdn\/shop\/files\/col5.jpg?v=1614291770\" alt=\"banner\" loading=\"lazy\">\n<\/a>","banner":false,"banner_order":"4","banner_col":100,"banner_link":"","collection_enable":true,"collection_order":"5","collection_title":"","collection_content":"","colllection_col":40,"colllection_col_item":50,"velamenu_list_collection1":"blazers","velamenu_list_collection2":"swimwear","velamenu_list_collection3":"","velamenu_list_collection4":"","velamenu_list_collection5":"","velamenu_list_collection6":"","velamenu_list_collection7":"","velamenu_list_collection8":"","velamenu_list_collection9":"","velamenu_list_collection10":""}},"menu_d9RK3K":{"type":"menu","settings":{"title":"Product","menu_width":"","menu_align":"start-0 end-0","menu":true,"menu_order":"1","menu_col":100,"menu_menu_col":25,"products":false,"products_order":"2","products_col":100,"products_title":"","products_collection":"","products_limit":"2","html":false,"html_order":"3","html_col":100,"html_title":"","html_content":"","banner":false,"banner_order":"4","banner_col":100,"banner_link":"","collection_enable":false,"collection_order":"5","collection_title":"","collection_content":"","colllection_col":80,"colllection_col_item":20,"velamenu_list_collection1":"","velamenu_list_collection2":"","velamenu_list_collection3":"","velamenu_list_collection4":"","velamenu_list_collection5":"","velamenu_list_collection6":"","velamenu_list_collection7":"","velamenu_list_collection8":"","velamenu_list_collection9":"","velamenu_list_collection10":""}},"menu_p84T8x":{"type":"menu","settings":{"title":"Collection","menu_width":"","menu_align":"start-0","menu":true,"menu_order":"1","menu_col":20,"menu_menu_col":100,"products":false,"products_order":"2","products_col":100,"products_title":"","products_collection":"","products_limit":"2","html":false,"html_order":"3","html_col":100,"html_title":"","html_content":"","banner":false,"banner_order":"4","banner_col":100,"banner_link":"","collection_enable":true,"collection_order":"5","collection_title":"","collection_content":"","colllection_col":80,"colllection_col_item":25,"velamenu_list_collection1":"active","velamenu_list_collection2":"blazers","velamenu_list_collection3":"denim","velamenu_list_collection4":"frontpage","velamenu_list_collection5":"","velamenu_list_collection6":"","velamenu_list_collection7":"","velamenu_list_collection8":"","velamenu_list_collection9":"","velamenu_list_collection10":""}},"menu_FhrgnF":{"type":"menu","settings":{"title":"Home","menu_width":"","menu_align":"start-0","menu":true,"menu_order":"1","menu_col":100,"menu_menu_col":20,"products":false,"products_order":"2","products_col":100,"products_title":"","products_collection":"","products_limit":"2","html":false,"html_order":"3","html_col":100,"html_title":"","html_content":"","banner":false,"banner_order":"4","banner_col":100,"banner_link":"","collection_enable":false,"collection_order":"5","collection_title":"","collection_content":"","colllection_col":100,"colllection_col_item":25,"velamenu_list_collection1":"","velamenu_list_collection2":"","velamenu_list_collection3":"","velamenu_list_collection4":"","velamenu_list_collection5":"","velamenu_list_collection6":"","velamenu_list_collection7":"","velamenu_list_collection8":"","velamenu_list_collection9":"","velamenu_list_collection10":""}}},"block_order":["ace588ad-1af0-421a-9444-09b9783a5d8e","menu_d9RK3K","menu_p84T8x","menu_FhrgnF"],"settings":{"full_with":false,"max_with":"1860px","padding_block":"1px 0","padding_block_m":"16px 0","color_bg":"#ffffff","color_header_text":"#1f1f27","logo_width":110,"sticky_header_type":"on-scroll-up","menu":"main-menu","hotline_enabel":true,"hotline_icon":"<svg width=\"32\" height=\"32\" viewbox=\"0 0 43 38\" fill=\"none\" xmlns=\"http:\/\/www.w3.org\/2000\/svg\"><path d=\"M42.8077 20.9688C42.8077 17.5512 40.3371 14.745 37.2178 14.5067C36.8478 13.2833 35.8482 12.3235 34.5886 11.9905C33.7487 5.21612 28.1419 0.0507812 21.4038 0.0507812C14.6658 0.0507812 9.05901 5.21612 8.21916 11.9905C6.95959 12.3235 5.95988 13.2832 5.59 14.5067C5.48164 14.5149 5.37412 14.5263 5.26744 14.5408V6.53125C5.26744 5.8517 4.70592 5.30078 4.0133 5.30078C3.32069 5.30078 2.75917 5.8517 2.75917 6.53125V15.5256C1.10063 16.681 0 18.6884 0 20.9688C0 24.3863 2.47064 27.1925 5.58992 27.4308C5.95871 28.6503 6.95316 29.6077 8.20712 29.9436C8.74138 32.9947 11.4553 35.3242 14.7151 35.3242H15.0052C15.5299 36.8484 17.0001 37.9492 18.7284 37.9492H24.0793C26.2461 37.9492 28.0089 36.2197 28.0089 34.0938C28.0089 31.9678 26.2461 30.2383 24.0793 30.2383H18.7284C17.0001 30.2383 15.5299 31.3391 15.0052 32.8633H14.7151C12.8186 32.8633 11.2195 31.5921 10.7549 29.8728C12.2305 29.3733 13.2938 27.998 13.2938 26.3828V15.5547C13.2938 13.9338 12.2231 12.5546 10.7395 12.0597C11.523 6.6246 16.0191 2.51172 21.4038 2.51172C26.7886 2.51172 31.2847 6.6246 32.0681 12.0597C30.5846 12.5546 29.5139 13.9338 29.5139 15.5547V26.3828C29.5139 28.4183 31.2017 30.0742 33.2763 30.0742H33.6107C35.3143 30.0742 36.7562 28.9573 37.2178 27.4308C40.3371 27.1925 42.8077 24.3863 42.8077 20.9688ZM18.7284 32.6992H24.0793C24.8631 32.6992 25.5007 33.3248 25.5007 34.0938C25.5007 34.8627 24.8631 35.4883 24.0793 35.4883H18.7284C17.9446 35.4883 17.307 34.8627 17.307 34.0938C17.307 33.3248 17.9446 32.6992 18.7284 32.6992ZM2.50826 20.9688C2.50826 19.0175 3.79793 17.3374 5.43457 17.0077V24.9297C3.79793 24.6001 2.50826 22.92 2.50826 20.9688ZM10.7855 26.3828C10.7855 27.0613 10.2229 27.6133 9.5314 27.6133H9.19697C8.50544 27.6133 7.94283 27.0613 7.94283 26.3828C7.94283 22.4343 7.94283 19.2048 7.94283 15.5547C7.94283 14.8762 8.50544 14.3242 9.19697 14.3242H9.5314C10.2229 14.3242 10.7855 14.8762 10.7855 15.5547V26.3828ZM34.8649 26.3828C34.8649 27.0613 34.3023 27.6133 33.6107 27.6133H33.2763C32.5848 27.6133 32.0222 27.0613 32.0222 26.3828V15.5547C32.0222 14.8762 32.5848 14.3242 33.2763 14.3242H33.6107C34.3023 14.3242 34.8649 14.8762 34.8649 15.5547V26.3828ZM37.3731 24.9298V17.0078C39.0098 17.3375 40.2994 19.0176 40.2994 20.9688C40.2994 22.9201 39.0098 24.6001 37.3731 24.9298Z\" fill=\"currentColor\"><\/path><\/svg>","hotline_text":"<label class=\"d-block\">Call us free:<\/label><span class=\"fw-semibold\">(888) 910-2330<\/span>","header-white":false,"velavermenu_linklist":"","velavermenu_title":"Categories","velavermenu_style":"style1"}}},"order":["banner-top","announcement-bar","border_bVEhVT","header"]}