[
  {
    "name": "theme_info",
    "theme_name": "aceno-fashion-home01",
    "theme_version": "1.0",
    "theme_author": "Velatheme",
    "theme_documentation_url": "https:\/\/velatheme.com\/guide\/velatheme-v3",
    "theme_support_url": "https:\/\/velatheme.ticksy.com"
  },
  {
    "name": "t:settings_schema.colors.name",
    "settings": [
      {
        "type": "header",
        "content": "General"
      },
      {
        "type": "color",
        "id": "color_primary",
        "label": "Primary",
        "default": "#008dcf"
      },
      {
        "type": "color",
        "id": "color_secondary",
        "label": "Secondary",
        "default": "#6b58cd"
      },
      {
        "type": "header",
        "content": "Body"
      },
      {
        "type": "color",
        "id": "color_body_text",
        "label": "Text",
        "default": "#1f2021"
      },
      {
        "type": "color",
        "id": "color_text_light",
        "label": "Text light",
        "default": "#A49F9C"
      },
      {
        "type": "color",
        "id": "color_body_bg",
        "label": "Body background color",
        "default": "#ffffff"
      },
      {
        "type": "color",
        "id": "color_headings",
        "label": "Headings",
        "default": "#161311"
      },
      {
        "type": "color",
        "id": "color_border",
        "label": "Border",
        "default": "#DADBE0"
      },
      {
        "type": "color",
        "id": "color_border_lighter",
        "label": "Border lighter",
        "default": "#EFF0F2"
      },
      {
        "type": "header",
        "content": "Main Menu"
      },
      {
        "type": "color",
        "id": "color_menu_bg",
        "label": "Background color",
        "default": "#ffffff"
      },
      {
        "type": "color",
        "id": "color_menu_text",
        "label": "Menu text",
        "default": "#1f2021"
      },
      {
        "type": "color",
        "id": "color_menu_text_hover",
        "label": "Menu text hover",
        "default": "#1f2021"
      },
      {
        "type": "color",
        "id": "color_submenu_bg",
        "label": "Submenu background color",
        "default": "#ffffff"
      },
      {
        "type": "color",
        "id": "color_submenu_text",
        "label": "Submenu text",
        "default": "#1f2021"
      },
      {
        "type": "color",
        "id": "color_submenu_text_hover",
        "label": "Submenu text hover",
        "default": "#1f2021"
      },
      {
        "type": "header",
        "content": "Button Color"
      },
      {
        "type": "color",
        "id": "color_btn",
        "label": "btn color",
        "default": "#ffffff"
      },
      {
        "type": "color",
        "id": "color_btn_border",
        "label": "btn Border color",
        "default": "#000000"
      },
      {
        "type": "color",
        "id": "color_btn_bg",
        "label": "btn bg color",
        "default": "#000000"
      },
      {
        "type": "color",
        "id": "color_btn_hover",
        "label": "btn hover color",
        "default": "#ffffff"
      },
      {
        "type": "color",
        "id": "color_btn_hover_border",
        "label": "btn Border color",
        "default": "#000000"
      },
      {
        "type": "color",
        "id": "color_btn_hover_bg",
        "label": "btn bg hover color",
        "default": "#000000"
      }
    ]
  },
  {
    "name": "Typography",
    "settings": [
      {
        "type": "header",
        "content": "Body"
      },
      {
        "type": "select",
        "id": "type_body_font_select",
        "label": "Fonts body style",
        "options": [
          {
            "value": "shopify_body_fonts",
            "label": "Shopify fonts"
          },
          {
            "value": "google_body_fonts",
            "label": "Google fonts"
          },
          {
            "value": "custom_body_fonts",
            "label": "Custom fonts"
          }
        ],
        "default": "shopify_body_fonts"
      },
      {
        "type": "font_picker",
        "id": "type_body_font",
        "default": "sans-serif",
        "label": "Font",
        "info": "Selecting a different font can affect the speed of your store."
      },
      {
        "type": "text",
        "id": "type_body_google_font",
        "label": "Google font URL",
        "info": "[Where do I find Google Fonts?](http:\/\/www.google.com\/fonts)"
      },
      {
        "type": "text",
        "id": "type_body_google_font_name",
        "label": "Font name",
        "info": "Only used for google fonts and custom fonts [Guideline?](https:\/\/velatheme.com\/guide\/velatheme-v3\/theme_settings.html#sectionTwo)"
      },
      {
        "type": "range",
        "id": "type_base_size",
        "label": "Base size",
        "min": 12,
        "max": 18,
        "step": 1,
        "unit": "px",
        "default": 14
      },
      {
        "type": "header",
        "content": "Headings"
      },
      {
        "type": "select",
        "id": "type_header_font_select",
        "label": "Fonts heading style",
        "options": [
          {
            "value": "shopify_header_fonts",
            "label": "Shopify fonts"
          },
          {
            "value": "google_header_fonts",
            "label": "Google fonts"
          },
          {
            "value": "custom_header_fonts",
            "label": "Custom fonts"
          }
        ],
        "default": "shopify_header_fonts"
      },
      {
        "type": "font_picker",
        "id": "type_header_font",
        "default": "sans-serif",
        "label": "Shopify fonts",
        "info": "Selecting a different font can affect the speed of your store"
      },
      {
        "type": "text",
        "id": "type_header_google_font",
        "label": "Google font URL",
        "info": "[Where do I find Google Fonts?](http:\/\/www.google.com\/fonts)"
      },
      {
        "type": "text",
        "id": "type_header_google_font_name",
        "label": "Font name",
        "info": "Only used for google fonts and custom fonts [Guideline?](https:\/\/velatheme.com\/guide\/velatheme-v3\/theme_settings.html#sectionTwo)"
      },
      {
        "type": "range",
        "id": "type_header_base_size",
        "label": "Base size",
        "min": 16,
        "max": 60,
        "step": 2,
        "unit": "px",
        "default": 30
      },
      {
        "type": "header",
        "content": "Font Family Special",
        "info": "Font family for special style"
      },
      {
        "type": "radio",
        "id": "type_special_type",
        "label": "Fonts style",
        "options": [
          {
            "value": "google_fonts",
            "label": "Google fonts"
          },
          {
            "value": "upload_fonts",
            "label": "Custom fonts"
          }
        ],
        "info": "[Where do I find Google Fonts?](http:\/\/www.google.com\/fonts)",
        "default": "google_fonts"
      },
      {
        "type": "text",
        "id": "type_special_link",
        "label": "Google font URL"
      },
      {
        "type": "text",
        "id": "type_special_font",
        "label": "Fonts name",
        "info": "Use for google font and custom font",
        "default": "Arial"
      },
      {
        "type": "header",
        "content": "Menu font size"
      },
      {
        "type": "range",
        "id": "type_menu_size",
        "min": 10,
        "max": 30,
        "step": 1,
        "unit": "px",
        "label": "Menu font size",
        "default": 14,
        "info": "Font size menu"
      },
      {
        "type": "range",
        "id": "type_menu_dropdown_size",
        "min": 10,
        "max": 30,
        "step": 1,
        "unit": "px",
        "label": "Dropdown menu font size",
        "default": 14,
        "info": "Font size dropdown menu"
      }
    ]
  },
  {
    "name": "Layout",
    "settings": [
      {
        "type": "text",
        "id": "page_width",
        "label": "Page width(px)",
        "placeholder": "1440px",
        "info": "Ex: 1440px"
      },
      {
        "type": "select",
        "id": "header_layout",
        "label": "Header layout",
        "options": [
          {
            "value": "header1",
            "label": "Header 1"
          },
          {
            "value": "header2",
            "label": "Header 2"
          },
          {
            "value": "header3",
            "label": "Header 3"
          },
          {
            "value": "header4",
            "label": "Header 4"
          }
        ],
        "default": "header1"
      },
      {
        "type": "select",
        "id": "footer_layout",
        "label": "Footer layout",
        "options": [
          {
            "value": "footer1",
            "label": "footer 1"
          },
          {
            "value": "footer2",
            "label": "Footer 2"
          },
          {
            "value": "footer3",
            "label": "Footer 3"
          }
        ],
        "default": "footer1"
      }
    ]
  },
  {
    "name": "Features",
    "settings": [
      {
        "type": "header",
        "content": "Font Icon Awesome"
      },
      {
        "type": "checkbox",
        "id": "font_icon",
        "label": "Use font icon awesome v4.7",
        "info": "[Find icon](https:\/\/fontawesome.com\/v4.7\/icons\/)",
        "default": false
      },
      {
        "type": "header",
        "content": "Gift cards"
      },
      {
        "type": "image_picker",
        "id": "giftcard_logo",
        "label": "Gift card logo"
      },
      {
        "type": "header",
        "content": "Product Reviews"
      },
      {
        "type": "checkbox",
        "id": "product_reviews_enable",
        "label": "Enable",
        "info": "Install at [here](https:\/\/apps.shopify.com\/judgeme). Settings at [here](\/admin\/apps\/judgeme\/home)",
        "default": true
      },
      {
        "type": "header",
        "content": "Wishlist"
      },
      {
        "type": "checkbox",
        "id": "product_wishlist",
        "label": "Enable",
        "default": true
      },
      {
        "type": "header",
        "content": "Pre-orders"
      },
      {
        "type": "checkbox",
        "id": "pre-order",
        "label": "Enable pre-orders"
      },
      {
        "type": "header",
        "content": "Scroll to top"
      },
      {
        "type": "checkbox",
        "id": "scroll_to_top",
        "label": "Enable",
        "default": true
      },
      {
        "type": "header",
        "content": "PreLoading"
      },
      {
        "type": "checkbox",
        "id": "preloading",
        "label": "Enable",
        "default": true
      },
      {
        "type": "image_picker",
        "id": "preloading_image",
        "label": "Image"
      }
    ]
  },
  {
    "name": "Search behavior",
    "settings": [
      {
        "type": "header",
        "content": "Trending Searches"
      },
      {
        "type": "text",
        "id": "trending_searches",
        "label": "keywords",
        "default": "Top,Bra,Sports,Cropped,Shorts,Crop top",
        "info": "Write multiple keywords (separated by commas) that you want to trend in searches."
      },
      {
        "type": "header",
        "content": "Search suggestions"
      },
      {
        "type": "checkbox",
        "id": "predictive_search_enabled",
        "default": true,
        "label": "Enable product suggestions"
      },
      {
        "type": "checkbox",
        "id": "predictive_search_show_vendor",
        "default": false,
        "label": "Show vendor",
        "info": "Visible when product suggestions enabled."
      },
      {
        "type": "checkbox",
        "id": "predictive_search_show_review",
        "default": false,
        "label": "Show review",
        "info": "Visible when product suggestions enabled."
      },
      {
        "type": "checkbox",
        "id": "predictive_search_show_price",
        "default": true,
        "label": "Show price",
        "info": "Visible when product suggestions enabled."
      },
      {
        "type": "header",
        "content": "Product recommendations"
      },
      {
        "type": "text",
        "id": "search_proRecommend_title",
        "label": "Title",
        "default": "Need some inspiration?"
      },
      {
        "type": "collection",
        "id": "search_collection",
        "label": "Collection",
        "info": "Select the product list to display the Search top"
      }
    ]
  },
  {
    "name": "Quickview",
    "settings": [
      {
        "type": "checkbox",
        "id": "quickview_enable",
        "label": "Enable"
      },
      {
        "type": "checkbox",
        "id": "quickview_proshortdesc",
        "label": "Show product short description"
      },
      {
        "type": "checkbox",
        "id": "quickview_prosku",
        "label": "Show product SKU"
      },
      {
        "type": "checkbox",
        "id": "quickview_availability",
        "label": "Show availability"
      },
      {
        "type": "checkbox",
        "id": "quickview_protype",
        "label": "Show product type"
      },
      {
        "type": "checkbox",
        "id": "quickview_tags",
        "label": "Show product tags"
      },
      {
        "type": "checkbox",
        "id": "quickview_vendor",
        "label": "Show product vendor"
      },
      {
        "type": "select",
        "id": "quickview_quantity_selector",
        "label": "Quantity type",
        "options": [
          {
            "value": "text",
            "label": "Text"
          },
          {
            "value": "select",
            "label": "Dropdown"
          }
        ],
        "default": "text"
      },
      {
        "type": "select",
        "id": "quickview_variant_selector",
        "label": "Product option picker type",
        "options": [
          {
            "value": "radio",
            "label": "Button"
          },
          {
            "value": "select",
            "label": "Dropdown"
          }
        ]
      },
      {
        "type": "checkbox",
        "id": "quickview_variant_color_enable",
        "label": "Show color swatches",
        "default": true
      },
      {
        "type": "select",
        "id": "quickview_swatches_type",
        "label": "Color swatches type",
        "options": [
          {
            "value": "metafields",
            "label": "Use category metafields"
          },
          {
            "value": "variant",
            "label": "Use image variant"
          }
        ],
        "default": "metafields"
      },
      {
        "type": "textarea",
        "id": "quickview_text",
        "label": "Button label"
      }
    ]
  },
  {
    "name": "Quick add",
    "settings": [
      {
        "type": "checkbox",
        "id": "quickadd_enable",
        "label": "Enable"
      },
      {
        "type": "checkbox",
        "id": "quickadd_prosku",
        "label": "Show product SKU"
      },
      {
        "type": "checkbox",
        "id": "quickadd_availability",
        "label": "Show availability"
      },
      {
        "type": "checkbox",
        "id": "quickadd_protype",
        "label": "Show product type"
      },
      {
        "type": "checkbox",
        "id": "quickadd_vendor",
        "label": "Show product vendor"
      },
      {
        "type": "select",
        "id": "quickadd_quantity_selector",
        "label": "Quantity type",
        "options": [
          {
            "value": "text",
            "label": "Text"
          },
          {
            "value": "select",
            "label": "Dropdown"
          }
        ],
        "default": "text"
      },
      {
        "type": "select",
        "id": "quickadd_variant_selector",
        "label": "Product option picker type",
        "options": [
          {
            "value": "radio",
            "label": "Button"
          },
          {
            "value": "select",
            "label": "Dropdown"
          }
        ]
      },
      {
        "type": "checkbox",
        "id": "quickadd_variant_color_enable",
        "label": "Show color swatches",
        "default": true
      },
      {
        "type": "select",
        "id": "quickadd_swatches_type",
        "label": "Color swatches type",
        "options": [
          {
            "value": "metafields",
            "label": "Use category metafields"
          },
          {
            "value": "variant",
            "label": "Use image variant"
          }
        ],
        "default": "metafields"
      }
    ]
  },
  {
    "name": "Out of stock notification",
    "settings": [
      {
        "type": "checkbox",
        "id": "outofstock_enable",
        "label": "Enable notification",
        "default": true
      },
      {
        "type": "text",
        "id": "outofstock_title",
        "label": "Button label",
        "default": "Notify me when available"
      },
      {
        "type": "richtext",
        "id": "outofstock_modal_content",
        "label": "Modal content",
        "default": "<p>We will send you a notification as soon as this product is available again.<\/p>"
      },
      {
        "type": "text",
        "id": "outofstock_modal_title",
        "label": "Button submit label",
        "default": "Notify me when available"
      }
    ]
  },
  {
    "name": "Sale notification",
    "settings": [
      {
        "type": "checkbox",
        "id": "saleNotifi_enable",
        "label": "Enable",
        "default": true
      },
      {
        "type": "collection",
        "id": "collection_notification",
        "label": "Select the product list to display the notification"
      },
      {
        "type": "header",
        "content": "Time Notification"
      },
      {
        "type": "range",
        "id": "start_time",
        "min": 0,
        "max": 59,
        "step": 1,
        "label": "Notification start time",
        "default": 5
      },
      {
        "type": "select",
        "id": "start_time_unit",
        "options": [
          {
            "value": "second",
            "label": "Second"
          },
          {
            "value": "minute",
            "label": "Minute"
          }
        ],
        "label": "Notification start time unit"
      },
      {
        "type": "range",
        "id": "stay_time",
        "min": 0,
        "max": 59,
        "step": 1,
        "label": "Notification stay time",
        "default": 5
      },
      {
        "type": "select",
        "id": "stay_time_unit",
        "options": [
          {
            "value": "second",
            "label": "Second"
          },
          {
            "value": "minute",
            "label": "Minute"
          }
        ],
        "label": "Notification stay time unit"
      },
      {
        "type": "header",
        "content": "Purchased and Suggest"
      },
      {
        "type": "textarea",
        "id": "user_purchased",
        "label": "List user purchased",
        "info": "Users are separated by ' | '. eg: jhon | david "
      },
      {
        "type": "checkbox",
        "id": "show_timeago",
        "label": "Show time ago in suggest",
        "default": true
      },
      {
        "type": "textarea",
        "id": "time_suggest",
        "label": "List user purchased",
        "info": "Time are separated by ' | '. eg: 4 hours ago | 5 hours ago "
      },
      {
        "type": "header",
        "content": "General Settings"
      },
      {
        "type": "range",
        "id": "limit_notification",
        "min": 0,
        "max": 50,
        "step": 1,
        "label": "Limit Notification",
        "default": 5
      },
      {
        "type": "checkbox",
        "id": "show_close",
        "label": "Show close button",
        "default": true
      },
      {
        "type": "checkbox",
        "id": "show_verified",
        "label": "Show verified",
        "default": true
      },
      {
        "type": "select",
        "id": "animation_notification",
        "options": [
          {
            "value": "slide_inup",
            "label": "Slide in up"
          },
          {
            "value": "left_to_right",
            "label": "Left to Right"
          },
          {
            "value": "popup",
            "label": "Popup"
          }
        ],
        "label": "Animation Notification"
      },
      {
        "type": "text",
        "id": "text_purchased",
        "label": "Text purchased",
        "default": "purchased"
      },
      {
        "type": "text",
        "id": "text_verified",
        "label": "Text verified",
        "default": "verified"
      }
    ]
  },
  {
    "name": "Cart",
    "settings": [
      {
        "type": "select",
        "id": "cart_type",
        "options": [
          {
            "value": "modal",
            "label": "Modal"
          },
          {
            "value": "drawer",
            "label": "Drawer"
          },
          {
            "value": "page",
            "label": "Page"
          }
        ],
        "label": "Cart type"
      },
      {
        "type": "checkbox",
        "id": "view_cart_button",
        "label": "Show view cart button",
        "default": false
      },
      {
        "type": "header",
        "content": "Config when cart type is Drawer or Page"
      },
      {
        "type": "checkbox",
        "id": "cart_notes_enable",
        "label": "Enable order notes"
      },
      {
        "type": "checkbox",
        "id": "cart_shipping_enable",
        "label": "Enable estimate shipping"
      },
      {
        "type": "checkbox",
        "id": "cart_coupon_enable",
        "label": "Enable Coupon"
      },
      {
        "type": "header",
        "content": "Gift wrap"
      },
      {
        "type": "checkbox",
        "id": "cart_gift_enable",
        "label": "Enable"
      },
      {
        "type": "product",
        "id": "cart_gift_product",
        "label": "Select product"
      },
      {
        "type": "header",
        "content": "Shipping bar"
      },
      {
        "type": "checkbox",
        "id": "shipping_bar",
        "label": "Enable",
        "default": true
      },
      {
        "type": "text",
        "id": "shipping_value",
        "label": "Minimum order value to be free shipping",
        "default": "500"
      },
      {
        "type": "paragraph",
        "content": "💡 [Setup your store shipping here](\/admin\/settings\/shipping)"
      },
      {
        "type": "url",
        "id": "terms_conditions",
        "label": "Terms & conditions url"
      },
      {
        "type": "header",
        "content": "Product recommendations"
      },
      {
        "type": "paragraph",
        "content": "Dynamic recommendations use order and product information to change and improve over time. [Learn more](https:\/\/shopify.dev\/themes\/product-merchandising\/recommendations)"
      },
      {
        "type": "checkbox",
        "id": "cart_product_recommendations",
        "label": "Show product recommendations",
        "default": true
      },
      {
        "type": "text",
        "id": "product_recommendations_title",
        "label": "Title",
        "default": "May you so like"
      },
      {
        "type": "range",
        "id": "products_to_show",
        "min": 1,
        "max": 12,
        "step": 1,
        "label": "Maximum products to show",
        "default": 4
      }
    ]
  },
  {
    "name": "Social media",
    "settings": [
      {
        "type": "header",
        "content": "Social accounts"
      },
      {
        "type": "text",
        "id": "social_twitter_link",
        "label": "Twitter",
        "info": "https:\/\/twitter.com\/shopify"
      },
      {
        "type": "text",
        "id": "social_facebook_link",
        "label": "Facebook",
        "info": "https:\/\/facebook.com\/shopify"
      },
      {
        "type": "text",
        "id": "social_pinterest_link",
        "label": "Pinterest",
        "info": "https:\/\/pinterest.com\/shopify"
      },
      {
        "type": "text",
        "id": "social_instagram_link",
        "label": "Instagram",
        "info": "http:\/\/instagram.com\/shopify"
      },
      {
        "type": "text",
        "id": "social_tiktok_link",
        "label": "TikTok",
        "info": "https:\/\/tiktok.com\/@shopify"
      },
      {
        "type": "text",
        "id": "social_tumblr_link",
        "label": "Tumblr",
        "info": "https:\/\/shopify.tumblr.com"
      },
      {
        "type": "text",
        "id": "social_snapchat_link",
        "label": "Snapchat",
        "info": "https:\/\/www.snapchat.com\/add\/shopify"
      },
      {
        "type": "text",
        "id": "social_youtube_link",
        "label": "YouTube",
        "info": "https:\/\/www.youtube.com\/shopify"
      },
      {
        "type": "text",
        "id": "social_vimeo_link",
        "label": "Vimeo",
        "info": "https:\/\/vimeo.com\/shopify"
      },
      {
        "type": "header",
        "content": "Sharing options"
      },
      {
        "type": "checkbox",
        "id": "share_facebook",
        "label": "Share on Facebook",
        "default": true
      },
      {
        "type": "checkbox",
        "id": "share_twitter",
        "label": "Tweet on Twitter",
        "default": true
      },
      {
        "type": "checkbox",
        "id": "share_pinterest",
        "label": "Pin on Pinterest",
        "default": true
      },
      {
        "type": "checkbox",
        "id": "share_linkedin",
        "label": "Share on linkedin",
        "default": true
      },
      {
        "type": "checkbox",
        "id": "share_email",
        "label": "Email to a Friend",
        "default": true
      }
    ]
  },
  {
    "name": "Product card",
    "settings": [
      {
        "type": "select",
        "id": "product_style",
        "options": [
          {
            "value": "style1",
            "label": "Style1"
          },
          {
            "value": "style2",
            "label": "style2"
          },
          {
            "value": "style3",
            "label": "style3"
          },
          {
            "value": "style4",
            "label": "style4"
          },
          {
            "value": "style5",
            "label": "style5"
          }
        ],
        "default": "style1",
        "label": "Product Grid style"
      },
      {
        "type": "select",
        "id": "image_ratio",
        "options": [
          {
            "value": "adapt",
            "label": "Adapt to image"
          },
          {
            "value": "portrait",
            "label": "Portrait"
          },
          {
            "value": "square",
            "label": "Square"
          }
        ],
        "default": "adapt",
        "label": "Image ratio"
      },
      {
        "type": "checkbox",
        "id": "crop",
        "label": "Crop Image",
        "default": false,
        "info": "Not use with Adapt to image"
      },
      {
        "type": "checkbox",
        "id": "show_secondary_image",
        "default": false,
        "label": "Show second image on hover"
      },
      {
        "type": "checkbox",
        "id": "product_card_review",
        "label": "Show review",
        "default": true
      },
      {
        "type": "select",
        "id": "product_card_review_style",
        "options": [
          {
            "value": "default",
            "label": "Default"
          },
          {
            "value": "compact",
            "label": "Compact"
          }
        ],
        "default": "default",
        "label": "Review style"
      },
      {
        "type": "checkbox",
        "id": "product_card_sale",
        "label": "Show label sale",
        "default": true
      },
      {
        "type": "checkbox",
        "id": "product_card_available",
        "label": "Show label available",
        "default": false
      },
      {
        "type": "checkbox",
        "id": "product_card_new",
        "label": "Show label new",
        "default": false
      },
      {
        "type": "checkbox",
        "id": "product_vendor_enable",
        "label": "Show product vendor",
        "default": true
      },
      {
        "type": "checkbox",
        "id": "product_card_shortdesc",
        "label": "Show short description",
        "default": false
      },
      {
        "type": "checkbox",
        "id": "product_card_addtocart",
        "label": "Show add to cart",
        "default": true
      },
      {
        "type": "checkbox",
        "id": "product_card_tax",
        "label": "Show tax",
        "default": false
      },
      {
        "type": "checkbox",
        "id": "product_card_wishlist",
        "label": "Show wishlist",
        "default": false
      },
      {
        "type": "checkbox",
        "id": "product_card_countdown",
        "label": "Show countdown",
        "default": false
      },
      {
        "type": "header",
        "content": "Color swatches"
      },
      {
        "type": "checkbox",
        "id": "product_card_swatch",
        "label": "Show color swatches",
        "default": false
      },
      {
        "type": "select",
        "id": "product_card_swatches_type",
        "label": "Color swatches type",
        "options": [
          {
            "value": "metafields",
            "label": "Use category metafields"
          },
          {
            "value": "variant",
            "label": "Use image variant"
          }
        ],
        "default": "metafields"
      }
    ]
  },
  {
    "name": "Color swatches",
    "settings": [
      {
        "type": "text",
        "id": "product_cart_swatch_label",
        "label": "Color swatches labels",
        "default": "color,colour,couleur,cor,colore,culoare,farbe,색,色,カラー,färg,farve,szín,barva",
        "info": "Write multiple option names (separated by commas) that you want to become color swatches."
      }
    ]
  },
  {
    "name": "t:settings_schema.badges.name",
    "settings": [
      {
        "type": "select",
        "id": "badge_position",
        "options": [
          {
            "value": "start",
            "label": "t:settings_schema.badges.settings.position.options__1.label"
          },
          {
            "value": "end",
            "label": "t:settings_schema.badges.settings.position.options__2.label"
          }
        ],
        "default": "start",
        "label": "t:settings_schema.badges.settings.position.label"
      },
      {
        "type": "color",
        "id": "new_badge_color",
        "label": "t:settings_schema.badges.settings.new_badge_color.label",
        "default": "#ffffff"
      },
      {
        "type": "color",
        "id": "new_badge_bg_color",
        "label": "t:settings_schema.badges.settings.new_badge_bg_color.label",
        "default": "#31b0d5"
      },
      {
        "type": "color",
        "id": "sale_badge_color",
        "label": "t:settings_schema.badges.settings.sale_badge_color.label",
        "default": "#ffffff"
      },
      {
        "type": "color",
        "id": "sale_badge_bg_color",
        "label": "t:settings_schema.badges.settings.sale_badge_bg_color.label",
        "default": "#e53939"
      },
      {
        "type": "select",
        "id": "sale_style",
        "options": [
          {
            "value": "text",
            "label": "t:settings_schema.badges.settings.sale_style.options__1.label"
          },
          {
            "value": "percent",
            "label": "t:settings_schema.badges.settings.sale_style.options__2.label"
          }
        ],
        "default": "text",
        "label": "t:settings_schema.badges.settings.sale_style.label"
      },
      {
        "type": "color",
        "id": "sold_out_badge_color",
        "label": "t:settings_schema.badges.settings.sold_out_badge_color.label",
        "default": "#222"
      },
      {
        "type": "color",
        "id": "sold_out_badge_bg_color",
        "label": "t:settings_schema.badges.settings.sold_out_badge_bg_color.label",
        "default": "#ffc107"
      },
      {
        "type": "color",
        "id": "pre_order_badge_color",
        "label": "t:settings_schema.badges.settings.pre_order_badge_color.label",
        "default": "#ffffff"
      },
      {
        "type": "color",
        "id": "pre_order_badge_bg_color",
        "label": "t:settings_schema.badges.settings.pre_order_badge_bg_color.label",
        "default": "#0dcaf0"
      }
    ]
  },
  {
    "name": "Sale code and newsletter pop-ups",
    "settings": [
      {
        "type": "select",
        "id": "saleCode_newsletter",
        "options": [
          {
            "value": "newsletter",
            "label": "Newsletter"
          },
          {
            "value": "saleCode",
            "label": "Sale code"
          },
          {
            "value": "handpicked",
            "label": "Handpicked"
          },
          {
            "value": "none",
            "label": "None"
          }
        ],
        "default": "newsletter",
        "label": "Popup show"
      },
      {
        "type": "text",
        "id": "newsletter_width",
        "label": "Max width on desktop",
        "default": "690px",
        "info": "Ex: 690px"
      },
      {
        "type": "text",
        "id": "newsletter_width_mobile",
        "label": "Max width on mobile",
        "default": "390px",
        "info": "Ex: 390px"
      },
      {
        "type": "color",
        "id": "newsletter_popup_color_bg",
        "label": "Color bg",
        "default": "#ffffff"
      },
      {
        "type": "header",
        "content": "Newsletter"
      },
      {
        "type": "image_picker",
        "id": "newsletter_popup_image",
        "label": "Banner",
        "info": "Default size: 255x420 pixels"
      },
      {
        "type": "text",
        "id": "newsletter_popup_title",
        "label": "Title"
      },
      {
        "type": "color",
        "id": "newsletter_title_color",
        "label": "Color"
      },
      {
        "type": "richtext",
        "id": "newsletter_sub_html",
        "label": "Subtitle"
      },
      {
        "type": "color",
        "id": "newsletter_html_color",
        "label": "Color"
      },
      {
        "type": "checkbox",
        "id": "newsletter_popup_mailchimp",
        "label": "Use mailchimp",
        "default": true
      },
      {
        "type": "text",
        "id": "newsletter_popup_form_action",
        "label": "MailChimp form action URL",
        "info": "[Where do I find my MailChimp form action URL?](http:\/\/velatheme.com\/guide\/velatheme\/homepage.html#sectionFour)"
      },
      {
        "type": "richtext",
        "id": "newsletter_desc_html",
        "label": "Description"
      },
      {
        "type": "color",
        "id": "newsletter_desc_color",
        "label": "Color"
      },
      {
        "type": "header",
        "content": "Sale code"
      },
      {
        "type": "image_picker",
        "id": "saleCode_image",
        "label": "Background Image",
        "info": "Default size: 410x580 pixels"
      },
      {
        "type": "color",
        "id": "saleCode_color_bg",
        "label": "Background Color",
        "default": "#ffffff"
      },
      {
        "type": "range",
        "id": "opacity",
        "label": "Opacity",
        "min": 0,
        "max": 100,
        "step": 1,
        "unit": "%",
        "default": 0
      },
      {
        "type": "text",
        "id": "saleCode_title",
        "label": "Title"
      },
      {
        "type": "color",
        "id": "saleCode_title_color",
        "label": "Color"
      },
      {
        "type": "text",
        "id": "saleCode_code",
        "label": "Discount code"
      },
      {
        "type": "richtext",
        "id": "saleCode_desc_html",
        "label": "description"
      },
      {
        "type": "color",
        "id": "saleCode_desc_color",
        "label": "Color"
      },
      {
        "type": "text",
        "id": "saleCode_button_label",
        "label": "Button text"
      },
      {
        "type": "header",
        "content": "Recommended product"
      },
      {
        "type": "text",
        "id": "saleCode_product_title",
        "label": "Product title",
        "default": "Recommended product"
      },
      {
        "type": "collection",
        "id": "saleCode_collection",
        "label": "Collection",
        "info": "Select the product list to display on the Sale code"
      },
      {
        "type": "range",
        "id": "saleCode_product_limit",
        "label": "Maximum products to show",
        "min": 0,
        "max": 10,
        "step": 1,
        "default": 3
      },
      {
        "type": "header",
        "content": "Handpicked"
      },
      {
        "type": "text",
        "id": "handpicked_product_title",
        "label": "Title",
        "default": "Can’t find what you’re looking for?"
      },
      {
        "type": "text",
        "id": "handpicked_product_subtitle",
        "label": "SubTitle",
        "default": "We have some handpicked items for you!"
      },
      {
        "type": "collection",
        "id": "handpicked_collection",
        "label": "Collection",
        "info": "Select the product list to display on the Sale code"
      },
      {
        "type": "range",
        "id": "handpicked_product_limit",
        "label": "Maximum products to show",
        "min": 0,
        "max": 10,
        "step": 1,
        "default": 3
      }
    ]
  },
  {
    "name": "Favicon",
    "settings": [
      {
        "type": "image_picker",
        "id": "favicon",
        "label": "Favicon image",
        "info": "Will be scaled down to 32 x 32px"
      }
    ]
  }
]
