{"current":{"color_primary":"#0c3b2e","color_secondary":"#2d2d2d","color_body_text":"#0c3b2e","color_text_light":"#8f8f94","color_body_bg":"#f4f4f1","color_headings":"#0c3b2e","color_border":"#dadbe0","color_menu_bg":"rgba(0,0,0,0)","color_menu_text":"#000000","color_menu_text_hover":"#0c3b2e","color_submenu_bg":"#ffffff","color_submenu_text":"#515167","color_submenu_text_hover":"#0c3b2e","color_btn":"#f5fffd","color_btn_border":"#0c3b2e","color_btn_bg":"#0c3b2e","color_btn_hover":"#0c3b2e","color_btn_hover_border":"#515167","color_btn_hover_bg":"#515167","type_body_font_select":"shopify_body_fonts","type_body_font":"open_sans_n4","type_body_google_font":"","type_body_google_font_name":"","type_base_size":15,"type_header_font_select":"shopify_header_fonts","type_header_font":"playfair_display_n9","type_header_google_font":"https:\/\/fonts.googleapis.com\/css2?family=DM+Serif+Display&display=swap","type_header_google_font_name":"'DM Serif Display'","type_header_base_size":22,"type_special_type":"google_fonts","type_special_link":"","type_special_font":"","type_menu_size":15,"type_menu_dropdown_size":15,"page_width":"","header_layout":"header1","footer_layout":"footer3","font_icon":true,"giftcard_logo":"shopify:\/\/shop_images\/Asset_2_db633c41-caf1-4bd2-9355-59c2bd0b42ea.png","product_reviews_enable":true,"product_wishlist":true,"pre-order":true,"scroll_to_top":false,"preloading":true,"trending_searches":"Wall-Mounted,Spotlight,Motion Sensor,Compact,Pathway,Ambient","predictive_search_enabled":true,"predictive_search_show_vendor":true,"predictive_search_show_review":true,"search_collection":"new-arrival-1","quickview_enable":true,"quickview_proshortdesc":true,"quickview_prosku":false,"quickview_availability":false,"quickview_protype":false,"quickview_tags":false,"quickview_vendor":true,"quickview_quantity_selector":"text","quickview_variant_selector":"radio","quickview_variant_color_enable":true,"quickview_swatches_type":"variant","quickview_text":"View full detail","quickadd_enable":true,"quickadd_prosku":false,"quickadd_availability":false,"quickadd_protype":false,"quickadd_vendor":false,"quickadd_quantity_selector":"text","quickadd_variant_selector":"radio","quickadd_variant_color_enable":true,"quickadd_swatches_type":"variant","outofstock_enable":true,"outofstock_modal_title":"Notify me when available","saleNotifi_enable":true,"collection_notification":"best-sellers","start_time":15,"start_time_unit":"second","stay_time":15,"user_purchased":"Nathan (Calinornia) | James (New York) | David (Ohio) | Jack (Monaco) | Lindan (California) | Grap (Texas) | Sabo (Florida) | Pain (Illinois) | Kakuzu (Washington) | Sukuna (Nevada)","time_suggest":"5 minutes ago | 10 minutes ago | 15 minutes ago | 20 minutes ago | 35 minutes ago | 50 minutes ago | 1 hours ago | 2 hours ago | 3 hours ago | 4 hours ago","animation_notification":"slide_inup","cart_type":"drawer","view_cart_button":true,"cart_notes_enable":true,"cart_shipping_enable":true,"cart_coupon_enable":true,"cart_gift_enable":true,"cart_gift_product":"","shipping_bar":false,"social_twitter_link":"https:\/\/twitter.com","social_facebook_link":"https:\/\/facebook.com","social_pinterest_link":"","social_instagram_link":"http:\/\/instagram.com","social_tiktok_link":"https:\/\/www.tiktok.com\/","social_tumblr_link":"","social_snapchat_link":"","social_youtube_link":"https:\/\/www.youtube.com\/","social_vimeo_link":"","product_style":"style4","image_ratio":"adapt","crop":false,"show_secondary_image":true,"product_card_review":true,"product_card_review_style":"default","product_card_sale":true,"product_card_available":true,"product_card_new":true,"product_vendor_enable":false,"product_card_shortdesc":false,"product_card_addtocart":true,"product_card_tax":false,"product_card_wishlist":true,"product_card_countdown":true,"product_card_swatch":false,"product_card_swatches_type":"metafields","product_cart_swatch_label":"color,color light,size,type,colour,couleur,kleur,cor,colore,culoare,farbe,색,色,カラー,färg,farve,szín,barva,filterbycolor","badge_position":"start","new_badge_color":"#0c3b2e","new_badge_bg_color":"#edece8","sale_badge_color":"#000000","sale_badge_bg_color":"#edece8","sale_style":"percent","sold_out_badge_color":"#7c99a9","sold_out_badge_bg_color":"#ffffff","pre_order_badge_color":"#0b73d3","pre_order_badge_bg_color":"#ffffff","saleCode_newsletter":"saleCode","newsletter_width":"830px","newsletter_width_mobile":"350px","newsletter_popup_color_bg":"#f4f4f1","newsletter_popup_image":"shopify:\/\/shop_images\/newsletter-popup-banner.jpg","newsletter_popup_title":"Sign Up - Big Save","newsletter_title_color":"#201f1f","newsletter_sub_html":"<p>Sign up for 10% of your first purchase and free shipping. Updates information on Sales nd Offers.<\/p>","newsletter_html_color":"#515167","newsletter_popup_mailchimp":false,"newsletter_popup_form_action":"","newsletter_desc_html":"<p>Your personal data will be used to support your experience throught this website and for other purposes described in our <a href=\"\/policies\/privacy-policy\" target=\"_blank\" title=\"Privacy Policy\">Privacy Policy<\/a><\/p>","newsletter_desc_color":"#7c99a9","saleCode_image":"shopify:\/\/shop_images\/UniversalUpscaler_1_9fe444a7-0def-4ab4-9fb2-805cd863382c.jpg","saleCode_color_bg":"rgba(0,0,0,0)","opacity":20,"saleCode_title":"Free design help on orders over $400","saleCode_title_color":"#f4f4f1","saleCode_code":"","saleCode_desc_html":"<p><br\/><\/p>","saleCode_desc_color":"rgba(0,0,0,0)","saleCode_button_label":"Claim my guide","saleCode_product_title":"Recommended product","saleCode_collection":"best-sellers","handpicked_collection":"best-sellers","handpicked_product_limit":5,"favicon":"shopify:\/\/shop_images\/fav-icon.gif","quickadd_variant_image_enable":false,"quickadd_variant_metafields":false,"quickview_variant_image_enable":true,"product_card_image_variant":false,"product_card_variant_metafields":true,"color_swatches_type":"variant_image","quickview_countdown":true,"color_vertical_menu_text":"#1b1f35","color_vertical_menu_text_hover":"#ff5630","color_vertical_submenu_text":"#6f7175","color_vertical_submenu_text_hover":"#5365c6","social_spotify_link":"https:\/\/open.spotify.com","discount_newsletter":"newsletter","newsletter_popup_enable":true,"newsletter_popup_html":"Sign up for 10% of your first purchase and free shipping. Updates information on Sales nd Offers.","newsletter_popup_form":true,"newsletter_popup_adv":true,"quickadd_tags":true,"product_card_tag":true,"pre-order-style":"nopopup","checkout_logo_image":"shopify:\/\/shop_images\/logo.svg","checkout_accent_color":"#54504f","checkout_button_color":"#161311","cookie_consent_enable":false,"color_footer_heading":"#ffffff","color_footer_text":"#adadad","color_footer_link":"#adadad","color_footer_link_hover":"#ffffff","color_footer_bg":"#222222","color_copyright_bg":"#222222","color_copyright":"#e4e2e2","end":"for FREE SHIPPING","shipping_calculator_heading":"Estimate Shipping","shipping_calculator_default_country":"United States","shipping_calculator_submit_button_label":"Estimate","color_header_text":"#333e48","color_header_bg":"#ffffff","breadcrumb_color":"#333e43","breadcrumb_heading_color":"#b11e22","breadcrumb_color_link":"#333e43","newsletter_popup_caption":"","newsletter_caption_color":"#333e43","newsletter_popup_subtitle":"ON YOUR NEXT PURCHASE","newsletter_subtitle_color":"#333e48","tyep_menu_dropdown_size":14,"free_shipping_value":400,"show_multiple_currencies":false,"currency_format":"money_format","sections":{"CardMartin":{"type":"CardMartin","blocks":{"service_block_Yh3jR4":{"type":"service_block","settings":{"service_image":"shopify:\/\/shop_images\/UniversalUpscaler_ff675652-bbe2-4bf6-bc51-91dcb9ef90c6.jpg","card_height":"140","card_radius":"1.5rem","image_width":"110px","text_spacing_y":"0.2rem","card_opacity":0.3,"card_shadow":"0 6px 20px rgba(0,0,0,0.08)","service_social_1_url":"https:\/\/www.instagram.com\/","service_social_1_icon":"shopify:\/\/shop_images\/instagram.png","service_social_2_url":"https:\/\/www.instagram.com\/","service_social_2_icon":"shopify:\/\/shop_images\/simbolo-de-la-aplicacion-de-facebook.png","service_social_3_url":"https:\/\/www.instagram.com\/","service_social_3_icon":"shopify:\/\/shop_images\/correo-electronico.png","service_social_4_url":"https:\/\/www.instagram.com\/","service_social_4_icon":"shopify:\/\/shop_images\/logotipo-grande-de-whatssapp.png","service_social_5_url":"","service_social_5_icon":"shopify:\/\/shop_images\/gorjeo.png","service_social_6_url":"https:\/\/www.instagram.com\/","service_social_6_icon":"shopify:\/\/shop_images\/mapas-y-banderas.png","service_social_7_url":"https:\/\/www.instagram.com\/","service_social_7_icon":"shopify:\/\/shop_images\/sitio-web.png"}},"service_block_WmYhnR":{"type":"service_block","settings":{"service_image":"shopify:\/\/shop_images\/assets_task_01jz7ff0p2fmas3kapybghfe3w_1751524199_img_1.webp","card_height":"140","card_radius":"1.5rem","image_width":"110px","text_spacing_y":"0.2rem","card_opacity":0.3,"card_shadow":"0 6px 20px rgba(0,0,0,0.08)","service_social_1_url":"https:\/\/www.instagram.com\/","service_social_1_icon":"shopify:\/\/shop_images\/instagram.png","service_social_2_url":"https:\/\/www.instagram.com\/","service_social_2_icon":"shopify:\/\/shop_images\/simbolo-de-la-aplicacion-de-facebook.png","service_social_3_url":"https:\/\/www.instagram.com\/","service_social_3_icon":"shopify:\/\/shop_images\/logotipo-grande-de-whatssapp.png","service_social_4_url":"https:\/\/www.instagram.com\/","service_social_4_icon":"shopify:\/\/shop_images\/tik-tok.png","service_social_5_url":"https:\/\/www.instagram.com\/","service_social_5_icon":"shopify:\/\/shop_images\/correo-electronico.png","service_social_6_url":"https:\/\/www.instagram.com\/","service_social_6_icon":"shopify:\/\/shop_images\/sitio-web.png","service_social_7_url":""}}},"block_order":["service_block_Yh3jR4","service_block_WmYhnR"],"settings":{"hero_main":"shopify:\/\/shop_images\/UniversalUpscaler_1_cf050daa-6a14-4777-85eb-2d5c42845c5c.jpg","hero_height":"560px","profile_avatar":"shopify:\/\/shop_images\/Screenshot_2025-07-14_111656.png","profile_avatar_size":"45px","profile_avatar_offset_y":"2rem","profile_bio_offset_y":"20rem","profile_username":"martin.architect","profile_tagline":"#SolarDesign · Personal Story","contact_vcf":"https:\/\/www.instagram.com\/","services_bg_color":"#f4f4f1","profile_social_1_url":"https:\/\/www.instagram.com\/","profile_social_1_icon":"shopify:\/\/shop_images\/instagram_1.png","profile_social_2_url":"https:\/\/www.instagram.com\/","profile_social_2_icon":"shopify:\/\/shop_images\/simbolo-de-la-aplicacion-de-facebook_1.png","profile_social_3_url":"https:\/\/www.instagram.com\/","profile_social_3_icon":"shopify:\/\/shop_images\/correo-electronico_1.png","profile_social_4_url":"https:\/\/www.instagram.com\/","profile_social_4_icon":"shopify:\/\/shop_images\/logotipo-grande-de-whatssapp_1.png","profile_social_5_url":"https:\/\/www.instagram.com\/","profile_social_5_icon":"shopify:\/\/shop_images\/gorjeo_1.png","profile_social_6_url":"https:\/\/www.instagram.com\/","profile_social_6_icon":"shopify:\/\/shop_images\/tik-tok_1.png","profile_social_7_url":""}}},"content_for_index":[],"blocks":{"1143683040400472741":{"type":"shopify:\/\/apps\/trustoo-io-reviews\/blocks\/trustoo-review-switch\/c8f15077-6475-4e86-ad06-b66038d5ba2c","disabled":false,"settings":{}},"15683396631634586217":{"type":"shopify:\/\/apps\/inbox\/blocks\/chat\/841fc607-4181-4ad1-842d-e24d7f8bad6b","disabled":false,"settings":{"button_color":"#0c3b2e","secondary_color":"#ffffff","ternary_color":"#6a6a6a","button_icon":"chat_bubble","button_text":"no_text","button_horizontal_position":"bottom_right","button_vertical_position":"lowest","greeting_message":""}},"13768625480086291342":{"type":"shopify:\/\/apps\/forms\/blocks\/forms\/8744a304-fcb1-4347-b211-bb6b4759a76a","disabled":false,"settings":{}},"9696655121035291526":{"type":"shopify:\/\/apps\/rapi\/blocks\/app-embed\/99617c17-a32b-4e70-a883-7a155610d032","disabled":false,"settings":{}},"6603664506335945664":{"type":"shopify:\/\/apps\/transtore\/blocks\/switcher_embed_block\/afeffe82-e563-4f78-90f4-f1e3d96286c3","disabled":true,"settings":{}},"6251270934270006384":{"type":"shopify:\/\/apps\/stape-server-gtm\/blocks\/gtm\/7e13c847-7971-409d-8fe0-29ec14d5f048","disabled":true,"settings":{}}}},"platform_customizations":{"custom_css":[]}}