{"sections":{"breadcrumb":{"type":"breadcrumb-page","settings":{"full_with":false,"max_with":"","margin_block":"","breadcrumb_title":"","enable_title":"alwary","breadcrumb_bg":"#ffffff","breadcrumb_color_heading":"#1f1f27","breadcrumb_color":"#1f1f27","breadcrumb_color_link":"#7c99a9","breadcrumb-height":"275px","breadcrumb-mheight":"175px","text-align":"center"}},"main":{"type":"main-account","settings":{"full_with":false,"max_with":"","color_bg":"rgba(0,0,0,0)","padding_block":"0 0 90px","padding_block_m":"0 0 60px","margin_block":""}},"wishlist":{"type":"wishlist","settings":{"full_with":false,"max_with":"","padding_block":"0 0 90px","padding_block_m":"0 0 60px","heading":"My Wishlist","sub_heading":"Mirum est notare quam littera gothica quam nunc putamus parum claram!"}},"product-viewed":{"type":"product-viewed","settings":{"full_with":false,"max_with":"","color_bg":"rgba(0,0,0,0)","padding_block":"0 0 90px","padding_block_m":"0 0 60px","margin_block":"","heading":"Recently Viewed","sub_heading":"Mirum est notare quam littera gothica quam nunc putamus parum claram!","layout":"carousel","products_to_show":6,"column1":5,"column2":3,"column3":1,"navigation":true,"pagination":false,"infinite":true,"autoplay":false,"autoplay_speed":"10000"}}},"order":["breadcrumb","main","wishlist","product-viewed"]}