{"sections":{"breadcrumb":{"type":"breadcrumb-page","disabled":true,"settings":{"full_with":false,"max_with":"","margin_block":"0 auto 30px","breadcrumb_title":"","enable_title":"alwary","breadcrumb_bg":"#ffffff","breadcrumb_color_heading":"#1f1f27","breadcrumb_color":"#1f1f27","breadcrumb_color_link":"#7c99a9","breadcrumb-height":"60px","breadcrumb-mheight":"60px","text-align":"center"}},"main":{"type":"main-404","settings":{"color_bg":"rgba(0,0,0,0)","padding_block":"60px 0","padding_block_m":"60px 0","margin_block":"","image":"shopify:\/\/shop_images\/page-404.png","sub_heading":"","heading":"Opps.","heading_font_size":72,"info":"The page you're looking for isn't available. Try to search again or use the go back button below.","search_form":false}}},"order":["breadcrumb","main"]}