{"sections":{"breadcrumb":{"type":"breadcrumb-blog","settings":{"full_with":false,"max_with":"","margin_block":"","bgimage":false,"enable_title":"none","breadcrumb_bg":"#ffffff","breadcrumb_color_heading":"#1f1f27","breadcrumb_color":"#1f1f27","breadcrumb_color_link":"#7c99a9","breadcrumb-height":"75px","breadcrumb-mheight":"75px","text-align":"start"}},"main":{"type":"main-article","blocks":{"6e61bae9-496c-4dab-b632-b7563bb755bb":{"type":"search","settings":{"search_title":"Search"}},"c953cc13-9ab8-406d-8b8e-753a2909bbac":{"type":"categories","settings":{"categories_title":"Categories","categories_handle":"categories"}},"9f3576e7-4ec1-46f1-aa8b-47eb58a1464b":{"type":"relatedarticles","settings":{"relatedarticles_title":"Popular Post","relatedarticles_image":true,"relatedarticles_limit":6}},"4eb27043-d755-4992-8fab-78a6a3f87290":{"type":"tags","settings":{"tags_title":"Tags","tags_limit":10}},"37b7f3c9-d9d3-4f28-88eb-b702038d66f2":{"type":"banner","settings":{"banner_url":"https:\/\/www.instagram.com\/","banner_img":"shopify:\/\/shop_images\/blog-banner.jpg"}}},"block_order":["6e61bae9-496c-4dab-b632-b7563bb755bb","c953cc13-9ab8-406d-8b8e-753a2909bbac","9f3576e7-4ec1-46f1-aa8b-47eb58a1464b","4eb27043-d755-4992-8fab-78a6a3f87290","37b7f3c9-d9d3-4f28-88eb-b702038d66f2"],"settings":{"full_with":false,"max_with":"","color_bg":"rgba(0,0,0,0)","padding_block":"0 0 90px","padding_block_m":"0 0 60px","margin_block":"","sidebar_template":"sidebarright","article_featuredimage":true,"article_meta":true,"article_tags":true,"article_sharing":true,"article_sharing_title":"Share:","article_nav":true}}},"order":["breadcrumb","main"]}