{"sections":{"breadcrumb":{"type":"breadcrumb-blog","settings":{"full_with":false,"max_with":"","margin_block":"","bgimage":false,"enable_title":"none","breadcrumb_bg":"#ffffff","breadcrumb_color_heading":"#1f1f27","breadcrumb_color":"#1f1f27","breadcrumb_color_link":"#7c99a9","breadcrumb-height":"75px","breadcrumb-mheight":"75px","text-align":"start"}},"three_blog_posts_W7jGLi":{"type":"three-blog-posts","settings":{"full_with":false,"max_with":"","color_bg":"rgba(0,0,0,0)","padding_block":"","padding_block_m":"","margin_block":"","blog_tags":true,"blog_tags_limit":2,"blog_date":true,"blog_author":true,"blog_excerp":false,"blog_readmore":false,"image_ratio":"adapt","crop":false,"article1":"news\/girl-with-curves-at-qvc-collection","article2":"news\/women-deserve-to-look-and-feel-beautiful","article3":"news\/how-to-stay-productive-while-working-from-home"}},"blog_posts1_rY3hCW":{"type":"blog-posts1","blocks":{"article_WVcbYa":{"type":"article","settings":{"article":"news\/inspiration-mamma-fashion"}},"article_jKymV9":{"type":"article","settings":{"article":""}}},"block_order":["article_WVcbYa","article_jKymV9"],"settings":{"full_with":false,"max_with":"","color_bg":"rgba(0,0,0,0)","padding_block":"","padding_block_m":"","margin_block":"","blog_tags":true,"blog_tags_limit":1,"blog_date":true,"blog_author":true,"blog_excerp":true,"blog_readmore":false,"image_ratio":"adapt","crop":true}},"blog-filter-tags":{"type":"main-blog-filter-tags","blocks":{"tag_URw9UF":{"type":"tag","settings":{"tag":"Fashion"}},"tag_UFMdAk":{"type":"tag","settings":{"tag":"Beauty"}},"tag_7DRAbT":{"type":"tag","settings":{"tag":"Culture"}},"tag_AnbERj":{"type":"tag","settings":{"tag":"Inspiration"}},"tag_gHgDEt":{"type":"tag","settings":{"tag":"Photography"}},"tag_wwNhhT":{"type":"tag","settings":{"tag":"Shopping"}}},"block_order":["tag_URw9UF","tag_UFMdAk","tag_7DRAbT","tag_AnbERj","tag_gHgDEt","tag_wwNhhT"],"settings":{"full_with":false,"max_with":"","color_bg":"rgba(0,0,0,0)","padding_block":"90px 0","padding_block_m":"60px 0","margin_block":""}},"main":{"type":"main-blog","blocks":{"6e61bae9-496c-4dab-b632-b7563bb755bb":{"type":"search","settings":{"search_title":"Search"}},"c953cc13-9ab8-406d-8b8e-753a2909bbac":{"type":"categories","settings":{"categories_title":"Categories","categories_handle":"categories"}},"9f3576e7-4ec1-46f1-aa8b-47eb58a1464b":{"type":"relatedarticles","settings":{"relatedarticles_title":"Popular Post","relatedarticles_image":true,"relatedarticles_limit":6}},"4eb27043-d755-4992-8fab-78a6a3f87290":{"type":"tags","settings":{"tags_title":"Tags","tags_limit":10}},"37b7f3c9-d9d3-4f28-88eb-b702038d66f2":{"type":"banner","settings":{"banner_url":"https:\/\/www.instagram.com\/","banner_img":"shopify:\/\/shop_images\/blog-banner.jpg"}}},"block_order":["6e61bae9-496c-4dab-b632-b7563bb755bb","c953cc13-9ab8-406d-8b8e-753a2909bbac","9f3576e7-4ec1-46f1-aa8b-47eb58a1464b","4eb27043-d755-4992-8fab-78a6a3f87290","37b7f3c9-d9d3-4f28-88eb-b702038d66f2"],"settings":{"full_with":false,"max_with":"","color_bg":"rgba(0,0,0,0)","padding_block":"90px 0","padding_block_m":"60px 0","margin_block":"","sidebar_template":"sidebarnone","limit":6,"item-per-row":3,"blog_style":"list","blog_title":false,"blog_tags":true,"blog_tags_limit":2,"blog_date":true,"blog_author":true,"blog_excerp":true,"blog_readmore":false,"image_ratio":"adapt","crop":false}}},"order":["breadcrumb","three_blog_posts_W7jGLi","blog_posts1_rY3hCW","blog-filter-tags","main"]}