{"sections":{"breadcrumb":{"type":"breadcrumb-page","settings":{"full_with":false,"max_with":"","margin_block":"","breadcrumb_title":"Your Cart","enable_title":"alwary","breadcrumb_bg":"#ffffff","breadcrumb_color_heading":"#1f1f27","breadcrumb_color":"#1f1f27","breadcrumb_color_link":"#7c99a9","breadcrumb-height":"60px","breadcrumb-mheight":"60px","text-align":"center"}},"cart-template":{"type":"main-cart","settings":{"full_with":false,"max_with":"","color_bg":"rgba(0,0,0,0)","padding_block":"90px 0","padding_block_m":"50px 0","margin_block":"","show_heading":false,"show_vendor":true,"payment_logo":"shopify:\/\/shop_images\/payment-logo.png"}},"product-viewed":{"type":"product-viewed","settings":{"full_with":false,"max_with":"","color_bg":"rgba(0,0,0,0)","padding_block":"0 0 90px","padding_block_m":"0 0 60px","margin_block":"","heading":"Recently Viewed","sub_heading":"Explore your recently viewed items, blending quality and style for a refined living experience.","layout":"carousel","products_to_show":8,"column1":5,"column2":3,"column3":2,"navigation":true,"pagination":false,"infinite":true,"autoplay":false,"autoplay_speed":"10000","slide_variableWidth":false}}},"order":["breadcrumb","cart-template","product-viewed"]}