{"sections":{"breadcrumb":{"type":"breadcrumb-collections","blocks":{"item_JxMKgw":{"type":"item","settings":{"title":"","collection":"denim","bgimage":"shopify:\/\/shop_images\/shop-banner1.jpg"}},"item_HVNPAF":{"type":"item","settings":{"title":"","collection":"swimwear","bgimage":"shopify:\/\/shop_images\/shop-breadcrumb-bg1.jpg"}},"item_kYTHiC":{"type":"item","settings":{"title":"","collection":"active","bgimage":"shopify:\/\/shop_images\/shop-breadcrumb-bg1.jpg"}},"item_hHPrYp":{"type":"item","settings":{"title":"","collection":"pajamas","bgimage":"shopify:\/\/shop_images\/shop-banner1.jpg"}},"item_wNNkKV":{"type":"item","settings":{"title":"","collection":"accessories","bgimage":"shopify:\/\/shop_images\/shop-breadcrumb-bg1.jpg"}}},"block_order":["item_JxMKgw","item_HVNPAF","item_kYTHiC","item_hHPrYp","item_wNNkKV"],"settings":{"full_with":false,"max_with":"","margin_block":"","bgimage":false,"image":"shopify:\/\/shop_images\/shop-breadcrumb-bg.jpg","enable_title":"alwary","breadcrumb_bg":"#f7f5f8","breadcrumb_color_heading":"#1f1f27","breadcrumb_color":"#1f1f27","breadcrumb_color_link":"#7c99a9","breadcrumb-height":"320px","breadcrumb-mheight":"175px","text-align":"center"}},"sublistcollection":{"type":"main-collections-subcollection","blocks":{"collection_YqUn37":{"type":"collection","settings":{"parent_handle":"","heading":"","collection_title1":"Active","collection_image1":"shopify:\/\/shop_images\/shop-col11.webp","collection_handle1":"active","collection_title2":"Denim","collection_image2":"shopify:\/\/shop_images\/shop-col12.webp","collection_handle2":"denim","collection_title3":"Blazers","collection_image3":"shopify:\/\/shop_images\/shop-col13.webp","collection_handle3":"blazers","collection_title4":"Skirts","collection_image4":"shopify:\/\/shop_images\/shop-col14.webp","collection_handle4":"skirts","collection_title5":"Pajamas","collection_image5":"shopify:\/\/shop_images\/shop-col15.webp","collection_handle5":"pajamas","collection_title6":"Swimwear","collection_image6":"shopify:\/\/shop_images\/shop-col16.webp","collection_handle6":"swimwear","collection_title7":"Accessories","collection_image7":"shopify:\/\/shop_images\/shop-col17.webp","collection_handle7":"accessories","collection_title8":"","collection_handle8":"","collection_title9":"","collection_handle9":"","collection_title10":"","collection_handle10":""}},"collection_4WXXC8":{"type":"collection","settings":{"parent_handle":"active","heading":"","collection_title1":"","collection_handle1":"","collection_title2":"Denim","collection_image2":"shopify:\/\/shop_images\/shop-col12.webp","collection_handle2":"denim","collection_title3":"Blazers","collection_image3":"shopify:\/\/shop_images\/shop-col13.webp","collection_handle3":"blazers","collection_title4":"Skirts","collection_image4":"shopify:\/\/shop_images\/shop-col14.webp","collection_handle4":"skirts","collection_title5":"Pajamas","collection_image5":"shopify:\/\/shop_images\/shop-col15.webp","collection_handle5":"pajamas","collection_title6":"Swimwear","collection_image6":"shopify:\/\/shop_images\/shop-col16.webp","collection_handle6":"swimwear","collection_title7":"Accessories","collection_image7":"shopify:\/\/shop_images\/shop-col17.webp","collection_handle7":"accessories","collection_title8":"","collection_handle8":"","collection_title9":"","collection_handle9":"","collection_title10":"","collection_handle10":""}},"collection_G6y6Pp":{"type":"collection","settings":{"parent_handle":"denim","heading":"","collection_title1":"Active","collection_image1":"shopify:\/\/shop_images\/shop-col11.webp","collection_handle1":"active","collection_title2":"","collection_handle2":"","collection_title3":"Blazers","collection_image3":"shopify:\/\/shop_images\/shop-col13.webp","collection_handle3":"blazers","collection_title4":"Skirts","collection_image4":"shopify:\/\/shop_images\/shop-col14.webp","collection_handle4":"skirts","collection_title5":"Pajamas","collection_image5":"shopify:\/\/shop_images\/shop-col15.webp","collection_handle5":"pajamas","collection_title6":"Swimwear","collection_image6":"shopify:\/\/shop_images\/shop-col16.webp","collection_handle6":"swimwear","collection_title7":"Accessories","collection_image7":"shopify:\/\/shop_images\/shop-col17.webp","collection_handle7":"accessories","collection_title8":"","collection_handle8":"","collection_title9":"","collection_handle9":"","collection_title10":"","collection_handle10":""}},"collection_WLRddY":{"type":"collection","settings":{"parent_handle":"blazers","heading":"","collection_title1":"Active","collection_image1":"shopify:\/\/shop_images\/shop-col11.webp","collection_handle1":"active","collection_title2":"Denim","collection_image2":"shopify:\/\/shop_images\/shop-col12.webp","collection_handle2":"denim","collection_title3":"","collection_handle3":"","collection_title4":"Skirts","collection_image4":"shopify:\/\/shop_images\/shop-col14.webp","collection_handle4":"skirts","collection_title5":"Pajamas","collection_image5":"shopify:\/\/shop_images\/shop-col15.webp","collection_handle5":"pajamas","collection_title6":"Swimwear","collection_image6":"shopify:\/\/shop_images\/shop-col16.webp","collection_handle6":"swimwear","collection_title7":"Accessories","collection_image7":"shopify:\/\/shop_images\/shop-col17.webp","collection_handle7":"accessories","collection_title8":"","collection_handle8":"","collection_title9":"","collection_handle9":"","collection_title10":"","collection_handle10":""}},"collection_PdTdXR":{"type":"collection","settings":{"parent_handle":"skirts","heading":"","collection_title1":"Active","collection_image1":"shopify:\/\/shop_images\/shop-col11.webp","collection_handle1":"active","collection_title2":"Denim","collection_image2":"shopify:\/\/shop_images\/shop-col12.webp","collection_handle2":"denim","collection_title3":"Blazers","collection_image3":"shopify:\/\/shop_images\/shop-col13.webp","collection_handle3":"blazers","collection_title4":"","collection_handle4":"","collection_title5":"Pajamas","collection_image5":"shopify:\/\/shop_images\/shop-col15.webp","collection_handle5":"pajamas","collection_title6":"Swimwear","collection_image6":"shopify:\/\/shop_images\/shop-col16.webp","collection_handle6":"swimwear","collection_title7":"Accessories","collection_image7":"shopify:\/\/shop_images\/shop-col17.webp","collection_handle7":"accessories","collection_title8":"","collection_handle8":"","collection_title9":"","collection_handle9":"","collection_title10":"","collection_handle10":""}}},"block_order":["collection_YqUn37","collection_4WXXC8","collection_G6y6Pp","collection_WLRddY","collection_PdTdXR"],"settings":{"full_with":false,"max_with":"","color_bg":"rgba(0,0,0,0)","padding_block":"","padding_block_m":"","margin_block":"","collection_count":false,"layout":"carousel","space_between":"5","column1":6,"column2":3,"column3":2,"collection_style":"style1","slide_variableWidth":false,"navigation":true,"pagination":false,"infinite":true,"autoplay":false,"autoplay_speed":"10000"}},"product-grid":{"type":"main-collection-product-grid","blocks":{"bab3e1d7-85ae-4248-a305-180408ec2190":{"type":"categories","settings":{"categories_title":"Product Categories","categories_handle":"product-categories","categories_count":false}},"11e379ad-52c7-4ce0-be64-822d4713d593":{"type":"filter","settings":{"filter_style":"filter_inline","filter_count":false}}},"block_order":["bab3e1d7-85ae-4248-a305-180408ec2190","11e379ad-52c7-4ce0-be64-822d4713d593"],"settings":{"full_with":false,"max_with":"","color_bg":"rgba(0,0,0,0)","padding_block":"70px 0","padding_block_m":"50px 0","sidebar_template":"sidebarpopup","product_style":"grid","products_per_page":8,"products_ditem_per_row":4,"products_titem_per_row":3,"products_mitem_per_row":2,"loadmore":true,"sticky-top":false}}},"order":["breadcrumb","sublistcollection","product-grid"]}