{"sections":{"breadcrumb":{"type":"breadcrumb-collections","settings":{"full_with":false,"max_with":"","margin_block":"","bgimage":false,"enable_title":"none","breadcrumb_bg":"#ffffff","breadcrumb_color_heading":"#1f1f27","breadcrumb_color":"#1f1f27","breadcrumb_color_link":"#7c99a9","breadcrumb-height":"75px","breadcrumb-mheight":"75px","text-align":"start"}},"background_parallax_NP3Kg4":{"type":"background-parallax","blocks":{"text_TQCp6X":{"type":"text","settings":{"text":"Aceno","text_style":"h3","font-weight":"fw-normal","text_color_desktop":"#1f1f27","text_font_size_desktop":36,"margin_desktop":"0 0 10px","text_font_size_tablet":36,"margin_tablet":"","text_font_size_mobile":28,"margin_mobile":""}},"text_GUcFVj":{"type":"text","settings":{"text":"Fashion inspired by where we're from — the sunny shores of California.","text_style":"text","font-weight":"fw-normal","text_color_desktop":"#1f1f27","text_font_size_desktop":15,"margin_desktop":"","text_font_size_tablet":15,"margin_tablet":"","text_font_size_mobile":15,"margin_mobile":""}}},"block_order":["text_TQCp6X","text_GUcFVj"],"disabled":true,"settings":{"full_with":false,"max_with":"","color_bg":"rgba(0,0,0,0)","image_bg":"shopify:\/\/shop_images\/shop-banner1.jpg","image_bg_parallax":true,"padding_block":"80px 0","padding_block_m":"60px 46px","margin_block_d":"","margin_block_m":"","border_radius1":"rounded-0","content_align":"center","text_align":"center","content_max_with":"360px","padding_content":"35px 20px 40px","padding_content_m":"32px 20px","content_color_bg":"#eff0f2","border_radius":"rounded-3","opacity":100}},"sublistcollection":{"type":"main-collections-subcollection","blocks":{"collection_YqUn37":{"type":"collection","settings":{"parent_handle":"","heading":"","collection_title1":"Active","collection_image1":"shopify:\/\/shop_images\/shop-col10.jpg","collection_handle1":"modern","collection_title2":"Denim","collection_image2":"shopify:\/\/shop_images\/shop-col6.jpg","collection_handle2":"women","collection_title3":"Blazers","collection_image3":"shopify:\/\/shop_images\/shop-col7.jpg","collection_handle3":"frontpage","collection_title4":"Skirts","collection_image4":"shopify:\/\/shop_images\/shop-col8.jpg","collection_handle4":"men","collection_title5":"Pajamas","collection_image5":"shopify:\/\/shop_images\/shop-col9.jpg","collection_handle5":"frontpage","collection_title6":"","collection_handle6":"","collection_title7":"","collection_handle7":"","collection_title8":"","collection_handle8":"","collection_title9":"","collection_handle9":"","collection_title10":"","collection_handle10":""}},"collection_4WXXC8":{"type":"collection","settings":{"parent_handle":"women","heading":"","collection_title1":"Jeans","collection_image1":"shopify:\/\/shop_images\/shop-col1.png","collection_handle1":"frontpage","collection_title2":"Dresses","collection_image2":"shopify:\/\/shop_images\/shop-col2.png","collection_handle2":"frontpage","collection_title3":"T-shirts & Tops","collection_image3":"shopify:\/\/shop_images\/shop-col3.png","collection_handle3":"women","collection_title4":"Skirts & Shorts","collection_image4":"shopify:\/\/shop_images\/shop-col4.png","collection_handle4":"modern","collection_title5":"Shoes","collection_image5":"shopify:\/\/shop_images\/shop-col5.png","collection_handle5":"men","collection_title6":"","collection_handle6":"","collection_title7":"","collection_handle7":"","collection_title8":"","collection_handle8":"","collection_title9":"","collection_handle9":"","collection_title10":"","collection_handle10":""}},"collection_G6y6Pp":{"type":"collection","settings":{"parent_handle":"accessories","heading":"","collection_title1":"Shoes","collection_image1":"shopify:\/\/shop_images\/shop-col5.png","collection_handle1":"modern","collection_title2":"","collection_handle2":"","collection_title3":"","collection_handle3":"","collection_title4":"","collection_handle4":"","collection_title5":"","collection_handle5":"","collection_title6":"","collection_handle6":"","collection_title7":"","collection_handle7":"","collection_title8":"","collection_handle8":"","collection_title9":"","collection_handle9":"","collection_title10":"","collection_handle10":""}},"collection_WLRddY":{"type":"collection","settings":{"parent_handle":"modern","heading":"","collection_title1":"Active","collection_image1":"shopify:\/\/shop_images\/shop-col10.jpg","collection_handle1":"women","collection_title2":"Denim","collection_image2":"shopify:\/\/shop_images\/shop-col6.jpg","collection_handle2":"men","collection_title3":"T-shirts & Tops","collection_image3":"shopify:\/\/shop_images\/shop-col3.png","collection_handle3":"women","collection_title4":"Skirts & Shorts","collection_image4":"shopify:\/\/shop_images\/shop-col4.png","collection_handle4":"frontpage","collection_title5":"","collection_handle5":"","collection_title6":"","collection_handle6":"","collection_title7":"","collection_handle7":"","collection_title8":"","collection_handle8":"","collection_title9":"","collection_handle9":"","collection_title10":"","collection_handle10":""}},"collection_PdTdXR":{"type":"collection","settings":{"parent_handle":"frontpage","heading":"","collection_title1":"Active","collection_image1":"shopify:\/\/shop_images\/shop-col10.jpg","collection_handle1":"modern","collection_title2":"Denim","collection_image2":"shopify:\/\/shop_images\/shop-col6.jpg","collection_handle2":"women","collection_title3":"Blazers","collection_image3":"shopify:\/\/shop_images\/shop-col7.jpg","collection_handle3":"frontpage","collection_title4":"Skirts","collection_image4":"shopify:\/\/shop_images\/shop-col8.jpg","collection_handle4":"men","collection_title5":"Pajamas","collection_image5":"shopify:\/\/shop_images\/shop-col9.jpg","collection_handle5":"frontpage","collection_title6":"","collection_handle6":"","collection_title7":"","collection_handle7":"","collection_title8":"","collection_handle8":"","collection_title9":"","collection_handle9":"","collection_title10":"","collection_handle10":""}}},"block_order":["collection_YqUn37","collection_4WXXC8","collection_G6y6Pp","collection_WLRddY","collection_PdTdXR"],"disabled":true,"settings":{"full_with":false,"max_with":"","color_bg":"rgba(0,0,0,0)","padding_block":"","padding_block_m":"","margin_block":"","collection_count":true,"layout":"grid","space_between":"4","column1":4,"column2":3,"column3":2,"collection_style":"style1"}},"multi_image_with_text_wepw39":{"type":"multi-image-with-text","blocks":{"feature_item_ahT6bG":{"type":"feature_item","settings":{"width_desk":50,"width_tablet":100,"width_mobile":100,"item_padding":"20px 20px 20px 42%","item_padding_m":"10px 10px 10px 40%","content_bg_color":"rgba(0,0,0,0)","text_align":"text-start align-items-center","banner_position":"over","banner":"shopify:\/\/shop_images\/shop-banner3.jpg","subtitle":"<span class=\"fw-semibold text-uppercase\">Hurry Up! Sale 50%<\/span>","heading_subcolor":"#515167","heading_sub_size":13,"heading_sub_size_m":12,"heading_sub_margin":"0 0 10px","heading_sub_margin_m":"0 0 5px","title":"Top Trends Style","heading_color":"#1f1f27","heading_size":34,"heading_size_m":24,"heading_margin":"","heading_margin_m":"","content":"In-store and online. Hurry Up! Limited time offer.","text_color":"#707088","text_size":15,"text_size_m":13,"text_margin":"20px 0 40px","text_margin_m":"8px 0 16px","button":"Shop now","button_url":"shopify:\/\/collections\/active","button_color":"#ffffff","button_border_color":"#1f1f27","button_width":"1px","border_radius":"rounded-pill","button_bg_color":"#1f1f27","button_size":16,"button_size_m":14,"button_padding":"8px 30px","button_padding_m":"6px 18px"}},"feature_item_f3p4kL":{"type":"feature_item","settings":{"width_desk":50,"width_tablet":100,"width_mobile":100,"item_padding":"20px 20px 20px 42%","item_padding_m":"10px 10px 10px 40%","content_bg_color":"rgba(0,0,0,0)","text_align":"text-start align-items-center","banner_position":"over","banner":"shopify:\/\/shop_images\/shop-banner4.jpg","subtitle":"<span class=\"fw-semibold text-uppercase\">Active Sportswear<\/span>","heading_subcolor":"#515167","heading_sub_size":13,"heading_sub_size_m":12,"heading_sub_margin":"0 0 10px","heading_sub_margin_m":"0 0 5px","title":"Trending Essentials","heading_color":"#1f1f27","heading_size":34,"heading_size_m":24,"heading_margin":"","heading_margin_m":"","content":"In-store and online. Hurry Up! Limited time offer.","text_color":"#707088","text_size":15,"text_size_m":13,"text_margin":"20px 0 40px","text_margin_m":"8px 0 16px","button":"Shop now","button_url":"shopify:\/\/collections\/denim","button_color":"#ffffff","button_border_color":"#1f1f27","button_width":"1px","border_radius":"rounded-pill","button_bg_color":"#1f1f27","button_size":16,"button_size_m":14,"button_padding":"8px 30px","button_padding_m":"6px 18px"}}},"block_order":["feature_item_ahT6bG","feature_item_f3p4kL"],"settings":{"full_with":false,"max_with":"","color_bg":"rgba(0,0,0,0)","padding_block":"","padding_block_m":"","margin_block":"","heading":"","sub_heading":"","text_align":"text-start","layout":"grid","space_between":30,"space_between_m":16,"column1":4,"column2":3,"column3":2,"effect_show":true,"slide_variableWidth":false,"navigation":true,"pagination":false,"infinite":true,"autoplay":false,"autoplay_speed":"10000"}},"product-grid":{"type":"main-collection-product-grid","blocks":{"bab3e1d7-85ae-4248-a305-180408ec2190":{"type":"categories","settings":{"categories_title":"Product Categories","categories_handle":"product-categories","categories_count":false}},"11e379ad-52c7-4ce0-be64-822d4713d593":{"type":"filter","settings":{"filter_style":"filter_inline","filter_count":false}}},"block_order":["bab3e1d7-85ae-4248-a305-180408ec2190","11e379ad-52c7-4ce0-be64-822d4713d593"],"settings":{"full_with":false,"max_with":"","color_bg":"rgba(0,0,0,0)","padding_block":"70px 0","padding_block_m":"50px 0","sidebar_template":"sidebartop","product_style":"grid","products_per_page":36,"products_ditem_per_row":4,"products_titem_per_row":3,"products_mitem_per_row":2,"loadmore":false,"sticky-top":false}}},"order":["breadcrumb","background_parallax_NP3Kg4","sublistcollection","multi_image_with_text_wepw39","product-grid"]}