{
  "sections": {
    "breadcrumb": {
      "type": "breadcrumb-collections",
      "disabled": true,
      "settings": {
        "full_with": false,
        "max_with": "",
        "margin_block": "",
        "bgimage": false,
        "image": "shopify:\/\/shop_images\/shop-breadcrumb-bg.jpg",
        "enable_title": "alwary",
        "breadcrumb_bg": "#f7f5f8",
        "breadcrumb_color_heading": "#1f1f27",
        "breadcrumb_color": "#1f1f27",
        "breadcrumb_color_link": "#7c99a9",
        "breadcrumb-height": "320px",
        "breadcrumb-mheight": "175px",
        "text-align": "center"
      }
    },
    "main_collection_hero_C9YKWp": {
      "type": "main-collection-hero",
      "blocks": {
        "collection_CT4CyD": {
          "type": "collection",
          "settings": {
            "parent_handle": "swimwear",
            "title": "",
            "desc": "",
            "image": "shopify:\/\/shop_images\/shop-breadcrumb-bg1.jpg"
          }
        },
        "collection_BYczA9": {
          "type": "collection",
          "settings": {
            "parent_handle": "blazers",
            "title": "",
            "desc": "",
            "image": "shopify:\/\/shop_images\/shop-breadcrumb-bg.jpg"
          }
        },
        "collection_rAEB6r": {
          "type": "collection",
          "settings": {
            "parent_handle": "accessories",
            "title": "",
            "desc": "",
            "image": "shopify:\/\/shop_images\/shop-breadcrumb-bg1.jpg"
          }
        },
        "collection_Q6XxC8": {
          "type": "collection",
          "settings": {
            "parent_handle": "skirts",
            "title": "",
            "desc": "",
            "image": "shopify:\/\/shop_images\/shop-breadcrumb-bg.jpg"
          }
        }
      },
      "block_order": [
        "collection_CT4CyD",
        "collection_BYczA9",
        "collection_rAEB6r",
        "collection_Q6XxC8"
      ],
      "settings": {
        "full_with": false,
        "max_with": "",
        "color_bg": "rgba(0,0,0,0)",
        "padding_block": "64px  30px",
        "padding_block_m": "60px 16px",
        "margin_block_d": "",
        "margin_block_m": "",
        "desc": "Fashion inspired by where we're from - the sunny shores of California",
        "image": "shopify:\/\/shop_images\/shop-banner1.jpg",
        "image_bg_parallax": true,
        "content_max_with": "390px",
        "padding_content": "44px 24px 46px",
        "padding_content_m": "20px",
        "content_color_bg": "#ffffff",
        "opacity": 50
      }
    },
    "sublistcollection": {
      "type": "main-collections-subcollection",
      "blocks": {
        "collection_YqUn37": {
          "type": "collection",
          "settings": {
            "parent_handle": "",
            "heading": "",
            "collection_title1": "Active",
            "collection_image1": "shopify:\/\/shop_images\/h4-col1.webp",
            "collection_handle1": "active",
            "collection_title2": "Denim",
            "collection_image2": "shopify:\/\/shop_images\/h4-col2.webp",
            "collection_handle2": "denim",
            "collection_title3": "Blazers",
            "collection_image3": "shopify:\/\/shop_images\/h4-col3.webp",
            "collection_handle3": "blazers",
            "collection_title4": "Skirts",
            "collection_image4": "shopify:\/\/shop_images\/h4-col4.webp",
            "collection_handle4": "skirts",
            "collection_title5": "Pajamas",
            "collection_image5": "shopify:\/\/shop_images\/h4-col5.webp",
            "collection_handle5": "pajamas",
            "collection_title6": "Swimwear",
            "collection_image6": "shopify:\/\/shop_images\/h4-col6.webp",
            "collection_handle6": "swimwear",
            "collection_title7": "Accessories",
            "collection_image7": "shopify:\/\/shop_images\/h4-col7.webp",
            "collection_handle7": "accessories",
            "collection_title8": "",
            "collection_handle8": "",
            "collection_title9": "",
            "collection_handle9": "",
            "collection_title10": "",
            "collection_handle10": ""
          }
        },
        "collection_4WXXC8": {
          "type": "collection",
          "settings": {
            "parent_handle": "active",
            "heading": "",
            "collection_title1": "",
            "collection_handle1": "",
            "collection_title2": "Denim",
            "collection_image2": "shopify:\/\/shop_images\/h4-col2.webp",
            "collection_handle2": "denim",
            "collection_title3": "Blazers",
            "collection_image3": "shopify:\/\/shop_images\/h4-col3.webp",
            "collection_handle3": "blazers",
            "collection_title4": "Skirts",
            "collection_image4": "shopify:\/\/shop_images\/h4-col4.webp",
            "collection_handle4": "skirts",
            "collection_title5": "Pajamas",
            "collection_image5": "shopify:\/\/shop_images\/h4-col5.webp",
            "collection_handle5": "pajamas",
            "collection_title6": "Swimwear",
            "collection_image6": "shopify:\/\/shop_images\/h4-col6.webp",
            "collection_handle6": "swimwear",
            "collection_title7": "Accessories",
            "collection_image7": "shopify:\/\/shop_images\/h4-col7.webp",
            "collection_handle7": "accessories",
            "collection_title8": "",
            "collection_handle8": "",
            "collection_title9": "",
            "collection_handle9": "",
            "collection_title10": "",
            "collection_handle10": ""
          }
        },
        "collection_G6y6Pp": {
          "type": "collection",
          "settings": {
            "parent_handle": "denim",
            "heading": "",
            "collection_title1": "Active",
            "collection_image1": "shopify:\/\/shop_images\/h4-col1.webp",
            "collection_handle1": "active",
            "collection_title2": "",
            "collection_handle2": "",
            "collection_title3": "Blazers",
            "collection_image3": "shopify:\/\/shop_images\/h4-col3.webp",
            "collection_handle3": "blazers",
            "collection_title4": "Skirts",
            "collection_image4": "shopify:\/\/shop_images\/h4-col4.webp",
            "collection_handle4": "skirts",
            "collection_title5": "Pajamas",
            "collection_image5": "shopify:\/\/shop_images\/h4-col5.webp",
            "collection_handle5": "pajamas",
            "collection_title6": "Swimwear",
            "collection_image6": "shopify:\/\/shop_images\/h4-col6.webp",
            "collection_handle6": "swimwear",
            "collection_title7": "Accessories",
            "collection_image7": "shopify:\/\/shop_images\/h4-col7.webp",
            "collection_handle7": "accessories",
            "collection_title8": "",
            "collection_handle8": "",
            "collection_title9": "",
            "collection_handle9": "",
            "collection_title10": "",
            "collection_handle10": ""
          }
        },
        "collection_WLRddY": {
          "type": "collection",
          "settings": {
            "parent_handle": "blazers",
            "heading": "",
            "collection_title1": "Active",
            "collection_image1": "shopify:\/\/shop_images\/h4-col1.webp",
            "collection_handle1": "active",
            "collection_title2": "Denim",
            "collection_image2": "shopify:\/\/shop_images\/h4-col2.webp",
            "collection_handle2": "denim",
            "collection_title3": "",
            "collection_handle3": "",
            "collection_title4": "Skirts",
            "collection_image4": "shopify:\/\/shop_images\/h4-col4.webp",
            "collection_handle4": "skirts",
            "collection_title5": "Pajamas",
            "collection_image5": "shopify:\/\/shop_images\/h4-col5.webp",
            "collection_handle5": "pajamas",
            "collection_title6": "Swimwear",
            "collection_image6": "shopify:\/\/shop_images\/h4-col6.webp",
            "collection_handle6": "swimwear",
            "collection_title7": "Accessories",
            "collection_image7": "shopify:\/\/shop_images\/h4-col7.webp",
            "collection_handle7": "accessories",
            "collection_title8": "",
            "collection_handle8": "",
            "collection_title9": "",
            "collection_handle9": "",
            "collection_title10": "",
            "collection_handle10": ""
          }
        },
        "collection_PdTdXR": {
          "type": "collection",
          "settings": {
            "parent_handle": "skirts",
            "heading": "",
            "collection_title1": "Active",
            "collection_image1": "shopify:\/\/shop_images\/h4-col1.webp",
            "collection_handle1": "active",
            "collection_title2": "Denim",
            "collection_image2": "shopify:\/\/shop_images\/h4-col2.webp",
            "collection_handle2": "denim",
            "collection_title3": "Blazers",
            "collection_image3": "shopify:\/\/shop_images\/h4-col3.webp",
            "collection_handle3": "blazers",
            "collection_title4": "",
            "collection_handle4": "",
            "collection_title5": "Pajamas",
            "collection_image5": "shopify:\/\/shop_images\/h4-col5.webp",
            "collection_handle5": "pajamas",
            "collection_title6": "Swimwear",
            "collection_image6": "shopify:\/\/shop_images\/h4-col6.webp",
            "collection_handle6": "swimwear",
            "collection_title7": "Accessories",
            "collection_image7": "shopify:\/\/shop_images\/h4-col7.webp",
            "collection_handle7": "accessories",
            "collection_title8": "",
            "collection_handle8": "",
            "collection_title9": "",
            "collection_handle9": "",
            "collection_title10": "",
            "collection_handle10": ""
          }
        }
      },
      "block_order": [
        "collection_YqUn37",
        "collection_4WXXC8",
        "collection_G6y6Pp",
        "collection_WLRddY",
        "collection_PdTdXR"
      ],
      "settings": {
        "full_with": false,
        "max_with": "",
        "color_bg": "rgba(0,0,0,0)",
        "padding_block": "",
        "padding_block_m": "",
        "margin_block": "",
        "collection_count": false,
        "layout": "carousel",
        "space_between": "4",
        "column1": 5,
        "column2": 3,
        "column3": 1,
        "collection_style": "default",
        "slide_variableWidth": true,
        "navigation": true,
        "pagination": true,
        "infinite": true,
        "autoplay": false,
        "autoplay_speed": "10000"
      }
    },
    "product-grid": {
      "type": "main-collection-product-grid",
      "blocks": {
        "bab3e1d7-85ae-4248-a305-180408ec2190": {
          "type": "categories",
          "settings": {
            "categories_title": "Product Categories",
            "categories_handle": "product-categories",
            "categories_count": false
          }
        },
        "11e379ad-52c7-4ce0-be64-822d4713d593": {
          "type": "filter",
          "settings": {
            "filter_style": "filter_inline",
            "filter_count": false
          }
        },
        "76253806-007f-400c-b968-dae5c1195e97": {
          "type": "productlist",
          "disabled": true,
          "settings": {
            "product_title": "Best sellers",
            "collection_handle": "skirts",
            "limit": 4
          }
        },
        "gallery_WACnmH": {
          "type": "gallery",
          "settings": {
            "popup": true,
            "gallery_title": "Gallery",
            "gallery_image1": "shopify:\/\/shop_images\/shop-gallery1.png",
            "gallery_url1": "",
            "gallery_image2": "shopify:\/\/shop_images\/shop-gallery2.png",
            "gallery_url2": "",
            "gallery_image3": "shopify:\/\/shop_images\/shop-gallery3.png",
            "gallery_url3": "",
            "gallery_image4": "shopify:\/\/shop_images\/shop-gallery4.png",
            "gallery_url4": "",
            "gallery_image5": "shopify:\/\/shop_images\/shop-gallery5.png",
            "gallery_url5": "",
            "gallery_image6": "shopify:\/\/shop_images\/shop-gallery6.png",
            "gallery_url6": "",
            "gallery_image7": "shopify:\/\/shop_images\/shop-gallery7.png",
            "gallery_url7": "",
            "gallery_image8": "shopify:\/\/shop_images\/shop-gallery8.png",
            "gallery_url8": "",
            "gallery_image9": "shopify:\/\/shop_images\/shop-gallery9.png",
            "gallery_url9": ""
          }
        },
        "banner_zj4t4E": {
          "type": "banner",
          "settings": {
            "banner_url": "shopify:\/\/collections\/denim",
            "banner_img": "shopify:\/\/shop_images\/shop-banner2.png"
          }
        }
      },
      "block_order": [
        "bab3e1d7-85ae-4248-a305-180408ec2190",
        "11e379ad-52c7-4ce0-be64-822d4713d593",
        "76253806-007f-400c-b968-dae5c1195e97",
        "gallery_WACnmH",
        "banner_zj4t4E"
      ],
      "settings": {
        "full_with": false,
        "max_with": "",
        "color_bg": "rgba(0,0,0,0)",
        "padding_block": "70px 0",
        "padding_block_m": "50px 0",
        "sidebar_template": "sidebarleft",
        "product_style": "grid",
        "products_per_page": 12,
        "products_ditem_per_row": 3,
        "products_titem_per_row": 2,
        "products_mitem_per_row": 2,
        "loadmore": false,
        "sticky-top": false
      }
    }
  },
  "order": [
    "breadcrumb",
    "main_collection_hero_C9YKWp",
    "sublistcollection",
    "product-grid"
  ]
}
