{"sections":{"slideshow_8aVarM":{"type":"slideshow","blocks":{"09ccb803-5e04-4c7f-b262-eab1e9fe9759":{"type":"image","settings":{"image":"shopify:\/\/shop_images\/Original.png","bg_align":"bottom","link":"shopify:\/\/collections\/swimwear","box_maxwidth":"","padding_block":"70px 40px","content_color":"rgba(0,0,0,0)","opacity":0,"alignment":"justify-content-md-end align-items-md-end","text-alignment":"end","slides_effect":"fadeInUp","subheading":"<span class=\"fw-medium\">Designed for freedom.<\/span>","subheading_color":"#ffffff","subheading_font_family":"text","subheading_font_size":19,"subheading_font_size_l":18,"subheading_font_size_m":17,"subheading_margin":"0 0 15px","subheading_margin_m":"0 0 10px","title":"Solar living, anywhere.","title_color":"#ffffff","title_font_family":"h3","title_font_size":72,"title_font_size_l":54,"title_font_size_m":38,"title_margin":"0px 0px 20px 650px","title_margin_m":"0 0 5px","title2":"","title2_color":"#ffffff","title2_font_family":"h3","title2_font_size":72,"title2_font_size_l":54,"title2_font_size_m":38,"title2_margin":"0 0 50px","title2_margin_m":"0 0 30px","desc":"","desc_color":"#ffffff","desc_font_family":"text","desc_font_size":16,"desc_font_size_l":16,"desc_font_size_m":16,"desc_margin":"","desc_margin_m":"","btn_text":"Build your setup","btn_url":"shopify:\/\/collections\/swimwear","btn_font_size":16,"btn_font_size_m":15,"btn_padding":"12px 35px","btn_padding_m":"10px 35px","btn_text_color":"#ffffff","btn_border_color":"#0c3b2e","btn_border_width":"0","btn_bg_color":"#0c3b2e","btn_text_hover_color":"#1f1f27","btn_border_hover_color":"#ffffff","btn_bg_hover_color":"#ffffff","btn_margin":"","btn_margin_m":"","btn_text1":"","btn_url1":"","btn_font_size1":16,"btn_font_size_m1":15,"btn_padding1":"0 0 2px","btn_padding_m1":"0","btn_text_color1":"#1f1f27","btn_border_color1":"#111111","btn_border_width1":"0 0 2px 0","btn_bg_color1":"#000000","btn_text_hover_color1":"#515167","btn_border_hover_color1":"#515167","btn_bg_hover_color1":"#000000","btn_margin1":"0 0 0 24px","btn_margin_m1":"0 0 0 20px","image_mobile":"shopify:\/\/shop_images\/UniversalUpscaler_ff675652-bbe2-4bf6-bc51-91dcb9ef90c6.jpg","padding_block_m":"30px 8px","text-mb-alignment":"start","mb-alignment":"justify-content-start align-items-end"}}},"block_order":["09ccb803-5e04-4c7f-b262-eab1e9fe9759"],"settings":{"full_with":true,"max_with":"","color_bg":"rgba(0,0,0,0)","padding_block":"0 px","padding_block_m":"","margin_block":"","border_radius":"rounded-0","slideshow-height":"560px","slideshow-theight":"calc(100vh - 160px)","slideshow-mheight":"550px","navigation":true,"pagination":true,"autoplay":false,"autoplay_speed":"8000","caption_full_with":true,"caption_max_with":"1810px","position_content":true,"scrolldown":false,"scrolldown_text":"Scroll down","scrolldown_color":"#00142b","style_special":true,"slide-show-fullheight":false}},"product_list_LVHUNJ":{"type":"product-list","settings":{"full_with":false,"max_with":"","color_bg":"rgba(0,0,0,0)","padding_block":"20px","padding_block_m":"20px 0","margin_block":"","heading":"New Solar Solutions","sub_heading":"","text_align":"text-start","collection_handle":"new-arrival-1","limit":8,"button_text":"","layout":"carousel","space_between":"4","column1":5,"column2":2,"column3":2,"product_style":"style4","slide_variableWidth":true,"navigation":true,"pagination":true,"infinite":true,"autoplay":true,"autoplay_speed":"6000"}},"border_bamy6t":{"type":"border","name":"Vela Border","settings":{"full_with":false,"max_with":"","color_bg":"rgba(0,0,0,0)","padding_block":"","padding_block_m":"","margin_block":"","border_style":"solid","border_width":1,"border_color":"#dadbe0","opacity":100}},"video_banner_P77pnA":{"type":"video-banner","blocks":{"text_y8VFgz":{"type":"text","settings":{"text":"<div><p>Why Homad?<\/p><\/div>","text_style":"ff-heading","font-weight":"fw-bold","text_color_desktop":"#0c3b2e","text_font_size_desktop":22,"margin_desktop":"","text_font_size_tablet":22,"margin_tablet":"","text_font_size_mobile":16,"margin_mobile":""}},"text_kBcTna":{"type":"text","settings":{"text":"<div>\n  <p>We design for a future where living well means living light.<\/p>\n<\/div>\n<p>\n  Homad delivers compact solar tools and design-driven solutions to help you create beautiful, sustainable spaces — whether you're lighting up your rooftop in Dubai, relaxing in your garden, or taking solar comfort on the road.<br><br>\n  We start with wireless lighting — simple, stylish, and ready to use.<br>\n  And soon, we’ll be lighting rooftops and full homes with custom solar systems and architectural support.\n<\/p>","text_style":"text","font-weight":"fw-normal","text_color_desktop":"#0c3b2e","text_font_size_desktop":15,"margin_desktop":"","text_font_size_tablet":15,"margin_tablet":"","text_font_size_mobile":15,"margin_mobile":""}},"button_Myimjy":{"type":"button","settings":{"button":"Explore our mission","link":"","button_font_size":14,"button_padding":"8px 25px","margin":"","button_color":"#ffffff","button_border-width":"1px 1px 1px 1px","button_color_border":"#0c3b2e","button_color_bg":"#0c3b2e","border_radius":"rounded-3","button_color_hover":"#ffffff","button_color_border_hover":"#0c3b2e","button_color_bg_hover":"#000000","button_font_size_mobile":14,"button_padding_mobile":"6px 20px","button_icon":"angle-double-right","button_icon_size":"14x14"}}},"block_order":["text_y8VFgz","text_kBcTna","button_Myimjy"],"custom_css":["@media (min-width: 768px) {.video-banner .row {flex-direction: row-reverse; }}"],"name":"t:sections.video-banner.name","settings":{"full_with":false,"max_with":"","color_bg":"rgba(0,0,0,0)","padding_block":"40px 15px","padding_block_m":"40px 0","margin_block":"","image":"shopify:\/\/shop_images\/assets_task_01jyk447paemvbscdpzyb69bmn_1750841233_img_1_1.webp","banner_url":"","video_url":"https:\/\/cdn.shopify.com\/videos\/c\/o\/v\/abe23d7ca1a14302b9ee1157f1f86e68.mp4","muted":true,"aspect_ratios":50,"aspect_ratios_m":50,"content_align":"center","text_align":"center","content_max_with":"600px","padding_content":"40px","padding_content_m":"20px","content_color_bg":"#ffffff","border_radius":"rounded-3","opacity":100}},"services_pdin9C":{"type":"services","blocks":{"item_X4cwbc":{"type":"item","settings":{"icon":"shopify:\/\/shop_images\/global_1.png","box_title":"Fast Global Shipping","heading_color":"#0c3b2e","box_title_size":20,"box_title_size_m":20,"box_desc":"Tracked delivery around the world","desc_color":"#0c3b2e","box_desc_size":15,"box_desc_size_m":12,"button_text":"","button_url":""}},"item_Bnic9L":{"type":"item","settings":{"icon":"shopify:\/\/shop_images\/return.png","box_title":"30-Day Easy Returns","heading_color":"#0c3b2e","box_title_size":20,"box_title_size_m":20,"box_desc":"Hassle-free returns within 30 days","desc_color":"#0c3b2e","box_desc_size":15,"box_desc_size_m":12,"button_text":"","button_url":""}},"item_8KiVrX":{"type":"item","settings":{"icon":"shopify:\/\/shop_images\/shield.png","box_title":"2-Year Warranty","heading_color":"#0c3b2e","box_title_size":20,"box_title_size_m":20,"box_desc":"Reliable coverage on all products","desc_color":"#0c3b2e","box_desc_size":15,"box_desc_size_m":12,"button_text":"","button_url":""}},"item_rBXMBC":{"type":"item","settings":{"icon":"shopify:\/\/shop_images\/solar-panel.png","box_title":"Solar-Ready Design","heading_color":"#0c3b2e","box_title_size":20,"box_title_size_m":20,"box_desc":"Works anywhere, no wiring required","desc_color":"#0c3b2e","box_desc_size":15,"box_desc_size_m":12,"button_text":"","button_url":""}}},"block_order":["item_X4cwbc","item_Bnic9L","item_8KiVrX","item_rBXMBC"],"name":"Our services","settings":{"full_with":false,"max_with":"","color_bg":"rgba(0,0,0,0)","padding_block":"0px 15px","padding_block_m":"0px","margin_block":"","heading":"","sub_heading":"","text_align":"text-center","layout":"carousel","column1":4,"column2":3,"column3":2,"iconsize":"40","service_style":"style2","navigation":false,"pagination":true,"infinite":true,"autoplay":true,"autoplay_speed":"4000"}},"complementary_products_z6L3GR":{"type":"complementary-products","blocks":{"item_KX4APr":{"type":"item","settings":{"product":"solar-lanterns-outdoor-waterproof-butterfly-garden-decor-lantern-birthday-gifts-for-women-mom-grandma-metal-hanging-solar-light","top":65,"left":75,"top_mobile":85,"left_mobile":62}},"item_mhMQYB":{"type":"item","settings":{"product":"solar-pathway-lights-waterproof-upgraded-walkway-landscape-outdoor-driveway-auto-on-off-lights-for-yard-lawn-patio-1","top":60,"left":30,"top_mobile":70,"left_mobile":25}},"item_Xb4kXb":{"type":"item","settings":{"product":"1pc-1set-outdoor-led-solar-stair-light-ip65-waterproof-deck-lights-for-stair-step-porch-patio-garden-terrace-balcony-decoration","top":67,"left":55,"top_mobile":74,"left_mobile":45}},"item_AG9RNz":{"type":"item","settings":{"product":"solar-light-ip65-waterproof-landscape-wall-washer-lights-garden-outdoor-decor-solar-panel-power-home-courtyard-balcony-lights","top":47,"left":90,"top_mobile":50,"left_mobile":86}},"item_CXYwTG":{"type":"item","settings":{"product":"5w-solar-powered-light-simulation-stone-lights-spotlight-decoration-cold-white-ip65-waterproof-for-outdoor-garden-lawn-lamps","top":65,"left":15,"top_mobile":76,"left_mobile":10}}},"block_order":["item_KX4APr","item_mhMQYB","item_Xb4kXb","item_AG9RNz","item_CXYwTG"],"custom_css":[".complementary-products__product .product-card__name a.line-title {font-weight: 600 !important;}"],"name":"complementary products","settings":{"full_with":false,"max_with":"","color_bg":"rgba(0,0,0,0)","padding_block":"40px 15px","padding_block_m":"20px -0px","margin_block":"","heading":"Solar by Scene","sub_heading":"See how each solar tool lights up real spaces — tap to explore and shop","text_align":"text-start","image":"shopify:\/\/shop_images\/UniversalUpscaler_6d1dc091-6231-441f-9623-1ad5e53a20ab.jpg"}},"border_ir3mDx":{"type":"border","name":"Vela Border","settings":{"full_with":false,"max_with":"","color_bg":"rgba(0,0,0,0)","padding_block":"20px","padding_block_m":"","margin_block":"","border_style":"solid","border_width":1,"border_color":"#dadbe0","opacity":100}},"1748953032fafeef63":{"type":"apps","blocks":{"trustoo_io_reviews_barrage_carousel_NEpEAb":{"type":"shopify:\/\/apps\/trustoo-io-reviews\/blocks\/barrage-carousel\/c8f15077-6475-4e86-ad06-b66038d5ba2c","settings":{}}},"block_order":["trustoo_io_reviews_barrage_carousel_NEpEAb"],"settings":{"include_margins":true}},"border_RLfjic":{"type":"border","name":"Vela Border","settings":{"full_with":false,"max_with":"","color_bg":"rgba(0,0,0,0)","padding_block":"20px","padding_block_m":"","margin_block":"","border_style":"solid","border_width":1,"border_color":"#dadbe0","opacity":100}},"product_tab_gU4wiV":{"type":"product-tab","blocks":{"tab_xWz4zk":{"type":"tab","settings":{"title":"Trending now","collection":"trending-now"}},"tab_3iEzTc":{"type":"tab","settings":{"title":"Best Sellers","collection":"best-sellers"}},"tab_qnyfLD":{"type":"tab","settings":{"title":"Back Stock","collection":"back-in-stock"}}},"block_order":["tab_xWz4zk","tab_3iEzTc","tab_qnyfLD"],"name":"Product tabs","settings":{"full_with":false,"max_with":"","color_bg":"rgba(0,0,0,0)","padding_block":"20px","padding_block_m":"20px 0","margin_block":"","producttab_style":"style2","limit":8,"button_text":"","layout":"carousel","space_between":"4","column1":5,"column2":3,"column3":2,"product_style":"style4","slide_variableWidth":true,"navigation":true,"pagination":true,"infinite":true,"autoplay":true,"autoplay_speed":"6000"}},"image_list_NcmjTN":{"type":"image-list","blocks":{"image_YihYtJ":{"type":"image","settings":{"width_desk":50,"width_tablet":50,"width_mobile":100,"image":"shopify:\/\/shop_images\/UniversalUpscaler_c7e8ad69-9516-40c1-a0d0-b8f141eddca3.png","link":"shopify:\/\/pages\/solutions"}},"image_9JWrNH":{"type":"image","settings":{"width_desk":50,"width_tablet":50,"width_mobile":100,"image":"shopify:\/\/shop_images\/UniversalUpscaler_127a126e-7c77-4cca-9ead-19e3234cd264.png","link":"shopify:\/\/pages\/solutions"}}},"block_order":["image_YihYtJ","image_9JWrNH"],"custom_css":["\/* Redondear imágenes en la sección image-list *\/.image-list .image-item img {border-radius: 12px; \/* puedes ajustar a 8px, 24px o incluso 50% si quieres redondas completas *\/ overflow: hidden;}"],"name":"Image List","settings":{"full_with":false,"max_with":"","color_bg":"rgba(0,0,0,0)","padding_block":"60px 15px","padding_block_m":"40px 0","margin_block":"","margin_block_m":"","space_between":"4","image_ratio":"adapt","crop":true,"effect":"effectFive"}}},"order":["slideshow_8aVarM","product_list_LVHUNJ","border_bamy6t","video_banner_P77pnA","services_pdin9C","complementary_products_z6L3GR","border_ir3mDx","1748953032fafeef63","border_RLfjic","product_tab_gU4wiV","image_list_NcmjTN"]}