{"sections":{"breadcrumb":{"type":"breadcrumb-page","settings":{"full_with":false,"max_with":"","margin_block":"","breadcrumb_title":"","enable_title":"alwary","breadcrumb_bg":"#f4f4f1","breadcrumb_color_heading":"#0c3b2e","breadcrumb_color":"#0c3b2e","breadcrumb_color_link":"#7c99a9","breadcrumb-height":"140px","breadcrumb-mheight":"120px","text-align":"center"}},"main":{"type":"main-list-collections","settings":{"full_with":false,"max_with":"","color_bg":"rgba(0,0,0,0)","padding_block":"0 0 90px","padding_block_m":"0 0 60px","margin_block":"","title":"","layout_style":"style3","space_between":"5","products_per_page":6,"products_ditem_per_row":2,"products_titem_per_row":1,"products_mitem_per_row":1,"image_ratio":"square","crop":true,"show_count":true,"show_image":false,"show_description":false,"show_button":true,"sort":"products_high"}}},"order":["breadcrumb","main"]}