{"sections":{"slideshow_8aVarM":{"type":"slideshow","blocks":{"09ccb803-5e04-4c7f-b262-eab1e9fe9759":{"type":"image","settings":{"image":"shopify:\/\/shop_images\/h8-slide1.jpg","bg_align":"center","link":"shopify:\/\/collections\/frontpage","box_maxwidth":"","padding_block":"46px 0 120px","content_color":"rgba(0,0,0,0)","opacity":0,"alignment":"justify-content-md-start align-items-md-end","text-alignment":"start","slides_effect":"fadeInUp","subheading":"","subheading_color":"#ffffff","subheading_font_family":"text","subheading_font_size":19,"subheading_font_size_l":18,"subheading_font_size_m":17,"subheading_margin":"0 0 15px","subheading_margin_m":"0 0 10px","title":"Selection of","title_color":"#ffffff","title_font_family":"h3","title_font_size":72,"title_font_size_l":54,"title_font_size_m":38,"title_margin":"","title_margin_m":"","title2":"Basic Blazer","title2_color":"#ffffff","title2_font_family":"h3","title2_font_size":72,"title2_font_size_l":54,"title2_font_size_m":38,"title2_margin":"0 0 10px","title2_margin_m":"0 0 10px","desc":"<span class=\"fw-medium\">Introducing the Aceno Women's Autumn\/Winter.<\/span>","desc_color":"#ffffff","desc_font_family":"text","desc_font_size":19,"desc_font_size_l":17,"desc_font_size_m":16,"desc_margin":"0 0 52px","desc_margin_m":"0 0 32px","btn_text":"View all product","btn_url":"shopify:\/\/collections\/frontpage","btn_font_size":16,"btn_font_size_m":15,"btn_padding":"16px 35px","btn_padding_m":"11px 30px","btn_text_color":"#1f1f27","btn_border_color":"#ffffff","btn_border_width":"0","btn_bg_color":"#ffffff","btn_text_hover_color":"#ffffff","btn_border_hover_color":"#1f1f27","btn_bg_hover_color":"#1f1f27","btn_margin":"","btn_margin_m":"","btn_text1":"","btn_url1":"shopify:\/\/collections\/frontpage","btn_font_size1":16,"btn_font_size_m1":15,"btn_padding1":"0 0 2px","btn_padding_m1":"0","btn_text_color1":"#ffffff","btn_border_color1":"#111111","btn_border_width1":"0 0 2px 0","btn_bg_color1":"rgba(0,0,0,0)","btn_text_hover_color1":"#515167","btn_border_hover_color1":"#515167","btn_bg_hover_color1":"rgba(0,0,0,0)","btn_margin1":"","btn_margin_m1":"","image_mobile":"shopify:\/\/shop_images\/h8-slide1-m.jpg","padding_block_m":"30px 16px 60px","text-mb-alignment":"start","mb-alignment":"justify-content-start align-items-end"}},"image_pJeiNK":{"type":"image","settings":{"image":"shopify:\/\/shop_images\/h8-slide3.jpg","bg_align":"center","link":"shopify:\/\/collections\/frontpage","box_maxwidth":"","padding_block":"46px 0 120px","content_color":"rgba(0,0,0,0)","opacity":0,"alignment":"justify-content-md-start align-items-md-end","text-alignment":"start","slides_effect":"fadeInUp","subheading":"","subheading_color":"#ffffff","subheading_font_family":"text","subheading_font_size":19,"subheading_font_size_l":18,"subheading_font_size_m":17,"subheading_margin":"0 0 15px","subheading_margin_m":"0 0 10px","title":"The Romantic","title_color":"#ffffff","title_font_family":"h3","title_font_size":72,"title_font_size_l":54,"title_font_size_m":38,"title_margin":"","title_margin_m":"","title2":"Collection","title2_color":"#ffffff","title2_font_family":"h3","title2_font_size":72,"title2_font_size_l":54,"title2_font_size_m":38,"title2_margin":"0 0 10px","title2_margin_m":"0 0 10px","desc":"<span class=\"fw-medium\">We love going on vacation with you.<\/span>","desc_color":"#ffffff","desc_font_family":"text","desc_font_size":19,"desc_font_size_l":17,"desc_font_size_m":16,"desc_margin":"0 0 52px","desc_margin_m":"0 0 32px","btn_text":"View all product","btn_url":"shopify:\/\/collections\/frontpage","btn_font_size":16,"btn_font_size_m":15,"btn_padding":"16px 35px","btn_padding_m":"11px 30px","btn_text_color":"#1f1f27","btn_border_color":"#ffffff","btn_border_width":"0","btn_bg_color":"#ffffff","btn_text_hover_color":"#ffffff","btn_border_hover_color":"#1f1f27","btn_bg_hover_color":"#1f1f27","btn_margin":"","btn_margin_m":"","btn_text1":"","btn_url1":"shopify:\/\/collections\/frontpage","btn_font_size1":16,"btn_font_size_m1":15,"btn_padding1":"0 0 2px","btn_padding_m1":"0","btn_text_color1":"#ffffff","btn_border_color1":"#111111","btn_border_width1":"0 0 2px 0","btn_bg_color1":"rgba(0,0,0,0)","btn_text_hover_color1":"#515167","btn_border_hover_color1":"#515167","btn_bg_hover_color1":"rgba(0,0,0,0)","btn_margin1":"","btn_margin_m1":"","image_mobile":"shopify:\/\/shop_images\/h8-slide2-m.jpg","padding_block_m":"30px 16px 60px","text-mb-alignment":"start","mb-alignment":"justify-content-start align-items-end"}},"image_YFBFqa":{"type":"image","settings":{"image":"shopify:\/\/shop_images\/h8-slide2.jpg","bg_align":"center","link":"shopify:\/\/collections\/frontpage","box_maxwidth":"","padding_block":"46px 0 120px","content_color":"rgba(0,0,0,0)","opacity":0,"alignment":"justify-content-md-start align-items-md-end","text-alignment":"start","slides_effect":"fadeInUp","subheading":"","subheading_color":"#ffffff","subheading_font_family":"text","subheading_font_size":19,"subheading_font_size_l":18,"subheading_font_size_m":17,"subheading_margin":"0 0 15px","subheading_margin_m":"0 0 10px","title":"Summer Style","title_color":"#ffffff","title_font_family":"h3","title_font_size":72,"title_font_size_l":54,"title_font_size_m":38,"title_margin":"","title_margin_m":"","title2":"On Point","title2_color":"#ffffff","title2_font_family":"h3","title2_font_size":72,"title2_font_size_l":54,"title2_font_size_m":38,"title2_margin":"0 0 10px","title2_margin_m":"0 0 10px","desc":"<span class=\"fw-medium\">Can you tell what we've been watching every day?<\/span>","desc_color":"#ffffff","desc_font_family":"text","desc_font_size":19,"desc_font_size_l":17,"desc_font_size_m":16,"desc_margin":"0 0 52px","desc_margin_m":"0 0 32px","btn_text":"View all product","btn_url":"shopify:\/\/collections\/frontpage","btn_font_size":16,"btn_font_size_m":15,"btn_padding":"16px 35px","btn_padding_m":"11px 30px","btn_text_color":"#1f1f27","btn_border_color":"#ffffff","btn_border_width":"0","btn_bg_color":"#ffffff","btn_text_hover_color":"#ffffff","btn_border_hover_color":"#1f1f27","btn_bg_hover_color":"#1f1f27","btn_margin":"","btn_margin_m":"","btn_text1":"","btn_url1":"shopify:\/\/collections\/frontpage","btn_font_size1":16,"btn_font_size_m1":15,"btn_padding1":"0 0 2px","btn_padding_m1":"0","btn_text_color1":"#ffffff","btn_border_color1":"#111111","btn_border_width1":"0 0 2px 0","btn_bg_color1":"rgba(0,0,0,0)","btn_text_hover_color1":"#515167","btn_border_hover_color1":"#515167","btn_bg_hover_color1":"rgba(0,0,0,0)","btn_margin1":"","btn_margin_m1":"","image_mobile":"shopify:\/\/shop_images\/h8-slide3-m.jpg","padding_block_m":"30px 16px 60px","text-mb-alignment":"start","mb-alignment":"justify-content-start align-items-end"}}},"block_order":["09ccb803-5e04-4c7f-b262-eab1e9fe9759","image_pJeiNK","image_YFBFqa"],"settings":{"full_with":true,"max_with":"","color_bg":"rgba(0,0,0,0)","padding_block":"","padding_block_m":"","margin_block":"","border_radius":"rounded-0","slideshow-height":"920px","slideshow-theight":"800px","slideshow-mheight":"600px","navigation":true,"pagination":true,"autoplay":false,"autoplay_speed":"8000","caption_full_with":true,"caption_max_with":"1690px","position_content":true,"scrolldown":false,"scrolldown_text":"Scroll down","scrolldown_color":"#00142b","style_special":false,"slide-show-fullheight":true}},"product_list_LVHUNJ":{"type":"product-list","settings":{"full_with":false,"max_with":"","color_bg":"rgba(0,0,0,0)","padding_block":"92px 0 96px","padding_block_m":"54px 0 60px","margin_block":"","heading":"Our best sellers","sub_heading":"Each piece is carefully selected to enhance your unique style","text_align":"text-center","collection_handle":"skirts","limit":8,"button_text":"","layout":"carousel","space_between":"4","column1":4,"column2":3,"column3":2,"product_style":"style1","slide_variableWidth":false,"navigation":true,"pagination":true,"infinite":true,"autoplay":false,"autoplay_speed":"10000"}},"multi_image_with_text_kYfPhi":{"type":"multi-image-with-text","blocks":{"feature_item_tkAPKD":{"type":"feature_item","settings":{"width_desk":33,"width_tablet":50,"width_mobile":100,"item_padding":"50px","item_padding_m":"24px","content_bg_color":"rgba(0,0,0,0)","text_align":"text-center align-items-center","banner_position":"over","banner":"shopify:\/\/shop_images\/h8-banner1.png","subtitle":"<span class=\"text-uppercase\">Save 30 - 50% Swimsuits<\/span>","heading_subcolor":"#ffffff","heading_sub_size":13,"heading_sub_size_m":13,"heading_sub_margin":"","heading_sub_margin_m":"","title":"Beach Essentials","heading_color":"#ffffff","heading_size":36,"heading_size_m":32,"heading_margin":"8px 0 20px","heading_margin_m":"8px 0 20px","content":"<p>In-store! Limited time offer.<\/p>","text_color":"#ffffff","text_size":15,"text_size_m":15,"text_margin":"","text_margin_m":"","button":"","button_url":"shopify:\/\/collections\/denim","button_color":"#ffffff","button_border_color":"#ffffff","button_width":"0","border_radius":"rounded-0","button_bg_color":"rgba(0,0,0,0)","button_size":13,"button_size_m":13,"button_padding":"0 0 5px","button_padding_m":"0 0 5px"}},"feature_item_AxHFWG":{"type":"feature_item","settings":{"width_desk":33,"width_tablet":50,"width_mobile":100,"item_padding":"50px","item_padding_m":"24px","content_bg_color":"rgba(0,0,0,0)","text_align":"text-center align-items-center","banner_position":"over","banner":"shopify:\/\/shop_images\/h8-banner2.png","subtitle":"<span class=\"text-uppercase\">Get code: Aceno - 30%<\/span>","heading_subcolor":"#ffffff","heading_sub_size":13,"heading_sub_size_m":13,"heading_sub_margin":"","heading_sub_margin_m":"","title":"Essential Pant","heading_color":"#ffffff","heading_size":36,"heading_size_m":32,"heading_margin":"8px 0 20px","heading_margin_m":"8px 0 20px","content":"<p>From $175. Do not miss!<\/p>","text_color":"#ffffff","text_size":15,"text_size_m":15,"text_margin":"","text_margin_m":"","button":"","button_url":"shopify:\/\/collections\/bags","button_color":"#ffffff","button_border_color":"#ffffff","button_width":"0","border_radius":"rounded-0","button_bg_color":"rgba(0,0,0,0)","button_size":13,"button_size_m":13,"button_padding":"0 0 5px","button_padding_m":"0 0 5px"}},"feature_item_cpCGye":{"type":"feature_item","settings":{"width_desk":33,"width_tablet":50,"width_mobile":100,"item_padding":"50px","item_padding_m":"24px","content_bg_color":"rgba(0,0,0,0)","text_align":"text-center align-items-center","banner_position":"over","banner":"shopify:\/\/shop_images\/h8-banner3.png","subtitle":"<span class=\"text-uppercase\">END OF SEASON - Sale 50%<\/span>","heading_subcolor":"#ffffff","heading_sub_size":13,"heading_sub_size_m":13,"heading_sub_margin":"","heading_sub_margin_m":"","title":"Colour Cashmere","heading_color":"#ffffff","heading_size":36,"heading_size_m":32,"heading_margin":"8px 0 20px","heading_margin_m":"8px 0 20px","content":"<p>Looked at this item?<\/p>","text_color":"#ffffff","text_size":15,"text_size_m":15,"text_margin":"","text_margin_m":"","button":"","button_url":"shopify:\/\/collections\/skirts","button_color":"#ffffff","button_border_color":"#ffffff","button_width":"0","border_radius":"rounded-0","button_bg_color":"rgba(0,0,0,0)","button_size":13,"button_size_m":13,"button_padding":"0 0 5px","button_padding_m":"0 0 5px"}}},"block_order":["feature_item_tkAPKD","feature_item_AxHFWG","feature_item_cpCGye"],"settings":{"full_with":false,"max_with":"","color_bg":"rgba(0,0,0,0)","padding_block":"","padding_block_m":"","margin_block":"","heading":"","sub_heading":"","text_align":"text-start","layout":"carousel","space_between":30,"space_between_m":16,"column1":3,"column2":2,"column3":1,"effect_show":true,"slide_variableWidth":false,"navigation":true,"pagination":true,"infinite":true,"autoplay":false,"autoplay_speed":"10000"}},"services_NNQqxQ":{"type":"services","blocks":{"item_NKTeDq":{"type":"item","settings":{"icon":"shopify:\/\/shop_images\/icon-service-1.svg","box_title":"Fast Delivery","heading_color":"#1f1f27","box_title_size":19,"box_title_size_m":19,"box_desc":"Enjoy free worldwide shipping and returns, with customs and duties taxes included.","desc_color":"#1f1f27","box_desc_size":16,"box_desc_size_m":16,"button_text":"","button_url":""}},"item_9tAai6":{"type":"item","settings":{"icon":"shopify:\/\/shop_images\/icon-service-3.svg","box_title":"24\/7 Online Support","heading_color":"#1f1f27","box_title_size":19,"box_title_size_m":19,"box_desc":"We support customers 24\/7, send questions we will\u2028solve for you immediately.","desc_color":"#1f1f27","box_desc_size":16,"box_desc_size_m":16,"button_text":"","button_url":""}},"item_HwweAC":{"type":"item","settings":{"icon":"shopify:\/\/shop_images\/icon-service-4.svg","box_title":"Free Returns","heading_color":"#1f1f27","box_title_size":19,"box_title_size_m":19,"box_desc":"Free returns within 15 days, please make sure the items\u2028are in undamaged condition.","desc_color":"#1f1f27","box_desc_size":16,"box_desc_size_m":16,"button_text":"","button_url":""}}},"block_order":["item_NKTeDq","item_9tAai6","item_HwweAC"],"settings":{"full_with":false,"max_with":"","color_bg":"rgba(0,0,0,0)","padding_block":"96px 0","padding_block_m":"60px 0","margin_block":"","heading":"","sub_heading":"","text_align":"text-start","layout":"carousel","column1":3,"column2":2,"column3":1,"iconsize":"70x70","service_style":"style1","navigation":false,"pagination":true,"infinite":false,"autoplay":false,"autoplay_speed":"10000"}},"collection_list_rUHjBp":{"type":"collection-list","blocks":{"collection_3KW6A3":{"type":"collection","settings":{"collection_title":"Blazers","collection_image":"shopify:\/\/shop_images\/h8-banner4.png","collection_handle":"blazers"}},"collection_aADcdW":{"type":"collection","settings":{"collection_title":"Denim","collection_image":"shopify:\/\/shop_images\/h8-banner5.png","collection_handle":"denim"}},"collection_W6QkNV":{"type":"collection","settings":{"collection_title":"T-shirt","collection_image":"shopify:\/\/shop_images\/h8-banner6.png","collection_handle":"swimwear"}},"collection_aCNenY":{"type":"collection","settings":{"collection_title":"Skirts","collection_image":"shopify:\/\/shop_images\/h8-banner7.png","collection_handle":"skirts"}},"collection_qCPD37":{"type":"collection","settings":{"collection_title":"Shoes","collection_image":"shopify:\/\/shop_images\/h8-banner8.png","collection_handle":"shoes"}},"collection_7HmUmJ":{"type":"collection","settings":{"collection_title":"Tracksuit","collection_image":"shopify:\/\/shop_images\/h8-banner9.png","collection_handle":"bags"}},"collection_rTH4qM":{"type":"collection","settings":{"collection_title":"Swimsuits","collection_image":"shopify:\/\/shop_images\/h8-banner10.png","collection_handle":"swimwear"}},"collection_TWpBkK":{"type":"collection","settings":{"collection_title":"Accessories","collection_image":"shopify:\/\/shop_images\/h8-banner11.png","collection_handle":"accessories"}},"collection_xQXBpw":{"type":"collection","settings":{"collection_title":"Sale off","collection_image":"shopify:\/\/shop_images\/h8-banner11.png","collection_handle":"pajamas"}}},"block_order":["collection_3KW6A3","collection_aADcdW","collection_W6QkNV","collection_aCNenY","collection_qCPD37","collection_7HmUmJ","collection_rTH4qM","collection_TWpBkK","collection_xQXBpw"],"settings":{"full_with":false,"max_with":"1800px","color_bg":"#eff0f2","padding_block":"92px 0 96px","padding_block_m":"56px 0 60px","margin_block":"","margin_block_m":"","heading":"Top Collections","sub_heading":"Express your style with our standout collection—fashion meets sophistication.","text_align":"text-center","layout":"grid","space_between":"4","column1":5,"column2":2,"column3":1,"collection_style":"style1","image_ratio":"adapt","crop":false,"collection_count":true,"slide_variableWidth":false,"navigation":true,"pagination":false,"infinite":true,"autoplay":false,"autoplay_speed":"10000"}},"testimonial_EVrird":{"type":"testimonial","blocks":{"item_A3RA7p":{"type":"item","settings":{"title":"","review":"Luxurious and sustainable fabrics mixed with thoughtful design. This company is paving the way for men's fashion.","name":"Jenny Wilson","position":"Medical Assistant"}},"item_WKQe4M":{"type":"item","settings":{"title":"","review":"\"Great job, I will definitely be ordering again! Thanks guys, keep up the good work! Garden was worth a fortune to my company.\"","name":"Kristin Watson","position":"Web Designer"}},"item_XaigHT":{"type":"item","settings":{"title":"","review":"Our everyday cashmere sweaters are kind of a bigdeal, not only because they’re crazy soft, but becausethey’re also crazy affordable.","name":"Kathryn Murphy","position":"Nursing Assistant"}},"item_wkTXnf":{"type":"item","settings":{"title":"","review":"Luxurious and sustainable fabrics mixed with thoughtful design. This company is paving the way for men's fashion.","name":"Jenny Wilson","position":"Medical Assistant"}}},"block_order":["item_A3RA7p","item_WKQe4M","item_XaigHT","item_wkTXnf"],"settings":{"full_with":false,"max_with":"","color_bg":"rgba(0,0,0,0)","padding_block":"92px 0 96px","padding_block_m":"56px 0 60px","margin_block":"","margin_block_m":"","heading":"Customers Say","sub_heading":"Clients love our theme and we strive to please them all the time.","text_align":"text-center","column1":3,"column2":2,"column3":1,"size":"100x100","show_avatar":false,"show_star":true,"testi_style":"style1","navigation":false,"pagination":true,"infinite":true,"autoplay":false,"autoplay_speed":"10000"}},"multi_image_with_text_RwKUth":{"type":"multi-image-with-text","blocks":{"feature_item_6BamVn":{"type":"feature_item","settings":{"width_desk":50,"width_tablet":50,"width_mobile":100,"item_padding":"64px","item_padding_m":"32px","content_bg_color":"rgba(0,0,0,0)","text_align":"text-start align-items-end","banner_position":"over","banner":"shopify:\/\/shop_images\/h8-banner12.jpg","subtitle":"","heading_subcolor":"#ffffff","heading_sub_size":12,"heading_sub_size_m":12,"heading_sub_margin":"","heading_sub_margin_m":"","title":"Summer Feels Like","heading_color":"#ffffff","heading_size":36,"heading_size_m":32,"heading_margin":"","heading_margin_m":"","content":"<span class=\"fw-medium\">Can make you stand out from the rest<\/span>","text_color":"#ffffff","text_size":16,"text_size_m":16,"text_margin":"5px 0 28px","text_margin_m":"5px 0 28px","button":"Shop now","button_url":"shopify:\/\/collections\/men","button_color":"#1f1f27","button_border_color":"#ffffff","button_width":"1px","border_radius":"rounded-pill","button_bg_color":"#ffffff","button_size":16,"button_size_m":16,"button_padding":"9px 30px","button_padding_m":"9px 30px"}},"feature_item_LniF4E":{"type":"feature_item","settings":{"width_desk":50,"width_tablet":50,"width_mobile":100,"item_padding":"64px","item_padding_m":"32px","content_bg_color":"rgba(0,0,0,0)","text_align":"text-start align-items-end","banner_position":"over","banner":"shopify:\/\/shop_images\/h8-banner13.jpg","subtitle":"","heading_subcolor":"#ffffff","heading_sub_size":12,"heading_sub_size_m":12,"heading_sub_margin":"","heading_sub_margin_m":"","title":"As Bright As The Last","heading_color":"#ffffff","heading_size":36,"heading_size_m":32,"heading_margin":"","heading_margin_m":"","content":"<span class=\"fw-medium\">Anything you’re thinking about wearing<\/span>","text_color":"#ffffff","text_size":16,"text_size_m":16,"text_margin":"5px 0 28px","text_margin_m":"5px 0 28px","button":"Discover Now","button_url":"shopify:\/\/collections\/men","button_color":"#1f1f27","button_border_color":"#ffffff","button_width":"1px","border_radius":"rounded-pill","button_bg_color":"#ffffff","button_size":16,"button_size_m":16,"button_padding":"9px 30px","button_padding_m":"9px 30px"}}},"block_order":["feature_item_6BamVn","feature_item_LniF4E"],"settings":{"full_with":false,"max_with":"1840px","color_bg":"rgba(0,0,0,0)","padding_block":"16px 0 115px","padding_block_m":"16px 0 76px","margin_block":"","heading":"","sub_heading":"","text_align":"text-start","layout":"grid","space_between":30,"space_between_m":16,"column1":4,"column2":3,"column3":2,"effect_show":true,"slide_variableWidth":false,"navigation":true,"pagination":false,"infinite":true,"autoplay":false,"autoplay_speed":"10000"}},"complementary_products_qg4jiT":{"type":"complementary-products","blocks":{"item_gpN78t":{"type":"item","settings":{"product":"bra-sports-top-1","top":38,"left":52}},"item_w3LrmV":{"type":"item","settings":{"product":"ucham-basic-blazer","top":49,"left":37}},"item_YjqeeD":{"type":"item","settings":{"product":"buttoned-shirt-white","top":86,"left":58}}},"block_order":["item_gpN78t","item_w3LrmV","item_YjqeeD"],"settings":{"full_with":false,"max_with":"","color_bg":"rgba(0,0,0,0)","padding_block":"","padding_block_m":"","margin_block":"","heading":"Shop The Look","sub_heading":"Fierce elegance is about authenticity, refinement","text_align":"text-center","image":"shopify:\/\/shop_images\/h8-banner14.jpg"}},"product_list_fK7zWP":{"type":"product-list","settings":{"full_with":false,"max_with":"","color_bg":"rgba(0,0,0,0)","padding_block":"92px 0 96px","padding_block_m":"54px 0 56px","margin_block":"","heading":"Top Trending","sub_heading":"Explore the latest shopping related search trends in this week.","text_align":"text-center","collection_handle":"denim","limit":8,"button_text":"","layout":"carousel","space_between":"4","column1":4,"column2":3,"column3":2,"product_style":"style1","slide_variableWidth":false,"navigation":true,"pagination":true,"infinite":true,"autoplay":false,"autoplay_speed":"10000"}},"video_background_DFLFcL":{"type":"video-background","blocks":{"text_jYCnwc":{"type":"text","settings":{"text":"Aceno Denim <br> Collection","text_style":"h3","font-weight":"fw-normal","text_color_desktop":"#ffffff","text_font_size_desktop":36,"margin_desktop":"0 0 250px","text_font_size_tablet":34,"margin_tablet":"0 0 180px","text_font_size_mobile":32,"margin_mobile":"0 0 100px"}},"button_MkFYUp":{"type":"button","settings":{"button":"Shop the collection","link":"shopify:\/\/collections\/swimwear","button_font_size":13,"button_padding":"0 0 1px","margin":"","button_color":"#ffffff","button_border-width":"0 0 1px","button_color_border":"#ffffff","button_color_bg":"rgba(0,0,0,0)","border_radius":"rounded-0","button_color_hover":"#515167","button_color_border_hover":"#515167","button_color_bg_hover":"rgba(0,0,0,0)","button_font_size_mobile":14,"button_padding_mobile":"0 0 1px","button_icon":"none","button_icon_size":"14x14"}}},"block_order":["text_jYCnwc","button_MkFYUp"],"settings":{"full_with":false,"max_with":"","color_bg":"#eff0f2","padding_block":"96px 0 0","padding_block_m":"60px 0 0","margin_block":"","video_url":"https:\/\/cdn.shopify.com\/videos\/c\/o\/v\/027ecc9cad57497399f004ea746cfe15.mp4","aspect_ratios":46,"aspect_ratios_m":82,"content_align":"bottom-0 start-50 translate-middle-x","text_align":"center","content_max_with":"600px","padding_content":"32px","padding_content_m":"24px","content_color_bg":"#1f1f27","border_radius":"rounded-3","opacity":0,"style_special":false}},"newsletter_nxCykX":{"type":"newsletter","settings":{"full_with":false,"max_with":"","color_bg":"#eff0f2","padding_block":"90px 0 96px","padding_block_m":"20px 0 60px","margin_block_d":"","margin_block_m":"","newsletter_layout":"style1","heading":"Subscrible &amp; Get <span style=\"color: #FF6E40;\">10%<\/span> Discount","description":"Be the first to know about our new arrivals and exclusive offers.","mailchimp":false,"newsletter_form_action":""}},"video_banner_NLgwG9":{"type":"video-banner","blocks":{"text_FXQtnc":{"type":"text","settings":{"text":"OUTERWEAR COLLECTION","text_style":"text","font-weight":"fw-medium","text_color_desktop":"#1f1f27","text_font_size_desktop":13,"margin_desktop":"","text_font_size_tablet":13,"margin_tablet":"","text_font_size_mobile":13,"margin_mobile":""}},"text_Xkg3kf":{"type":"text","settings":{"text":"Recommended for Y-O-U","text_style":"ff-heading","font-weight":"fw-normal","text_color_desktop":"#1f1f27","text_font_size_desktop":36,"margin_desktop":"5px 0 15px","text_font_size_tablet":34,"margin_tablet":"5px 0 15px","text_font_size_mobile":32,"margin_mobile":"5px 0 10px"}},"text_X8fTP6":{"type":"text","settings":{"text":"<p>In-store and online. Hurry Up! Limited time offer.<\/p>","text_style":"text","font-weight":"fw-normal","text_color_desktop":"#515167","text_font_size_desktop":15,"margin_desktop":"0 0 40px","text_font_size_tablet":15,"margin_tablet":"0 0 40px","text_font_size_mobile":16,"margin_mobile":"0 0 30px"}},"button_Q4Gpnk":{"type":"button","settings":{"button":"View all product","link":"","button_font_size":16,"button_padding":"11px 30px","margin":"","button_color":"#ffffff","button_border-width":"1px 1px 1px 1px","button_color_border":"#1f1f27","button_color_bg":"#1f1f27","border_radius":"rounded-pill","button_color_hover":"#ffffff","button_color_border_hover":"#1f1f27","button_color_bg_hover":"#1f1f27","button_font_size_mobile":14,"button_padding_mobile":"11px 30px","button_icon":"none","button_icon_size":"14x14"}}},"block_order":["text_FXQtnc","text_Xkg3kf","text_X8fTP6","button_Q4Gpnk"],"settings":{"full_with":false,"max_with":"","color_bg":"rgba(0,0,0,0)","padding_block":"96px 0","padding_block_m":"60px 0","margin_block":"","image":"shopify:\/\/shop_images\/h8-banner15.jpg","banner_url":"#","video_url":"https:\/\/cdn.shopify.com\/videos\/c\/o\/v\/67335dba3e82417caa08a9c63d7b1dbd.mp4","muted":false,"aspect_ratios":50,"aspect_ratios_m":50,"content_align":"center","text_align":"start","content_max_with":"365px","padding_content":"","padding_content_m":"5px 0 0","content_color_bg":"#1f1f27","border_radius":"rounded-0","opacity":0}},"border_aQRi9G":{"type":"border","settings":{"full_with":true,"max_with":"","color_bg":"rgba(0,0,0,0)","padding_block":"","padding_block_m":"","margin_block":"","border_style":"solid","border_width":1,"border_color":"#eff0f2","opacity":100}},"heading_9pFa3m":{"type":"heading","blocks":{"text_KtAXaE":{"type":"text","settings":{"title_style":"default","text":"#acenoshopifytheme","text_alignment":"center","text_style":"text","text_font-weight":"fw-medium","text_color_desktop":"#1f1f27","text_font_size_desktop":19,"margin_desktop":"","text_font_size_tablet":18,"margin_tablet":"","text_font_size_mobile":16,"margin_mobile":""}},"text_UEFadm":{"type":"text","settings":{"title_style":"default","text":"Aceno on Instagram","text_alignment":"center","text_style":"ff-heading","text_font-weight":"fw-normal","text_color_desktop":"#1f1f27","text_font_size_desktop":36,"margin_desktop":"","text_font_size_tablet":34,"margin_tablet":"","text_font_size_mobile":32,"margin_mobile":""}}},"block_order":["text_KtAXaE","text_UEFadm"],"settings":{"full_with":false,"max_with":"","color_bg":"rgba(0,0,0,0)","padding_block":"92px 0 36px","padding_block_m":"56px 0 20px","margin_block":""}},"instagram_shop_DU4NVt":{"type":"instagram-shop","blocks":{"instagram_item_dage9J":{"type":"instagram_item","settings":{"image":"shopify:\/\/shop_images\/h7-banner6.jpg","product1":"asymmetric-neckline-top","top1":36,"left1":35,"product2":"asymmetric-polyamide-top","top2":42,"left2":62,"product3":"","top3":70,"left3":80,"product4":"","top4":50,"left4":50,"more_info":"<p>We're totally smitten over this look! will you be creating a red or pink makeup look for valentine's day?<\/p><p class=\"text-secondary\">#cotton #aceno #trending #sale<\/p>","store_name":"Aceno store","image_url":"https:\/\/www.instagram.com\/p\/C_sYsFmTx9C\/?utm_source=ig_web_copy_link&igsh=MzRlODBiNWFlZA=="}},"instagram_item_8hdGPU":{"type":"instagram_item","settings":{"image":"shopify:\/\/shop_images\/h7-banner7.jpg","product1":"buttoned-shirt-white","top1":73,"left1":75,"product2":"balloon-denim-mini-skirt","top2":80,"left2":60,"product3":"","top3":75,"left3":75,"product4":"","top4":50,"left4":50,"more_info":"<p>We're totally smitten over this look! will you be creating a red or pink makeup look for valentine's day?<\/p><p class=\"text-secondary\">#cotton #aceno #trending #sale<\/p>","store_name":"Aceno store","image_url":"https:\/\/www.instagram.com\/p\/C_sY42szYXk\/?utm_source=ig_web_copy_link&igsh=MzRlODBiNWFlZA=="}},"instagram_item_ExyTa7":{"type":"instagram_item","settings":{"image":"shopify:\/\/shop_images\/h7-banner8.jpg","product1":"basic-crop-top-with-thin","top1":58,"left1":18,"product2":"bra-sports-top-1","top2":30,"left2":70,"product3":"cotton-parachute-shorts","top3":75,"left3":75,"product4":"","top4":50,"left4":50,"more_info":"<p>We're totally smitten over this look! will you be creating a red or pink makeup look for valentine's day?<\/p><p class=\"text-secondary\">#cotton #aceno #trending #sale<\/p>","store_name":"Aceno store","image_url":"https:\/\/www.instagram.com\/p\/C_sY7CrzfFF\/?utm_source=ig_web_copy_link&igsh=MzRlODBiNWFlZA=="}},"instagram_item_BNbRtK":{"type":"instagram_item","settings":{"image":"shopify:\/\/shop_images\/h7-banner9.jpg","product1":"cropped-knit-sweater","top1":40,"left1":10,"product2":"cotton-parachute-shorts-1","top2":40,"left2":50,"product3":"","top3":100,"left3":65,"product4":"","top4":50,"left4":50,"more_info":"<p>We're totally smitten over this look! will you be creating a red or pink makeup look for valentine's day?<\/p><p class=\"text-secondary\">#cotton #aceno #trending #sale<\/p>","store_name":"Aceno store","image_url":"https:\/\/www.instagram.com\/p\/C_sY8zxzQTW\/?utm_source=ig_web_copy_link&igsh=MzRlODBiNWFlZA=="}},"instagram_item_wazAbc":{"type":"instagram_item","settings":{"image":"shopify:\/\/shop_images\/h7-banner10.jpg","product1":"short-sleeve-dress","top1":50,"left1":40,"product2":"","top2":50,"left2":50,"product3":"","top3":50,"left3":50,"product4":"","top4":50,"left4":50,"more_info":"<p>We're totally smitten over this look! will you be creating a red or pink makeup look for valentine's day?<\/p><p class=\"text-secondary\">#cotton #aceno #trending #sale<\/p>","store_name":"Aceno store","image_url":"https:\/\/www.instagram.com\/p\/C_sY-hzT1VC\/?utm_source=ig_web_copy_link&igsh=MzRlODBiNWFlZA=="}},"instagram_item_wHbBwU":{"type":"instagram_item","settings":{"image":"shopify:\/\/shop_images\/h7-banner11.jpg","product1":"ucham-basic-blazer","top1":50,"left1":40,"product2":"","top2":50,"left2":50,"product3":"","top3":50,"left3":50,"product4":"","top4":50,"left4":50,"more_info":"<p>We're totally smitten over this look! will you be creating a red or pink makeup look for valentine's day?<\/p><p class=\"text-secondary\">#cotton #aceno #trending #sale<\/p>","store_name":"Aceno store","image_url":"https:\/\/www.instagram.com\/p\/C_tpDGsTm4y\/?utm_source=ig_web_copy_link&igsh=MzRlODBiNWFlZA=="}}},"block_order":["instagram_item_dage9J","instagram_item_8hdGPU","instagram_item_ExyTa7","instagram_item_BNbRtK","instagram_item_wazAbc","instagram_item_wHbBwU"],"settings":{"full_with":false,"max_with":"","color_bg":"rgba(0,0,0,0)","padding_block":"0 0 96px","padding_block_m":"0 0 60px","margin_block":"","column1":6,"column2":3,"column3":2,"slide_variableWidth":false,"navigation":true,"pagination":true,"infinite":true,"autoplay":false,"autoplay_speed":"10000"}}},"order":["slideshow_8aVarM","product_list_LVHUNJ","multi_image_with_text_kYfPhi","services_NNQqxQ","collection_list_rUHjBp","testimonial_EVrird","multi_image_with_text_RwKUth","complementary_products_qg4jiT","product_list_fK7zWP","video_background_DFLFcL","newsletter_nxCykX","video_banner_NLgwG9","border_aQRi9G","heading_9pFa3m","instagram_shop_DU4NVt"]}