{"sections":{"breadcrumb":{"type":"breadcrumb-page","disabled":true,"settings":{"full_with":false,"max_with":"","margin_block":"","breadcrumb_title":"","enable_title":"alwary","breadcrumb_bg":"#ffffff","breadcrumb_color_heading":"#1f1f27","breadcrumb_color":"#1f1f27","breadcrumb_color_link":"#7c99a9","breadcrumb-height":"60px","breadcrumb-mheight":"60px","text-align":"center"}},"main":{"type":"main-page","disabled":true,"settings":{"full_with":false,"max_with":"","color_bg":"rgba(0,0,0,0)","padding_block":"","padding_block_m":"","margin_block":"0 0 30px"}},"slideshow_34Xiqd":{"type":"slideshow","blocks":{"image_wd3LTT":{"type":"image","settings":{"image":"shopify:\/\/shop_images\/UniversalUpscaler_9c329dad-0cd6-4433-a7cb-23ed99759aaf.jpg","bg_align":"center","link":"","box_maxwidth":"","padding_block":"10px 40px","content_color":"#ffffff","opacity":0,"alignment":"justify-content-md-center align-items-md-center","text-alignment":"center","slides_effect":"fadeInUp","subheading":"","subheading_color":"#ffffff","subheading_font_family":"text","subheading_font_size":18,"subheading_font_size_l":18,"subheading_font_size_m":17,"subheading_margin":"0 0 15px","subheading_margin_m":"0 0 10px","title":"Following the sun","title_color":"#ffffff","title_font_family":"ff-special","title_font_size":30,"title_font_size_l":27,"title_font_size_m":22,"title_margin":"0 0 20px","title_margin_m":"0 0 10px","title2":"From rooftop kits to outdoor design, we light the way.","title2_color":"#ffffff","title2_font_family":"ff-special","title2_font_size":16,"title2_font_size_l":16,"title2_font_size_m":12,"title2_margin":"","title2_margin_m":"","desc":"","desc_color":"#111111","desc_font_family":"text","desc_font_size":14,"desc_font_size_l":12,"desc_font_size_m":10,"desc_margin":"","desc_margin_m":"","btn_text":"","btn_url":"","btn_font_size":14,"btn_font_size_m":12,"btn_padding":"10px 30px","btn_padding_m":"6px 10px","btn_text_color":"#ffffff","btn_border_color":"#111111","btn_border_width":"","btn_bg_color":"#111111","btn_text_hover_color":"#ffffff","btn_border_hover_color":"#111111","btn_bg_hover_color":"#111111","btn_margin":"","btn_margin_m":"","btn_text1":"","btn_url1":"","btn_font_size1":14,"btn_font_size_m1":12,"btn_padding1":"10px 30px","btn_padding_m1":"6px 25px","btn_text_color1":"#ffffff","btn_border_color1":"#111111","btn_border_width1":"","btn_bg_color1":"#111111","btn_text_hover_color1":"#ffffff","btn_border_hover_color1":"#111111","btn_bg_hover_color1":"#111111","btn_margin1":"","btn_margin_m1":"","padding_block_m":"","text-mb-alignment":"center","mb-alignment":"justify-content-center align-items-center"}}},"block_order":["image_wd3LTT"],"disabled":true,"settings":{"full_with":true,"max_with":"","color_bg":"rgba(0,0,0,0)","padding_block":"0px","padding_block_m":"","margin_block":"","border_radius":"rounded-0","slideshow-height":"300px","slideshow-theight":"calc(100vh - 160px)","slideshow-mheight":"150px","navigation":true,"pagination":true,"autoplay":false,"autoplay_speed":"8000","caption_full_with":true,"caption_max_with":"","position_content":true,"scrolldown":false,"scrolldown_text":"Scroll down","scrolldown_color":"#111111","style_special":true,"slide-show-fullheight":false}},"border_7jjEmH":{"type":"border","name":"Vela Border","settings":{"full_with":false,"max_with":"","color_bg":"rgba(0,0,0,0)","padding_block":"10px","padding_block_m":"0","margin_block":"","border_style":"solid","border_width":1,"border_color":"#dadbe0","opacity":0}},"bloque_dinamico_R6X8dF":{"type":"Bloque-dinamico","blocks":{"boton_qY6Ptd":{"type":"boton","settings":{"titulo":"Homad Starter Pack","imagen":"shopify:\/\/shop_images\/UniversalUpscaler_1_cf050daa-6a14-4777-85eb-2d5c42845c5c.jpg","descripcion":"<div class=\"homad-service-section\"> \n  <h4>Free Personalized Guidance to Maximize Your Purchase<\/h4>\n  <p>Not sure which products to choose or how to create a functional and well-lit outdoor space?<\/p>\n  <p>Our personalized guide helps you optimize your order and avoid common mistakes — completely free when your purchase reaches a minimum of <strong>$400<\/strong>.<\/p>\n\n  <h4>What’s Included<\/h4>\n  <ul>\n    <li>Expert review of your cart before checkout<\/li>\n    <li>Suggestions tailored to your space (patio, garden, entrance, etc.)<\/li>\n    <li>Tips on styling and installation<\/li>\n    <li>Recommendations based on climate, aesthetic and efficiency<\/li>\n  <\/ul>\n\n  <h4>How It Works<\/h4>\n  <p>If your order exceeds the minimum required amount of <strong>$400<\/strong>, this service is activated automatically. You'll receive your personalized guide via WhatsApp or email within 24 to 48 hours.<\/p>\n\n  <h4>Benefits<\/h4>\n  <ul>\n    <li>Smarter and more confident purchase decisions<\/li>\n    <li>Save time and avoid unnecessary spending<\/li>\n    <li>Better overall results — without paying for extra consultations<\/li>\n  <\/ul>\n<\/div>","cta_text":"Ver más","cta_link":"","cta_bg":"#0c3b2e","cta_text_color":"#ffffff","cta_border_color":"#0c3b2e"}},"boton_DytXTh":{"type":"boton","settings":{"titulo":"Solar Assessment","imagen":"shopify:\/\/shop_images\/assets_task_01jz04cqa5ft5rja74dc55ekb1_1751277758_img_0.webp","descripcion":"<div class=\"homad-service-section\">\n  <h3>Technical Analysis of Your Energy Use and the Ideal Solar System<\/h3>\n  <p>If you’re considering adding solar panels to your home, this service offers a detailed and professional assessment to help you make confident decisions.<\/p>\n\n  <h4>What’s Included<\/h4>\n  <ul>\n    <li>Monthly consumption analysis (bills and usage habits)<\/li>\n    <li>Estimation of required panels and inverter types<\/li>\n    <li>Simulation of monthly savings and return on investment<\/li>\n    <li>Site review (orientation, shading, available roof space)<\/li>\n    <li>Technical report with clear, actionable recommendations<\/li>\n  <\/ul>\n\n  <h4>Who It’s For<\/h4>\n  <p>Designed for homeowners building or renovating, who want to reduce energy costs and gain more independence from the grid.<\/p>\n\n  <h4>Benefits<\/h4>\n  <ul>\n    <li>Avoid oversizing or undersizing your solar system<\/li>\n    <li>Maximize your investment from the very beginning<\/li>\n    <li>Get a clear, personalized action plan to move forward<\/li>\n  <\/ul>\n<\/div>","cta_text":"Ver más","cta_link":"","cta_bg":"#0c3b2e","cta_text_color":"#ffffff","cta_border_color":"#0c3b2e"}},"boton_NbQmT4":{"type":"boton","settings":{"titulo":"Landscape Design","imagen":"shopify:\/\/shop_images\/assets_task_01jz03g3p3exvr85338pbwpf2f_1751276800_img_1_1.webp","descripcion":"<div class=\"homad-service-section\">\n  <h3>Aesthetic and Functional Transformation of Your Outdoor Space with Solar Lighting<\/h3>\n  <p>If your terrace, garden, or entrance doesn't reflect the atmosphere you want, this service helps you create a visually harmonious, functional, and energy-efficient environment.<\/p>\n\n  <h4>What’s Included<\/h4>\n  <ul>\n    <li>Visual analysis of your space (via photos, sketches, or video)<\/li>\n    <li>Strategic layout of solar lighting points<\/li>\n    <li>Product recommendations (model and quantity)<\/li>\n    <li>Custom aesthetic proposal tailored to your needs<\/li>\n    <li>Optional render as visual inspiration<\/li>\n  <\/ul>\n\n  <h4>Who It’s For<\/h4>\n  <p>Perfect for homeowners, Airbnb hosts, architects, or anyone looking to enhance the value and beauty of their outdoor areas.<\/p>\n\n  <h4>Benefits<\/h4>\n  <ul>\n    <li>Safer, more balanced and functional outdoor spaces<\/li>\n    <li>Enhanced aesthetic value without construction work<\/li>\n    <li>Optimized use of solar lighting products<\/li>\n  <\/ul>\n<\/div>","cta_text":"Ver más","cta_link":"","cta_bg":"#0c3b2e","cta_text_color":"#ffffff","cta_border_color":"#0c3b2e"}},"boton_J6JNJt":{"type":"boton","settings":{"titulo":"Architectural Design","imagen":"shopify:\/\/shop_images\/assets_task_01jz03rqbafmy942jjf7pnnvdh_1751277088_img_1.webp","descripcion":"<div class=\"homad-service-section\">\n  <h3>Energy-Efficient Home Designs, Ready for the Future<\/h3>\n  <p>We design homes with smart layouts, low energy consumption, and high comfort. This service is ideal for anyone looking to build with modern, functional, and eco-conscious principles.<\/p>\n\n  <h4>What’s Included<\/h4>\n  <ul>\n    <li>Core architectural concept tailored to your needs<\/li>\n    <li>Optimized space distribution for daily functionality<\/li>\n    <li>Passive lighting and ventilation strategies<\/li>\n    <li>Recommendations for sustainable and efficient materials<\/li>\n    <li>Foundational document ready for project development<\/li>\n  <\/ul>\n\n  <h4>Who It’s For<\/h4>\n  <p>Perfect for homeowners, developers, and families planning to build a modern and comfortable home aligned with sustainable values.<\/p>\n\n  <h4>Benefits<\/h4>\n  <ul>\n    <li>Energy savings starting from the design phase<\/li>\n    <li>Increased thermal and lighting comfort<\/li>\n    <li>Reduced long-term environmental impact<\/li>\n  <\/ul>\n<\/div>","cta_text":"Ver más","cta_link":"","cta_bg":"#0c3b2e","cta_text_color":"#ffffff","cta_border_color":"#0c3b2e"}},"boton_CMNNRY":{"type":"boton","settings":{"titulo":"Project Management","imagen":"shopify:\/\/shop_images\/assets_task_01jz045chff1sbs11z40g5asvb_1751277511_img_1.webp","descripcion":"<div class=\"homad-service-section\">\n  <h3>Complete Installation Management to Get You Up and Running from Day One<\/h3>\n  <p>If you already have your solar equipment but need help ensuring a correct and safe installation, we coordinate the entire process with certified technicians.<\/p>\n\n  <h4>What’s Included<\/h4>\n  <ul>\n    <li>Sourcing qualified installers in your area<\/li>\n    <li>Coordinating the full installation schedule<\/li>\n    <li>Remote supervision of the process<\/li>\n    <li>Quality checklist and warranty verification<\/li>\n    <li>Post-installation support to ensure everything works perfectly<\/li>\n  <\/ul>\n\n  <h4>Who It’s For<\/h4>\n  <p>Ideal for anyone who wants a worry-free solar installation, handled by professionals, with full support and oversight.<\/p>\n\n  <h4>Benefits<\/h4>\n  <ul>\n    <li>Guaranteed safe and professional installation<\/li>\n    <li>Total peace of mind throughout the process<\/li>\n    <li>Step-by-step guidance until your system is fully operational<\/li>\n  <\/ul>\n<\/div>","cta_text":"Ver más","cta_link":"","cta_bg":"#000000","cta_text_color":"#ffffff","cta_border_color":"#000000"}}},"block_order":["boton_qY6Ptd","boton_DytXTh","boton_NbQmT4","boton_J6JNJt","boton_CMNNRY"],"name":"Bloque Dinámico","settings":{"section_height_pc":"650px","bloque_a_width_pc":"50%","bloque_b_width_pc":"50%","font_size_pc":"15px","btn_width_pc":"280px","btn_height_pc":"50px","bloque_b_padding_pc":"30px 20px 0px 20px","bloque_b_align":"flex-start","section_height_mobile":"600px","bloque_a_height_mobile":"30%","bloque_b_height_mobile":"80%","font_size_movil":"13px","btn_width_mobile":"240px","btn_height_mobile":"50px","bloque_b_padding_mobile":"20px 20px 20px 20px","bloque_b_align_mobile":"flex-start","color_bg":"rgba(0,0,0,0)","bloque_b_bg":"rgba(0,0,0,0)","padding_inline":"16px","text_color":"#0c3b2e","glass_color":"#f4f4f1","glass_blur":20,"glass_active_opacity":0.9,"radio_bordes":"30px","section_border_radius":"30px","section_border_radius_mobile":"0","cta_width":"200px","cta_padding":"12px 15px","cta_radius":"30px","cta_font_size":"15px"}},"instagram_shop_MrzpKr":{"type":"instagram-shop","blocks":{"instagram_item_dLhwfU":{"type":"instagram_item","settings":{"media":"","product1":"","top1":30,"left1":49,"product2":"","top2":50,"left2":50,"product3":"","top3":75,"left3":75,"product4":"","top4":70,"left4":70,"more_info":"<p>We're totally smitten over this look! will you be creating a red or pink makeup look for valentine's day?<\/p><p>#cotton #aceno #trending #sale<\/p>","store_name":"Aceno store","image_url":""}},"instagram_item_yFxX9h":{"type":"instagram_item","settings":{"media":"","product1":"","top1":30,"left1":49,"product2":"","top2":50,"left2":50,"product3":"","top3":75,"left3":75,"product4":"","top4":70,"left4":70,"more_info":"<p>We're totally smitten over this look! will you be creating a red or pink makeup look for valentine's day?<\/p><p>#cotton #aceno #trending #sale<\/p>","store_name":"Aceno store","image_url":""}},"instagram_item_CYNxnK":{"type":"instagram_item","settings":{"media":"","product1":"","top1":30,"left1":49,"product2":"","top2":50,"left2":50,"product3":"","top3":75,"left3":75,"product4":"","top4":70,"left4":70,"more_info":"<p>We're totally smitten over this look! will you be creating a red or pink makeup look for valentine's day?<\/p><p>#cotton #aceno #trending #sale<\/p>","store_name":"Aceno store","image_url":""}},"instagram_item_9y4KVr":{"type":"instagram_item","settings":{"media":"","product1":"","top1":30,"left1":49,"product2":"","top2":50,"left2":50,"product3":"","top3":75,"left3":75,"product4":"","top4":70,"left4":70,"more_info":"<p>We're totally smitten over this look! will you be creating a red or pink makeup look for valentine's day?<\/p><p>#cotton #aceno #trending #sale<\/p>","store_name":"Aceno store","image_url":""}}},"block_order":["instagram_item_dLhwfU","instagram_item_yFxX9h","instagram_item_CYNxnK","instagram_item_9y4KVr"],"disabled":true,"settings":{"full_with":false,"max_with":"","color_bg":"rgba(0,0,0,0)","padding_block":"60px 0px 40px 0px","padding_block_m":"20px 0px","margin_block":"","column1":4,"column2":3,"column3":2,"slide_variableWidth":false,"navigation":true,"pagination":false,"infinite":true,"autoplay":false,"autoplay_speed":"10000"}}},"order":["breadcrumb","main","slideshow_34Xiqd","border_7jjEmH","bloque_dinamico_R6X8dF","instagram_shop_MrzpKr"]}