{"sections":{"breadcrumb":{"type":"breadcrumb-page","disabled":true,"settings":{"full_with":false,"max_with":"","margin_block":"0 auto 30px","breadcrumb_title":"","enable_title":"alwary","breadcrumb_bg":"#ffffff","breadcrumb_color_heading":"#1f1f27","breadcrumb_color":"#1f1f27","breadcrumb_color_link":"#7c99a9","breadcrumb-height":"60px","breadcrumb-mheight":"60px","text-align":"center"}},"main":{"type":"main-page","disabled":true,"settings":{"full_with":false,"max_with":"","color_bg":"rgba(0,0,0,0)","padding_block":"","padding_block_m":"","margin_block":""}},"background_parallax_D7WeQp":{"type":"background-parallax","blocks":{"text_anB94M":{"type":"text","settings":{"text":"Our contacts","text_style":"text","font-weight":"fw-medium","text_color_desktop":"#ffffff","text_font_size_desktop":19,"margin_desktop":"0 0 15px","text_font_size_tablet":18,"margin_tablet":"0 0 15px","text_font_size_mobile":17,"margin_mobile":"0"}},"text_3tBHee":{"type":"text","settings":{"text":"We’re Here to Help You","text_style":"h3","font-weight":"fw-normal","text_color_desktop":"#ffffff","text_font_size_desktop":45,"margin_desktop":"0 0 30px","text_font_size_tablet":40,"margin_tablet":"0 0 30px","text_font_size_mobile":36,"margin_mobile":"0 0 15px"}},"text_6bEgjr":{"type":"text","settings":{"text":"Got a project in mind? We’d love to hear about it. Take five minutes to fill out our project form so that we can get to know you and understand your project.","text_style":"text","font-weight":"fw-normal","text_color_desktop":"#ffffff","text_font_size_desktop":15,"margin_desktop":"","text_font_size_tablet":15,"margin_tablet":"","text_font_size_mobile":14,"margin_mobile":""}}},"block_order":["text_anB94M","text_3tBHee","text_6bEgjr"],"settings":{"full_with":false,"max_with":"","color_bg":"rgba(0,0,0,0)","image_bg":"shopify:\/\/shop_images\/contact-image1.png","image_bg_parallax":true,"padding_block":"200px 0","padding_block_m":"60px 0","content_align":"center","text_align":"center","content_max_with":"690px","padding_content":"","padding_content_m":"","content_color_bg":"#1f1f27","opacity":0}},"e10b10d1-c11b-4f37-9541-b69f93721b4a":{"type":"contact-form1","settings":{"full_with":false,"max_with":"","color_bg":"rgba(0,0,0,0)","padding_block":"90px 0","padding_block_m":"60px 0","margin_block":"","contactform_heading":"Contact us","contactform_desc":"","contactinfo_title":"Find us here.","contactinfo_add":"<span class=\"d-block heading-color fw-medium\">Address:<\/span>\n1234 Heaven Stress, Beverly Hill, Melbourne, USA.","contactinfo_phone":"<span class=\"d-block heading-color fw-medium\">Phone Number:<\/span>(800) 123 456 789, (800) 987 654 321","contactinfo_email":"<span class=\"d-block heading-color fw-medium\">Email:<\/span>Contact@erentheme.com","contactinfo_time":"","contactinfo_desc":"<span class=\"fw-semibold\">Aceno<\/span> is a premium Templates theme with advanced admin module. It’s extremely customizable, easy to use and fully responsive and retina ready. Vel illum dolore eu feugiat nulla facilisis at vero eros et accumsan et iusto odio dignissim qui blandit praesent luptatum zzril delenit augue duis dolore te feugait nulla facilisi."}},"d42f6146-8e25-421b-8825-680b10aadb59":{"type":"googlemap","settings":{"full_with":true,"max_with":"","color_bg":"rgba(0,0,0,0)","padding_block":"","padding_block_m":"","margin_block":"","googlemap_iframe":"<iframe src=\"https:\/\/www.google.com\/maps\/embed?pb=!1m14!1m8!1m3!1d19867.311686031117!2d-0.111056!3d51.505621!3m2!1i1024!2i768!4f13.1!3m3!1m2!1s0x0%3A0x4291f3172409ea92!2slastminute.com%20London%20Eye!5e0!3m2!1sen!2sus!4v1631783144736!5m2!1sen!2sus\" width=\"100%\" height=\"600px\" style=\"border:0;\" allowfullscreen=\"\" loading=\"lazy\"><\/iframe>","min-height":"590px","min-height-m":"300px"}}},"order":["breadcrumb","main","background_parallax_D7WeQp","e10b10d1-c11b-4f37-9541-b69f93721b4a","d42f6146-8e25-421b-8825-680b10aadb59"]}