{"sections":{"slideshow_8aVarM":{"type":"slideshow","blocks":{"09ccb803-5e04-4c7f-b262-eab1e9fe9759":{"type":"image","settings":{"image":"shopify:\/\/shop_images\/h6-slide1.jpg","bg_align":"center","link":"shopify:\/\/collections\/frontpage","box_maxwidth":"","padding_block":"50px 0 120px","content_color":"rgba(0,0,0,0)","opacity":0,"alignment":"justify-content-md-start align-items-md-end","text-alignment":"start","slides_effect":"fadeInUp","subheading":"<span class=\"fw-medium\">Up to 50% off online<\/span>","subheading_color":"#1f1f27","subheading_font_family":"text","subheading_font_size":19,"subheading_font_size_l":18,"subheading_font_size_m":17,"subheading_margin":"0 0 15px","subheading_margin_m":"0 0 10px","title":"New Arrivals &amp;","title_color":"#1f1f27","title_font_family":"h3","title_font_size":72,"title_font_size_l":54,"title_font_size_m":38,"title_margin":"0 0 5px","title_margin_m":"0 0 5px","title2":"Restock","title2_color":"#1f1f27","title2_font_family":"h3","title2_font_size":72,"title2_font_size_l":54,"title2_font_size_m":38,"title2_margin":"0 0 50px","title2_margin_m":"0 0 30px","desc":"","desc_color":"#1f1f27","desc_font_family":"text","desc_font_size":16,"desc_font_size_l":16,"desc_font_size_m":16,"desc_margin":"","desc_margin_m":"","btn_text":"Shop now","btn_url":"shopify:\/\/collections\/frontpage","btn_font_size":16,"btn_font_size_m":15,"btn_padding":"12px 35px","btn_padding_m":"10px 25px","btn_text_color":"#ffffff","btn_border_color":"#1f1f27","btn_border_width":"0","btn_bg_color":"#1f1f27","btn_text_hover_color":"#ffffff","btn_border_hover_color":"#515167","btn_bg_hover_color":"#515167","btn_margin":"","btn_margin_m":"","btn_text1":"","btn_url1":"shopify:\/\/collections\/frontpage","btn_font_size1":16,"btn_font_size_m1":15,"btn_padding1":"0 0 2px","btn_padding_m1":"0","btn_text_color1":"#1f1f27","btn_border_color1":"#111111","btn_border_width1":"0 0 2px 0","btn_bg_color1":"rgba(0,0,0,0)","btn_text_hover_color1":"#515167","btn_border_hover_color1":"#515167","btn_bg_hover_color1":"rgba(0,0,0,0)","btn_margin1":"0 0 0 24px","btn_margin_m1":"0 0 0 20px","image_mobile":"shopify:\/\/shop_images\/h6-slide1-m.jpg","padding_block_m":"50px 16px","text-mb-alignment":"start","mb-alignment":"justify-content-start align-items-end"}},"image_YFBFqa":{"type":"image","settings":{"image":"shopify:\/\/shop_images\/h6-slide2.jpg","bg_align":"center","link":"shopify:\/\/collections\/frontpage","box_maxwidth":"","padding_block":"50px 0 120px","content_color":"rgba(0,0,0,0)","opacity":0,"alignment":"justify-content-md-start align-items-md-end","text-alignment":"start","slides_effect":"fadeInUp","subheading":"<span class=\"fw-medium\">Week's Highlights<\/span>","subheading_color":"#1f1f27","subheading_font_family":"text","subheading_font_size":19,"subheading_font_size_l":18,"subheading_font_size_m":17,"subheading_margin":"0 0 15px","subheading_margin_m":"0 0 10px","title":"Beyond Cool","title_color":"#1f1f27","title_font_family":"h3","title_font_size":72,"title_font_size_l":54,"title_font_size_m":38,"title_margin":"0 0 5px","title_margin_m":"0 0 5px","title2":"Colors","title2_color":"#1f1f27","title2_font_family":"h3","title2_font_size":72,"title2_font_size_l":54,"title2_font_size_m":38,"title2_margin":"0 0 50px","title2_margin_m":"0 0 40px","desc":"","desc_color":"#1f1f27","desc_font_family":"text","desc_font_size":16,"desc_font_size_l":16,"desc_font_size_m":16,"desc_margin":"","desc_margin_m":"","btn_text":"Shop now","btn_url":"shopify:\/\/collections\/frontpage","btn_font_size":16,"btn_font_size_m":15,"btn_padding":"12px 35px","btn_padding_m":"10px 25px","btn_text_color":"#ffffff","btn_border_color":"#1f1f27","btn_border_width":"0","btn_bg_color":"#1f1f27","btn_text_hover_color":"#ffffff","btn_border_hover_color":"#515167","btn_bg_hover_color":"#515167","btn_margin":"","btn_margin_m":"","btn_text1":"","btn_url1":"shopify:\/\/collections\/frontpage","btn_font_size1":16,"btn_font_size_m1":15,"btn_padding1":"0 0 2px","btn_padding_m1":"0","btn_text_color1":"#1f1f27","btn_border_color1":"#111111","btn_border_width1":"0 0 2px 0","btn_bg_color1":"rgba(0,0,0,0)","btn_text_hover_color1":"#515167","btn_border_hover_color1":"#515167","btn_bg_hover_color1":"rgba(0,0,0,0)","btn_margin1":"0 0 0 24px","btn_margin_m1":"0 0 0 20px","image_mobile":"shopify:\/\/shop_images\/h6-slide2-m.jpg","padding_block_m":"50px 16px","text-mb-alignment":"start","mb-alignment":"justify-content-start align-items-end"}}},"block_order":["09ccb803-5e04-4c7f-b262-eab1e9fe9759","image_YFBFqa"],"settings":{"full_with":true,"max_with":"","color_bg":"rgba(0,0,0,0)","padding_block":"","padding_block_m":"","margin_block":"","slideshow-height":"920px","slideshow-theight":"800px","slideshow-mheight":"600px","navigation":true,"pagination":true,"autoplay":false,"autoplay_speed":"8000","caption_full_with":false,"caption_max_with":"","position_content":true,"scrolldown":false,"scrolldown_text":"Scroll down","scrolldown_color":"#00142b","style_special":true,"slide-show-fullheight":true}},"collection_list_zbjXPd":{"type":"collection-list","blocks":{"collection_3wBhJk":{"type":"collection","settings":{"collection_title":"BACKPACKS","collection_image":"shopify:\/\/shop_images\/h6-col1.jpg","collection_handle":""}},"collection_WXJjPE":{"type":"collection","settings":{"collection_title":"Dresses","collection_image":"shopify:\/\/shop_images\/h6-col2.jpg","collection_handle":""}},"collection_9rWVzj":{"type":"collection","settings":{"collection_title":"T-shirts","collection_image":"shopify:\/\/shop_images\/h6-col3.png","collection_handle":"frontpage"}},"collection_iwk4Ex":{"type":"collection","settings":{"collection_title":"Skirts","collection_image":"shopify:\/\/shop_images\/h6-col4.png","collection_handle":""}},"collection_fbC4C4":{"type":"collection","settings":{"collection_title":"Shoes","collection_image":"shopify:\/\/shop_images\/h6-col5.png","collection_handle":"shoes"}},"collection_qGLhBa":{"type":"collection","settings":{"collection_title":"Accessories","collection_image":"shopify:\/\/shop_images\/h6-col6.jpg","collection_handle":"accessories"}}},"block_order":["collection_3wBhJk","collection_WXJjPE","collection_9rWVzj","collection_iwk4Ex","collection_fbC4C4","collection_qGLhBa"],"settings":{"full_with":false,"max_with":"","color_bg":"rgba(0,0,0,0)","padding_block":"92px 0","padding_block_m":"56px 0","margin_block":"","margin_block_m":"","heading":"You Might Like","sub_heading":"Explore the latest shopping related search trends in this week.","text_align":"text-center","space_between":"4","column1":4,"column2":3,"column3":2,"collection_style":"style3","image_ratio":"adapt","crop":false,"collection_count":true,"slide_variableWidth":true,"navigation":true,"pagination":false,"infinite":true,"autoplay":false,"autoplay_speed":"10000"}},"heading_UGiWqE":{"type":"heading","blocks":{"text_X3DbVd":{"type":"text","settings":{"title_style":"default","text":"This Week's Highlights","text_alignment":"center","text_style":"ff-heading","text_font-weight":"fw-normal","text_color_desktop":"#1f1f27","text_font_size_desktop":36,"margin_desktop":"","text_font_size_tablet":34,"margin_tablet":"","text_font_size_mobile":32,"margin_mobile":""}}},"block_order":["text_X3DbVd"],"settings":{"full_with":false,"max_with":"","color_bg":"rgba(0,0,0,0)","padding_block":"94px 0 0","padding_block_m":"56px 0 0","margin_block":"0 0 18px"}},"product_tab_JXgGrM":{"type":"product-tab","blocks":{"tab_XUFibc":{"type":"tab","settings":{"title":"Hot Items","collection":"skirts"}},"tab_Y6HecW":{"type":"tab","settings":{"title":"Best Sellers","collection":"denim"}},"tab_Ni9BWf":{"type":"tab","settings":{"title":"On Sale","collection":"shoes"}},"tab_mCLgKM":{"type":"tab","settings":{"title":"New arrivals","collection":""}}},"block_order":["tab_XUFibc","tab_Y6HecW","tab_Ni9BWf","tab_mCLgKM"],"settings":{"full_with":false,"max_with":"1860px","color_bg":"rgba(0,0,0,0)","padding_block":"0 0 96px","padding_block_m":"0 0 60px","margin_block":"","producttab_style":"style1","limit":8,"button_text":"Shop Now","space_between":"4","column1":4,"column2":2,"column3":2,"product_style":"style1","slide_variableWidth":false,"navigation":true,"pagination":false,"infinite":true,"autoplay":false,"autoplay_speed":"10000"}},"logo_list_ME7xdR":{"type":"logo-list","blocks":{"image_tCw4aM":{"type":"image","settings":{"link":"shopify:\/\/collections\/accessories","image":"shopify:\/\/shop_images\/h2-brand-1.png"}},"image_CARyRX":{"type":"image","settings":{"link":"shopify:\/\/collections\/modern","image":"shopify:\/\/shop_images\/h2-brand-2.png"}},"image_BwxEHp":{"type":"image","settings":{"link":"shopify:\/\/collections\/modern","image":"shopify:\/\/shop_images\/h2-brand-3.png"}},"image_ceti6j":{"type":"image","settings":{"link":"shopify:\/\/collections\/frontpage","image":"shopify:\/\/shop_images\/h2-brand-4.png"}},"image_6eUEMp":{"type":"image","settings":{"link":"shopify:\/\/collections\/pajamas","image":"shopify:\/\/shop_images\/h2-brand-5.png"}},"image_i7T4Gp":{"type":"image","settings":{"link":"shopify:\/\/collections\/women","image":"shopify:\/\/shop_images\/h2-brand-6.png"}}},"block_order":["image_tCw4aM","image_CARyRX","image_BwxEHp","image_ceti6j","image_6eUEMp","image_i7T4Gp"],"settings":{"full_with":false,"max_with":"","color_bg":"#eff0f2","padding_block":"40px 0","padding_block_m":"40px 0","margin_block":"","column1":6,"column2":3,"column3":2,"logo_size":"210x105","image_ratio":"adapt","crop":false,"brand-effect":true,"navigation":true,"infinite":true,"autoplay":false,"autoplay_speed":"10000"}},"product_list_LVHUNJ":{"type":"product-list","settings":{"full_with":false,"max_with":"","color_bg":"rgba(0,0,0,0)","padding_block":"92px 0 96px","padding_block_m":"54px 0 60px","margin_block":"","heading":"Top Trending","sub_heading":"","text_align":"text-start","collection_handle":"denim","limit":4,"button_text":"","space_between":"4","column1":4,"column2":4,"column3":3,"product_style":"style5","slide_variableWidth":false,"navigation":false,"pagination":true,"infinite":true,"autoplay":false,"autoplay_speed":"10000"}},"heading_countdown_f4t8BC":{"type":"heading-countdown","settings":{"full_with":false,"max_with":"","color_bg":"#eff0f2","padding_block":"96px 0 30px","padding_block_m":"60px 0 30px","margin_block":"","countdown_title":"Coming soon! Jacket Collection","countdown_description":"<p style=\"max-width: 620px; margin-bottom: 0;\">Gear up and brace yourself for the exhilarating Next Drop Sale! You won't want to overlook the incredible discounts and exclusive offers available.<\/p>","countdown_timeend":"2024\/11\/31"}},"image_with_text_kMrq9f":{"type":"image-with-text","blocks":{"button_m9fLQy":{"type":"button","settings":{"button":"Discover Now","link":"shopify:\/\/collections\/pajamas","button_font_size":16,"button_padding":"11px 32px","margin":"","button_color":"#1f1f27","button_border-width":"","button_color_border":"#ffffff","button_color_bg":"#ffffff","border_radius":"rounded-0","button_color_hover":"#ffffff","button_color_border_hover":"#515167","button_color_bg_hover":"#515167","button_font_size_mobile":14,"button_padding_mobile":"","button_icon":"none","button_icon_size":"14x14"}}},"block_order":["button_m9fLQy"],"settings":{"full_with":false,"max_with":"","color_bg":"#eff0f2","bg_align":"center","padding_block":"0 0 96px","padding_block_m":"0 0 60px","margin_block":"","border_radius":"rounded-3","space_between":"0","text_align":"center","banner_mobile":"hidden","banner_url":"shopify:\/\/collections\/pajamas","banner_size":1,"banner_size_ipad":58,"banner_size_mobile":100,"banner_position":"left","content_max_with":"","padding_content":"530px 0 56px","padding_content_m":"230px 0 30px","margin_content":"0 auto","content_image_bg":"shopify:\/\/shop_images\/h6-banner2.png","content_color_bg":"#eef0f2","opacity":100}},"services_NNQqxQ":{"type":"services","blocks":{"item_NKTeDq":{"type":"item","settings":{"icon":"shopify:\/\/shop_images\/icon-service-1.svg","box_title":"Fast Delivery","heading_color":"#1f1f27","box_title_size":16,"box_title_size_m":16,"box_desc":"Deliver in 24 hours max!","desc_color":"#515167","box_desc_size":16,"box_desc_size_m":16,"button_text":"","button_url":""}},"item_aJapf9":{"type":"item","settings":{"icon":"shopify:\/\/shop_images\/icon-service-2.svg","box_title":"Safe Payment","heading_color":"#1f1f27","box_title_size":16,"box_title_size_m":16,"box_desc":"Visa, Mastercard, PayPal...","desc_color":"#515167","box_desc_size":16,"box_desc_size_m":16,"button_text":"","button_url":""}},"item_9tAai6":{"type":"item","settings":{"icon":"shopify:\/\/shop_images\/icon-service-3.svg","box_title":"24\/7 Online Support","heading_color":"#1f1f27","box_title_size":16,"box_title_size_m":16,"box_desc":"24 hours a day, 7 days a week","desc_color":"#515167","box_desc_size":16,"box_desc_size_m":16,"button_text":"","button_url":""}},"item_HwweAC":{"type":"item","settings":{"icon":"shopify:\/\/shop_images\/icon-service-4.svg","box_title":"Free Returns","heading_color":"#1f1f27","box_title_size":16,"box_title_size_m":16,"box_desc":"Free returns within 15 days","desc_color":"#515167","box_desc_size":16,"box_desc_size_m":16,"button_text":"","button_url":""}}},"block_order":["item_NKTeDq","item_aJapf9","item_9tAai6","item_HwweAC"],"settings":{"full_with":false,"max_with":"1800px","color_bg":"rgba(0,0,0,0)","padding_block":"96px 0","padding_block_m":"60px 0","margin_block":"","heading":"","sub_heading":"","text_align":"text-start","column1":4,"column2":2,"column3":1,"iconsize":"70x70","service_style":"default","navigation":false,"pagination":true,"infinite":false,"autoplay":false,"autoplay_speed":"10000"}},"multi_image_with_text_RwKUth":{"type":"multi-image-with-text","blocks":{"feature_item_6BamVn":{"type":"feature_item","settings":{"width_desk":50,"width_tablet":50,"width_mobile":100,"item_padding":"64px","item_padding_m":"32px","content_bg_color":"rgba(0,0,0,0)","text_align":"text-start align-items-end","banner_position":"over","banner":"shopify:\/\/shop_images\/h8-banner12.jpg","subtitle":"","heading_subcolor":"#ffffff","heading_sub_size":12,"heading_sub_size_m":12,"heading_sub_margin":"","heading_sub_margin_m":"","title":"Summer Feels Like","heading_color":"#ffffff","heading_size":36,"heading_size_m":32,"heading_margin":"","heading_margin_m":"","content":"<span class=\"fw-medium\">Can make you stand out from the rest<\/span>","text_color":"#ffffff","text_size":16,"text_size_m":16,"text_margin":"5px 0 28px","text_margin_m":"5px 0 28px","button":"Shop now","button_url":"shopify:\/\/collections\/men","button_color":"#1f1f27","button_border_color":"#ffffff","button_width":"1px","border_radius":"rounded-pill","button_bg_color":"#ffffff","button_size":16,"button_size_m":16,"button_padding":"9px 30px","button_padding_m":"9px 30px"}},"feature_item_LniF4E":{"type":"feature_item","settings":{"width_desk":50,"width_tablet":50,"width_mobile":100,"item_padding":"64px","item_padding_m":"32px","content_bg_color":"rgba(0,0,0,0)","text_align":"text-start align-items-end","banner_position":"over","banner":"shopify:\/\/shop_images\/h8-banner13.jpg","subtitle":"","heading_subcolor":"#ffffff","heading_sub_size":12,"heading_sub_size_m":12,"heading_sub_margin":"","heading_sub_margin_m":"","title":"As Bright As The Last","heading_color":"#ffffff","heading_size":36,"heading_size_m":32,"heading_margin":"","heading_margin_m":"","content":"<span class=\"fw-medium\">Anything you’re thinking about wearing<\/span>","text_color":"#ffffff","text_size":16,"text_size_m":16,"text_margin":"5px 0 28px","text_margin_m":"5px 0 28px","button":"Discover Now","button_url":"shopify:\/\/collections\/men","button_color":"#1f1f27","button_border_color":"#ffffff","button_width":"1px","border_radius":"rounded-pill","button_bg_color":"#ffffff","button_size":16,"button_size_m":16,"button_padding":"9px 30px","button_padding_m":"9px 30px"}}},"block_order":["feature_item_6BamVn","feature_item_LniF4E"],"settings":{"full_with":false,"max_with":"1840px","color_bg":"rgba(0,0,0,0)","padding_block":"16px 0 115px","padding_block_m":"16px 0 76px","margin_block":"","heading":"","sub_heading":"","text_align":"text-start","space_between":30,"space_between_m":16,"column1":4,"column2":3,"column3":2,"slide_variableWidth":false,"navigation":true,"pagination":false,"infinite":true,"autoplay":false,"autoplay_speed":"10000"}}},"order":["slideshow_8aVarM","collection_list_zbjXPd","heading_UGiWqE","product_tab_JXgGrM","logo_list_ME7xdR","product_list_LVHUNJ","heading_countdown_f4t8BC","image_with_text_kMrq9f","services_NNQqxQ","multi_image_with_text_RwKUth"]}