{"sections":{"slideshow_YUQQxz":{"type":"slideshow","blocks":{"image_exFNbg":{"type":"image","settings":{"image":"shopify:\/\/shop_images\/assets_task_01jv2nsm19fc18k646975bbkr1_1747067996_img_3.webp","bg_align":"center","link":"","box_maxwidth":"","padding_block":"10px 40px","content_color":"#ffffff","opacity":0,"alignment":"justify-content-md-center align-items-md-center","text-alignment":"center","slides_effect":"fadeInUp","subheading":"","subheading_color":"#ffffff","subheading_font_family":"text","subheading_font_size":19,"subheading_font_size_l":18,"subheading_font_size_m":17,"subheading_margin":"0 0 15px","subheading_margin_m":"0 0 10px","title":"Let’s connect","title_color":"#ffffff","title_font_family":"h3","title_font_size":30,"title_font_size_l":27,"title_font_size_m":22,"title_margin":"0 0 20px","title_margin_m":"0 0 10px","title2":"We’re here to help with anything you need.","title2_color":"#ffffff","title2_font_family":"ff-special","title2_font_size":16,"title2_font_size_l":16,"title2_font_size_m":12,"title2_margin":"","title2_margin_m":"","desc":"","desc_color":"#111111","desc_font_family":"text","desc_font_size":14,"desc_font_size_l":12,"desc_font_size_m":10,"desc_margin":"","desc_margin_m":"","btn_text":"","btn_url":"","btn_font_size":14,"btn_font_size_m":12,"btn_padding":"10px 30px","btn_padding_m":"6px 25px","btn_text_color":"#ffffff","btn_border_color":"#111111","btn_border_width":"","btn_bg_color":"#111111","btn_text_hover_color":"#ffffff","btn_border_hover_color":"#111111","btn_bg_hover_color":"#111111","btn_margin":"","btn_margin_m":"","btn_text1":"","btn_url1":"","btn_font_size1":14,"btn_font_size_m1":12,"btn_padding1":"10px 30px","btn_padding_m1":"6px 25px","btn_text_color1":"#ffffff","btn_border_color1":"#111111","btn_border_width1":"","btn_bg_color1":"#111111","btn_text_hover_color1":"#ffffff","btn_border_hover_color1":"#111111","btn_bg_hover_color1":"#111111","btn_margin1":"","btn_margin_m1":"","padding_block_m":"10px 0","text-mb-alignment":"center","mb-alignment":"justify-content-center align-items-center"}}},"block_order":["image_exFNbg"],"disabled":true,"name":"Slideshow","settings":{"full_with":true,"max_with":"","color_bg":"rgba(0,0,0,0)","padding_block":"0px","padding_block_m":"","margin_block":"","border_radius":"rounded-0","slideshow-height":"300px","slideshow-theight":"calc(100vh - 160px)","slideshow-mheight":"150px","navigation":true,"pagination":true,"autoplay":false,"autoplay_speed":"8000","caption_full_with":true,"caption_max_with":"1810","position_content":true,"scrolldown":false,"scrolldown_text":"Scroll down","scrolldown_color":"#111111","style_special":true,"slide-show-fullheight":false}},"breadcrumb":{"type":"breadcrumb-page","disabled":true,"settings":{"full_with":false,"max_with":"","margin_block":"","breadcrumb_title":"","enable_title":"alwary","breadcrumb_bg":"#ffffff","breadcrumb_color_heading":"#1f1f27","breadcrumb_color":"#1f1f27","breadcrumb_color_link":"#7c99a9","breadcrumb-height":"60px","breadcrumb-mheight":"60px","text-align":"center"}},"main":{"type":"main-page","disabled":true,"settings":{"full_with":false,"max_with":"","color_bg":"rgba(0,0,0,0)","padding_block":"","padding_block_m":"","margin_block":""}},"0b196b44-b268-4c1f-bdb4-a54a433a12cf":{"type":"contact-form2","blocks":{"771ab3ed-7281-481e-8816-d7d214bcbbd3":{"type":"contactinfo","disabled":true,"settings":{"contactinfo_title":"New York Plaza","contactinfo_desc":"","contactinfo_add":"Add: 88 Pine St, New York,\nNY 10005, USA","contactinfo_phone":"Phone Number: +1 987-876-6543","contactinfo_email":"Mail: Majextic@gmail.com","contactinfo_time":"Time: Monday - Friday: 8am - 4pm"}},"33d54dbd-9e5e-4019-8e08-54b6d219ea79":{"type":"contactinfo","disabled":true,"settings":{"contactinfo_title":" Chicago Plaza","contactinfo_desc":"","contactinfo_add":"Add: 88 Pine St, Chicago, Illinois 10005, USA","contactinfo_phone":"Phone Number: +1 987-876-6543","contactinfo_email":"Mail: Majextic@gmail.com","contactinfo_time":"Time: Monday - Friday: 8am - 4pm"}},"3c789dc7-f0b1-40ee-a43f-bbc213c83d98":{"type":"contactinfo","disabled":true,"settings":{"contactinfo_title":"Houston Plaza","contactinfo_desc":"","contactinfo_add":"Add: 188 Pine St, Houston, Texas 10005, USA","contactinfo_phone":"Phone Number: +1 987-876-6543","contactinfo_email":"Mail: Majextic@gmail.com","contactinfo_time":"Time: Monday - Friday: 8am - 4pm"}},"7b8c66ab-91f7-4be9-8348-ef4b73c90e2c":{"type":"contactinfo","disabled":true,"settings":{"contactinfo_title":"Phoenix plaza","contactinfo_desc":"","contactinfo_add":"Add: 88 Pine St, New York, NY 10005, USA","contactinfo_phone":"Phone Number: +1 987-876-6543","contactinfo_email":"Mail: Majextic@gmail.com","contactinfo_time":"Time: Monday - Friday: 8am - 4pm"}}},"block_order":["771ab3ed-7281-481e-8816-d7d214bcbbd3","33d54dbd-9e5e-4019-8e08-54b6d219ea79","3c789dc7-f0b1-40ee-a43f-bbc213c83d98","7b8c66ab-91f7-4be9-8348-ef4b73c90e2c"],"settings":{"full_with":false,"max_with":"","color_bg":"rgba(0,0,0,0)","padding_block":"50px 0","padding_block_m":"50px 0","margin_block":"","contactform_heading":"Contact us","contactform_desc":"Have a question, issue, or just want to say hello? We’d love to hear from you.At Homad, we’re committed to providing a smooth and professional shopping experience.Whether it's about your order, shipping information, or anything else, feel free to reach out.","googlemap_iframe":"<iframe src=\"https:\/\/www.google.com\/maps\/embed?pb=!1m18!1m12!1m3!1d2790.5083903319067!2d-106.95733272378624!3d44.797137071070876!2m3!1f0!2f0!3f0!3m2!1i1024!2i768!4f13.1!3m3!1m2!1s0x5335fabc2a66677f%3A0x8f85bd068d1afb8a!2sOnTruck%20Solutions%20LLC%2C%2030%20N%20Gould%20St%2C%20Sheridan%2C%20WY%2082801%2C%20USA!5e0!3m2!1sen!2sus!4v1717172229000!5m2!1sen!2sus\" width=\"100%\" height=\"600px\" style=\"border:0;\" allowfullscreen=\"\" loading=\"lazy\" referrerpolicy=\"no-referrer-when-downgrade\">\n<\/iframe>","min-height":"530px","min-height-m":"350px"}}},"order":["slideshow_YUQQxz","breadcrumb","main","0b196b44-b268-4c1f-bdb4-a54a433a12cf"]}