{"sections":{"slideshow_8aVarM":{"type":"slideshow","blocks":{"09ccb803-5e04-4c7f-b262-eab1e9fe9759":{"type":"image","settings":{"image":"shopify:\/\/shop_images\/h11-slide1.jpg","bg_align":"center","link":"shopify:\/\/collections\/frontpage","box_maxwidth":"","padding_block":"50px 0","content_color":"rgba(0,0,0,0)","opacity":0,"alignment":"justify-content-md-start align-items-md-center","text-alignment":"center","slides_effect":"fadeInUp","subheading":"<span class=\"fw-semibold text-uppercase\">Sale Up to 30% Off<\/span>","subheading_color":"#1f1f27","subheading_font_family":"text","subheading_font_size":13,"subheading_font_size_l":13,"subheading_font_size_m":13,"subheading_margin":"0 0 15px","subheading_margin_m":"0 0 10px","title":"Amazing House Plant","title_color":"#1f1f27","title_font_family":"h3","title_font_size":46,"title_font_size_l":40,"title_font_size_m":38,"title_margin":"0 0 5px","title_margin_m":"0 0 5px","title2":"With Pots","title2_color":"#1f1f27","title2_font_family":"h3","title2_font_size":46,"title2_font_size_l":42,"title2_font_size_m":38,"title2_margin":"0 0 50px","title2_margin_m":"0 0 30px","desc":"","desc_color":"#ffffff","desc_font_family":"text","desc_font_size":16,"desc_font_size_l":16,"desc_font_size_m":16,"desc_margin":"","desc_margin_m":"","btn_text":"Shop Now","btn_url":"shopify:\/\/collections\/frontpage","btn_font_size":16,"btn_font_size_m":15,"btn_padding":"12px 35px","btn_padding_m":"10px 25px","btn_text_color":"#ffffff","btn_border_color":"#1f1f27","btn_border_width":"0","btn_bg_color":"#1f1f27","btn_text_hover_color":"#ffffff","btn_border_hover_color":"#515167","btn_bg_hover_color":"#515167","btn_margin":"","btn_margin_m":"","btn_text1":"","btn_url1":"shopify:\/\/collections\/frontpage","btn_font_size1":16,"btn_font_size_m1":15,"btn_padding1":"0 0 2px","btn_padding_m1":"0","btn_text_color1":"#1f1f27","btn_border_color1":"#111111","btn_border_width1":"0 0 2px 0","btn_bg_color1":"rgba(0,0,0,0)","btn_text_hover_color1":"#515167","btn_border_hover_color1":"#515167","btn_bg_hover_color1":"rgba(0,0,0,0)","btn_margin1":"0 0 0 24px","btn_margin_m1":"0 0 0 20px","image_mobile":"shopify:\/\/shop_images\/h11-slide1-m.jpg","padding_block_m":"50px 8px","text-mb-alignment":"center","mb-alignment":"justify-content-center align-items-center"}}},"block_order":["09ccb803-5e04-4c7f-b262-eab1e9fe9759"],"settings":{"full_with":false,"max_with":"","color_bg":"rgba(0,0,0,0)","padding_block":"","padding_block_m":"","margin_block":"","border_radius":"rounded-3","slideshow-height":"620px","slideshow-theight":"500px","slideshow-mheight":"400px","navigation":true,"pagination":true,"autoplay":false,"autoplay_speed":"8000","caption_full_with":false,"caption_max_with":"","position_content":false,"scrolldown":false,"scrolldown_text":"Scroll down","scrolldown_color":"#00142b","style_special":true,"slide-show-fullheight":false}},"collection_list_zbjXPd":{"type":"collection-list","blocks":{"collection_3wBhJk":{"type":"collection","settings":{"collection_title":"Air Purifying","collection_handle":""}},"collection_WXJjPE":{"type":"collection","settings":{"collection_title":"Ceramic Pots","collection_handle":""}},"collection_9rWVzj":{"type":"collection","settings":{"collection_title":"Herb Seeds","collection_handle":""}},"collection_iwk4Ex":{"type":"collection","settings":{"collection_title":"Indoor Plants","collection_handle":""}},"collection_QkbHeP":{"type":"collection","settings":{"collection_title":"Rare Plants","collection_handle":""}},"collection_wDfwhP":{"type":"collection","settings":{"collection_title":"Tropical Plants","collection_handle":""}}},"block_order":["collection_3wBhJk","collection_WXJjPE","collection_9rWVzj","collection_iwk4Ex","collection_QkbHeP","collection_wDfwhP"],"settings":{"full_with":false,"max_with":"","color_bg":"rgba(0,0,0,0)","padding_block":"30px 0 72px","padding_block_m":"16px 0 60px","margin_block":"","margin_block_m":"","heading":"","sub_heading":"","text_align":"text-center","layout":"grid","space_between":"4","column1":5,"column2":3,"column3":2,"collection_style":"default","image_ratio":"adapt","crop":false,"collection_count":false,"slide_variableWidth":false,"navigation":true,"pagination":false,"infinite":true,"autoplay":false,"autoplay_speed":"10000"}},"border_E7qhR9":{"type":"border","settings":{"full_with":true,"max_with":"","color_bg":"rgba(0,0,0,0)","padding_block":"","padding_block_m":"","margin_block":"","border_style":"solid","border_width":1,"border_color":"#dadbe0","opacity":100}},"product_list_LVHUNJ":{"type":"product-list","settings":{"full_with":false,"max_with":"","color_bg":"rgba(0,0,0,0)","padding_block":"70px 0 72px","padding_block_m":"58px 0 60px","margin_block":"","heading":"New Arrivals","sub_heading":"Here’s some of our most new arrivals products that people are in love with.","text_align":"text-center","collection_handle":"","limit":6,"button_text":"","layout":"grid","space_between":"4","column1":4,"column2":3,"column3":2,"product_style":"style4","slide_variableWidth":false,"navigation":true,"pagination":true,"infinite":true,"autoplay":false,"autoplay_speed":"10000"}},"image_with_text_KqTHTK":{"type":"image-with-text","blocks":{"text_9P4mfP":{"type":"text","settings":{"text":"Outerwear collection","text_style":"text","text_font-weight":"fw-medium","text_color_desktop":"#515167","text_font_size_desktop":13,"margin_desktop":"0","text_font_size_tablet":13,"margin_tablet":"0","text_font_size_mobile":13,"margin_mobile":"10px 0 0"}},"text_AwhKPh":{"type":"text","settings":{"text":"Decorate your home with plants","text_style":"ff-heading","text_font-weight":"fw-normal","text_color_desktop":"#1f1f27","text_font_size_desktop":36,"margin_desktop":"0 0 20px","text_font_size_tablet":34,"margin_tablet":"0 0 20px","text_font_size_mobile":32,"margin_mobile":"0 0 15px"}},"text_DLMDUU":{"type":"text","settings":{"text":"<p>We believe in crafting pieces where sustainability andstyle go hand in hand. Made from materials likerecycled cashmere and sust.<\/p>","text_style":"text","text_font-weight":"fw-normal","text_color_desktop":"#515167","text_font_size_desktop":15,"margin_desktop":"0 0 45px","text_font_size_tablet":15,"margin_tablet":"0 0 40px","text_font_size_mobile":15,"margin_mobile":"0 0 36px"}},"button_VMN3HQ":{"type":"button","settings":{"button":"Shop Collection","link":"shopify:\/\/collections\/all","button_font_size":16,"button_padding":"9px 30px","margin":"","button_color":"#ffffff","button_border-width":"","button_color_border":"#1f1f27","button_color_bg":"#1f1f27","border_radius":"rounded-pill","button_color_hover":"#ffffff","button_color_border_hover":"#515167","button_color_bg_hover":"#515167","button_font_size_mobile":15,"button_padding_mobile":"8px 25px","button_icon":"none","button_icon_size":"14x14"}}},"block_order":["text_9P4mfP","text_AwhKPh","text_DLMDUU","button_VMN3HQ"],"settings":{"full_with":false,"max_with":"","color_bg":"#eff0f2","bg_align":"right","padding_block":"96px 0","padding_block_m":"60px 0","margin_block":"","border_radius":"rounded-0","space_between":"4","text_align":"start","banner_mobile":"always","banner":"shopify:\/\/shop_images\/about-image2.png","banner_url":"","banner_size":50,"banner_size_ipad":50,"banner_size_mobile":100,"banner_position":"left","content_max_with":"370px","padding_content":"","padding_content_m":"","margin_content":"0 auto","content_color_bg":"#ffffff","opacity":0}},"product_list_7kRqwr":{"type":"product-list","settings":{"full_with":true,"max_with":"","color_bg":"rgba(0,0,0,0)","padding_block":"92px 0 96px","padding_block_m":"54px 0 60px","margin_block":"","heading":"Top Picks","sub_heading":"Here’s some of our most popular products people are in love with.","text_align":"text-center","collection_handle":"skirts","limit":10,"button_text":"","layout":"grid","space_between":"4","column1":5,"column2":3,"column3":2,"product_style":"style4","slide_variableWidth":false,"navigation":true,"pagination":false,"infinite":true,"autoplay":false,"autoplay_speed":"10000"}},"four_collections_GyU9Yg":{"type":"four-collections","settings":{"full_with":false,"max_with":"","color_bg":"#1f1f27","padding_block":"96px 0","padding_block_m":"60px0","margin_block":"","space_between":"4","collection_count":true,"collection_title1":"Office Plant","collection_image1":"shopify:\/\/shop_images\/h3-banner1.jpg","collection_handle1":"women","collection_title2":"Hanging Plants","collection_image2":"shopify:\/\/shop_images\/h3-banner2.jpg","collection_handle2":"curated-collections","collection_title3":"Shelf Plants","collection_image3":"shopify:\/\/shop_images\/h3-banner3.jpg","collection_handle3":"bags","collection_title4":"Herb Seeds","collection_image4":"shopify:\/\/shop_images\/h3-banner4.png","collection_handle4":""}},"services_NNQqxQ":{"type":"services","blocks":{"item_NKTeDq":{"type":"item","settings":{"icon":"shopify:\/\/shop_images\/icon-service-1.svg","box_title":"Fast Delivery","heading_color":"#1f1f27","box_title_size":20,"box_title_size_m":19,"box_desc":"Deliver in 24 hours max!","desc_color":"#515167","box_desc_size":16,"box_desc_size_m":16,"button_text":"","button_url":""}},"item_aJapf9":{"type":"item","settings":{"icon":"shopify:\/\/shop_images\/icon-service-2.svg","box_title":"Safe Payment","heading_color":"#1f1f27","box_title_size":20,"box_title_size_m":19,"box_desc":"Visa, Mastercard, PayPal...","desc_color":"#515167","box_desc_size":16,"box_desc_size_m":16,"button_text":"","button_url":""}},"item_9tAai6":{"type":"item","settings":{"icon":"shopify:\/\/shop_images\/icon-service-3.svg","box_title":"24\/7 Online Support","heading_color":"#1f1f27","box_title_size":20,"box_title_size_m":19,"box_desc":"24 hours a day, 7 days a week","desc_color":"#515167","box_desc_size":16,"box_desc_size_m":16,"button_text":"","button_url":""}},"item_HwweAC":{"type":"item","settings":{"icon":"shopify:\/\/shop_images\/icon-service-4.svg","box_title":"Free Returns","heading_color":"#1f1f27","box_title_size":20,"box_title_size_m":19,"box_desc":"Free returns within 15 days","desc_color":"#515167","box_desc_size":16,"box_desc_size_m":16,"button_text":"","button_url":""}}},"block_order":["item_NKTeDq","item_aJapf9","item_9tAai6","item_HwweAC"],"settings":{"full_with":false,"max_with":"","color_bg":"rgba(0,0,0,0)","padding_block":"96px 0","padding_block_m":"60px 0","margin_block":"","heading":"","sub_heading":"","text_align":"text-start","layout":"grid","column1":4,"column2":2,"column3":1,"iconsize":"70x70","service_style":"style1","navigation":false,"pagination":true,"infinite":false,"autoplay":false,"autoplay_speed":"10000"}},"collapse_banner_JKb9jF":{"type":"collapse-banner","blocks":{"collapse_XXp9Cy":{"type":"collapse","settings":{"item_active":false,"title":"Do You Ship Internationally?","content":"Lorem Khaled Ipsum is a major key to success. They don’t want us to win. Always remember in the jungle there’s a lot of they in there, after you overcome they, you will make it to paradise. Major key, don’t fall for the trap, stay focused. It’s the ones closest to you that want to see you fail. Major key, don’t fall for the trap, stay focused"}},"collapse_cbHDmq":{"type":"collapse","settings":{"item_active":true,"title":"Why won't my payment go through?","content":"The perfect way to enjoy brewing tea on low hanging fruit to identify. Duis autem vel eum iriure dolor in hendrerit vulputate velit esse molestie consequat, vel illum dolore eu feugiat nulla facilisis. For me, the most important part of improving at photography has been sharing it. Lorem ipsum dolor sit amet, consectetur adipisicing elit, sed do eiusmod tempor incididunt ut labore et dolore magna aliqua. Ut enim ad minim veniam, quis nostrud exercitation ullamco laboris nisi ut aliquip ex ea commodo consequat."}},"collapse_EhpEiF":{"type":"collapse","settings":{"item_active":false,"title":"How Long Will It Take To Get My Package?","content":"Lorem Khaled Ipsum is a major key to success. They don’t want us to win. Always remember in the jungle there’s a lot of they in there, after you overcome they, you will make it to paradise. Major key, don’t fall for the trap, stay focused. It’s the ones closest to you that want to see you fail. Major key, don’t fall for the trap, stay focused"}},"collapse_TgFG9q":{"type":"collapse","settings":{"item_active":false,"title":"What Shipping Methods Are Available?","content":"Lorem Khaled Ipsum is a major key to success. They don’t want us to win. Always remember in the jungle there’s a lot of they in there, after you overcome they, you will make it to paradise. Major key, don’t fall for the trap, stay focused. It’s the ones closest to you that want to see you fail. Major key, don’t fall for the trap, stay focused"}}},"block_order":["collapse_XXp9Cy","collapse_cbHDmq","collapse_EhpEiF","collapse_TgFG9q"],"settings":{"full_with":false,"max_with":"1830px","color_bg":"rgba(0,0,0,0)","padding_block":"","padding_block_m":"","margin_block":"","border_radius":"rounded-3","heading":"Shopping Information","sub_heading":"Below are some of are common questions about orders"}},"gallery_image_38LAEN":{"type":"gallery-image","blocks":{"item_gQ9RpG":{"type":"item","settings":{"image":"shopify:\/\/shop_images\/h5-col-4.jpg","link":"","title":"Bedroom design","desc":"16122 Collins street, Melbourne, Australia"}},"item_TkEwCz":{"type":"item","settings":{"image":"shopify:\/\/shop_images\/6.jpg","link":"","title":"Bedroom design","desc":"16122 Collins street, Melbourne, Australia"}},"item_MqbCn9":{"type":"item","settings":{"image":"shopify:\/\/shop_images\/h11-banner1.jpg","link":"","title":"Bedroom design","desc":"16122 Collins street, Melbourne, Australia"}},"item_r3Qkxr":{"type":"item","settings":{"image":"shopify:\/\/shop_images\/h8-slide2.jpg","link":"","title":"Bedroom design","desc":"16122 Collins street, Melbourne, Australia"}},"item_nhemPE":{"type":"item","settings":{"image":"shopify:\/\/shop_images\/h8-banner2.png","link":"","title":"Bedroom design","desc":"16122 Collins street, Melbourne, Australia"}},"item_njdkET":{"type":"item","settings":{"image":"shopify:\/\/shop_images\/h4-banner3.jpg","link":"","title":"Bedroom design","desc":"16122 Collins street, Melbourne, Australia"}},"item_FgcBRj":{"type":"item","settings":{"link":"","title":"Bedroom design","desc":"16122 Collins street, Melbourne, Australia"}},"item_kDYD3Y":{"type":"item","settings":{"link":"","title":"Bedroom design","desc":"16122 Collins street, Melbourne, Australia"}},"item_zBkYWG":{"type":"item","settings":{"link":"","title":"Bedroom design","desc":"16122 Collins street, Melbourne, Australia"}},"item_xQKdnk":{"type":"item","settings":{"link":"","title":"Bedroom design","desc":"16122 Collins street, Melbourne, Australia"}},"item_twePm3":{"type":"item","settings":{"link":"","title":"Bedroom design","desc":"16122 Collins street, Melbourne, Australia"}},"item_aVtGw6":{"type":"item","settings":{"link":"","title":"Bedroom design","desc":"16122 Collins street, Melbourne, Australia"}}},"block_order":["item_gQ9RpG","item_TkEwCz","item_MqbCn9","item_r3Qkxr","item_nhemPE","item_njdkET","item_FgcBRj","item_kDYD3Y","item_zBkYWG","item_xQKdnk","item_twePm3","item_aVtGw6"],"settings":{"full_with":false,"max_with":"","color_bg":"rgba(0,0,0,0)","padding_block":"70px 0 0","padding_block_m":"46px 0 0","margin_block":"","heading":"Recent Projects","sub_heading":"We strive to reduce our carbon footprint and to work with artisans to support small businesses.","text_align":"text-center","layout":"masonry","space_between":"2","column1":3,"column2":3,"column3":2,"image_ratio":"adapt","crop":false,"popup":false,"content_color_bg":"#0b811e","opacity":20,"navigation":true,"infinite":true,"autoplay":false,"autoplay_speed":"10000"}}},"order":["slideshow_8aVarM","collection_list_zbjXPd","border_E7qhR9","product_list_LVHUNJ","image_with_text_KqTHTK","product_list_7kRqwr","four_collections_GyU9Yg","services_NNQqxQ","collapse_banner_JKb9jF","gallery_image_38LAEN"]}