{"sections":{"breadcrumb":{"type":"breadcrumb-page","settings":{"full_with":false,"max_with":"","margin_block":"","breadcrumb_title":"","enable_title":"alwary","breadcrumb_bg":"#ffffff","breadcrumb_color_heading":"#1f1f27","breadcrumb_color":"#1f1f27","breadcrumb_color_link":"#7c99a9","breadcrumb-height":"185px","breadcrumb-mheight":"175px","text-align":"center"}},"main":{"type":"main-page","disabled":true,"settings":{"full_with":false,"max_with":"","color_bg":"rgba(0,0,0,0)","padding_block":"","padding_block_m":"","margin_block":"0 0 30px"}},"our_store_Qn7DPF":{"type":"our-store","blocks":{"store_info_U4jd3m":{"type":"store_info","settings":{"store_image":"shopify:\/\/shop_images\/store-1.jpg","store_title":"Vicuña Mackenna","store_add":"2464 Royal Ln. Mesa, New Jersey 45463","store_phone":"(316) 555-0116","store_email":"jennings@example.com","store_time":"Mon - Friday: 9:00am - 6:00pm <br>Saturday - Sunday: 10:00am - 5:00pm","button_text":"Get direction","button_url":""}},"store_info_PrWhLn":{"type":"store_info","settings":{"store_image":"shopify:\/\/shop_images\/store-2.jpg","store_title":"Av Prsdnt Kennedy","store_add":"2118 Thornridge Cir. Syracuse, Connecticut 35624","store_phone":"(316) 555-0116","store_email":"jennings@example.com","store_time":"Mon - Friday: 9:00am - 6:00pm <br>Saturday - Sunday: 10:00am - 5:00pm","button_text":"Get direction","button_url":""}},"store_info_rRGx3p":{"type":"store_info","settings":{"store_image":"shopify:\/\/shop_images\/store-3.jpg","store_title":"Av. Andrés Bello","store_add":"2118 Thornridge Cir. Syracuse, Connecticut 35624","store_phone":"(316) 555-0116","store_email":"jennings@example.com","store_time":"Mon - Friday: 9:00am - 6:00pm <br>Saturday - Sunday: 10:00am - 5:00pm","button_text":"Get direction","button_url":""}},"store_info_7ADX8k":{"type":"store_info","settings":{"store_image":"shopify:\/\/shop_images\/store-4.jpg","store_title":"Gregorio Cordovez","store_add":"2118 Thornridge Cir. Syracuse, Connecticut 35624","store_phone":"(316) 555-0116","store_email":"jennings@example.com","store_time":"Mon - Friday: 9:00am - 6:00pm <br>Saturday - Sunday: 10:00am - 5:00pm","button_text":"Get direction","button_url":""}},"store_info_Q7kWbA":{"type":"store_info","settings":{"store_image":"shopify:\/\/shop_images\/store-5.jpg","store_title":"Arturo Prat","store_add":"2118 Thornridge Cir. Syracuse, Connecticut 35624","store_phone":"(316) 555-0116","store_email":"jennings@example.com","store_time":"Mon - Friday: 9:00am - 6:00pm <br>Saturday - Sunday: 10:00am - 5:00pm","button_text":"Get direction","button_url":""}},"store_info_Qqekap":{"type":"store_info","settings":{"store_image":"shopify:\/\/shop_images\/store-6.jpg","store_title":"Essential Waitrose D","store_add":"2715 Ash Dr. San Jose, South Dakota 83475","store_phone":"(316) 555-0116","store_email":"jennings@example.com","store_time":"Mon - Friday: 9:00am - 6:00pm <br>Saturday - Sunday: 10:00am - 5:00pm","button_text":"Get direction","button_url":""}}},"block_order":["store_info_U4jd3m","store_info_PrWhLn","store_info_rRGx3p","store_info_7ADX8k","store_info_Q7kWbA","store_info_Qqekap"],"settings":{"full_with":false,"max_with":"","color_bg":"rgba(0,0,0,0)","padding_block":"0 0 80px","padding_block_m":"0 0 60px","margin_block":""}}},"order":["breadcrumb","main","our_store_Qn7DPF"]}