{"sections":{"breadcrumb":{"type":"breadcrumb-page","settings":{"margin_block":"0 auto 30px","image":"","breadcrumb_title":"","enable_title":"alwary","breadcrumb_bg":"#ffffff","breadcrumb_color_heading":"#1F1F27","breadcrumb_color":"#1F1F27","breadcrumb_color_link":"#7C99A9","breadcrumb-height":"60px","breadcrumb-mheight":"60px","text-align":"center"}},"main":{"type":"main-page","disabled":true,"settings":{"full_with":false,"color_bg":"rgba(0,0,0,0)","padding_block":"","margin_block":"0 0 30px"}}},"order":["breadcrumb","main"]}