{"sections":{"breadcrumb":{"type":"breadcrumb-page","settings":{"full_with":false,"max_with":"","margin_block":"0 auto","breadcrumb_title":"","enable_title":"alwary","breadcrumb_bg":"#ffffff","breadcrumb_color_heading":"#0a1624","breadcrumb_color":"#0a1624","breadcrumb_color_link":"#6f7175","breadcrumb-height":"185px","breadcrumb-mheight":"175px","text-align":"center"}},"main":{"type":"main-page","disabled":true,"settings":{"full_with":false,"max_with":"","color_bg":"rgba(0,0,0,0)","padding_block":"","padding_block_m":"","margin_block":"0 0 30px"}},"heading_cAiDLk":{"type":"heading","blocks":{"text_TMnfAP":{"type":"text","settings":{"title_style":"default","text":"Shopping Information","text_alignment":"start","text_style":"ff-heading","text_font-weight":"fw-normal","text_color_desktop":"#1f1f27","text_font_size_desktop":26,"margin_desktop":"0 0 5px","text_font_size_tablet":26,"margin_tablet":"0 0 5px","text_font_size_mobile":26,"margin_mobile":"0 0 5px"}},"text_NGR6jH":{"type":"text","settings":{"title_style":"default","text":"Below are some of are common questions about orders","text_alignment":"start","text_style":"text","text_font-weight":"fw-normal","text_color_desktop":"#7c99a9","text_font_size_desktop":15,"margin_desktop":"","text_font_size_tablet":16,"margin_tablet":"","text_font_size_mobile":16,"margin_mobile":""}}},"block_order":["text_TMnfAP","text_NGR6jH"],"settings":{"full_with":false,"max_with":"690px","color_bg":"rgba(0,0,0,0)","padding_block":"50px 0 20px","padding_block_m":"45px 0 15px","margin_block":""}},"164186401234590876":{"type":"multiple-collapse","blocks":{"1641864012047d3973-0":{"type":"collapse","settings":{"item_active":true,"title":"1. Do You Ship Internationally?","content":"We currently ship to United Arab Emirates and Singapore with free tracked shipping.\nIf you're located in another country and would like to order from Homad, please email us at isabellawellness.co@gmail.com — we’ll be happy to explore a custom shipping solution."}},"1641864012047d3973-1":{"type":"collapse","settings":{"item_active":false,"title":"2. Why won't my payment go through?","content":"Ensure your card is enabled for international purchases and that your billing information matches the one registered with your bank. You can also try PayPal or a different card.\nIf the issue continues, reach out to us at isabellawellness.co@gmail.com."}},"1641864012047d3973-2":{"type":"collapse","settings":{"item_active":false,"title":"3. How Long Will It Take To Get My Package?","content":"Orders are processed within 1–3 business days. After shipping, the average delivery time is 7 to 15 business days. You'll receive a tracking link by email once your order is on its way."}},"1641864012047d3973-3":{"type":"collapse","settings":{"item_active":false,"title":"4. What Shipping Methods Are Available?","content":"We partner with reliable cross-border logistics providers that offer tracked standard shipping. Express shipping is not yet available."}}},"block_order":["1641864012047d3973-0","1641864012047d3973-1","1641864012047d3973-2","1641864012047d3973-3"],"settings":{"full_with":false,"max_with":"690px","color_bg":"rgba(0,0,0,0)","padding_block":"","padding_block_m":"","margin_block":"","collapse_style":"default"}},"heading_GR6Y79":{"type":"heading","blocks":{"text_qVgkWy":{"type":"text","settings":{"title_style":"default","text":"Payment Information","text_alignment":"start","text_style":"ff-heading","text_font-weight":"fw-normal","text_color_desktop":"#1f1f27","text_font_size_desktop":26,"margin_desktop":"","text_font_size_tablet":26,"margin_tablet":"","text_font_size_mobile":26,"margin_mobile":""}},"text_TrfGWh":{"type":"text","settings":{"title_style":"default","text":"Below are some common questions about shipping, returns, and exchanges","text_alignment":"start","text_style":"text","text_font-weight":"fw-normal","text_color_desktop":"#7c99a9","text_font_size_desktop":15,"margin_desktop":"","text_font_size_tablet":15,"margin_tablet":"","text_font_size_mobile":15,"margin_mobile":""}}},"block_order":["text_qVgkWy","text_TrfGWh"],"settings":{"full_with":false,"max_with":"690px","color_bg":"rgba(0,0,0,0)","padding_block":"45px 0 20px","padding_block_m":"35px 0 15px","margin_block":""}},"be6fa527-1d2a-48b9-a8b9-71dba6d8e62a":{"type":"multiple-collapse","blocks":{"template--15581656940591__be6fa527-1d2a-48b9-a8b9-71dba6d8e62a-16809132395fa23d42-0":{"type":"collapse","settings":{"item_active":true,"title":"1. What Payment Methods Are Accepted?","content":"At Homad, we offer multiple secure payment options to give you peace of mind.\nYou can pay using all major credit and debit cards via Shopify Payments, including Visa, Mastercard, and American Express.\nWe also support Stripe and PayPal for added flexibility during checkout.\nAll payments are processed in USD, and your bank may convert the amount to your local currency automatically at checkout"}},"template--15581656940591__be6fa527-1d2a-48b9-a8b9-71dba6d8e62a-16809132395fa23d42-1":{"type":"collapse","settings":{"item_active":false,"title":"2. Is Buying On-Line Safe?","content":"Yes — shopping at Homad is completely safe.\nOur store runs on Shopify, one of the world’s most secure e-commerce platforms.\nWe use SSL encryption to protect your data and PCI-compliant payment gateways to ensure every transaction is fully secure.\nWe never store your card details, and you’ll always receive email confirmation and order tracking once your purchase is complete."}},"template--15581656940591__be6fa527-1d2a-48b9-a8b9-71dba6d8e62a-16809132395fa23d42-2":{"type":"collapse","settings":{"item_active":false,"title":"3. What Should I Do If My Payment Fails?","content":"If your payment doesn’t go through, first double-check that your card supports international transactions and that all billing details are correct.\nTry refreshing the page, switching browsers, or using an alternative payment method like PayPal.\nStill having issues? Contact us at isabellawellness.co@gmail.com — our team will assist you directly."}},"template--15581656940591__be6fa527-1d2a-48b9-a8b9-71dba6d8e62a-16809132395fa23d42-3":{"type":"collapse","settings":{"item_active":false,"title":"4. Can I Trust the Checkout Process?","content":"Absolutely. The entire checkout process is handled through Shopify’s secure environment, ensuring that your personal and payment information stays safe from start to finish.\nYou'll see a lock icon in your browser confirming SSL protection, and all charges are clearly displayed before completing your order.\nIf you ever have doubts or want to confirm anything manually, you’re welcome to reach out to us at any time."}},"collapse_AQXgWz":{"type":"collapse","settings":{"item_active":false,"title":"5. Will I receive a receipt or invoice after purchase?","content":"Absolutely. You’ll automatically receive an order confirmation by email. If you need a formal invoice, just contact us and we’ll send it to you manually."}},"collapse_bTnUH6":{"type":"collapse","settings":{"item_active":false,"title":"6. Why is the charge on my card different than the product price?","content":"All payments are processed in USD. Depending on your bank or card provider, the final charge may include a small currency conversion fee or appear slightly adjusted due to the exchange rate at the time."}}},"block_order":["template--15581656940591__be6fa527-1d2a-48b9-a8b9-71dba6d8e62a-16809132395fa23d42-0","template--15581656940591__be6fa527-1d2a-48b9-a8b9-71dba6d8e62a-16809132395fa23d42-1","template--15581656940591__be6fa527-1d2a-48b9-a8b9-71dba6d8e62a-16809132395fa23d42-2","template--15581656940591__be6fa527-1d2a-48b9-a8b9-71dba6d8e62a-16809132395fa23d42-3","collapse_AQXgWz","collapse_bTnUH6"],"settings":{"full_with":false,"max_with":"690px","color_bg":"rgba(0,0,0,0)","padding_block":"","padding_block_m":"","margin_block":"","collapse_style":"default"}},"heading_akaUJ4":{"type":"heading","blocks":{"text_bDFt7y":{"type":"text","settings":{"title_style":"default","text":"Orders and Returns","text_alignment":"start","text_style":"ff-heading","text_font-weight":"fw-normal","text_color_desktop":"#1f1f27","text_font_size_desktop":26,"margin_desktop":"","text_font_size_tablet":26,"margin_tablet":"","text_font_size_mobile":26,"margin_mobile":""}},"text_WyP3xb":{"type":"text","settings":{"title_style":"default","text":"If you have an issue or question that requires immediate assistance","text_alignment":"start","text_style":"text","text_font-weight":"fw-normal","text_color_desktop":"#7c99a9","text_font_size_desktop":15,"margin_desktop":"","text_font_size_tablet":15,"margin_tablet":"","text_font_size_mobile":15,"margin_mobile":""}}},"block_order":["text_bDFt7y","text_WyP3xb"],"settings":{"full_with":false,"max_with":"690px","color_bg":"rgba(0,0,0,0)","padding_block":"45px 0 20px","padding_block_m":"35px 0 15px","margin_block":""}},"multiple_collapse_3WLmKe":{"type":"multiple-collapse","blocks":{"collapse_h4gJEk":{"type":"collapse","settings":{"item_active":true,"title":"1. How do I place an Order?","content":"Placing an order with Homad is quick and easy.\nSimply browse our catalog, choose the product you like, and click “Add to Cart”.\nThen proceed to checkout, where you’ll enter your shipping and payment details.\nOnce your order is confirmed, you’ll receive a confirmation email, followed by another email with your tracking number as soon as the item ships."}},"collapse_KjUjyz":{"type":"collapse","settings":{"item_active":false,"title":"2. How Can I Cancel Or Change My Order?","content":"If you need to cancel or change your order, please contact us at isabellawellness.co@gmail.com within 12 hours of placing your order.\nAfter this window, your order will likely be processed or shipped, and we may not be able to make changes.\nAlways include your order number in the email so we can assist you faster."}},"collapse_fXNgY4":{"type":"collapse","settings":{"item_active":false,"title":"3. Do I need an account to place an order?","content":"No, creating an account is not required.\nYou can check out as a guest without registering.\nHowever, we recommend creating an account so you can track your orders, view past purchases, and receive exclusive offers and updates from Homad."}},"collapse_6Nbz8i":{"type":"collapse","settings":{"item_active":false,"title":"4. How Do I Track My Order?","content":"Once your order ships, we’ll send a tracking link by email.\nYou can also visit the Track My Order page on our website and enter your order number at any time to see the status of your delivery."}},"collapse_N3RdBL":{"type":"collapse","settings":{"item_active":false,"title":"5. Who should I to contact if I have any queries?","content":"If you have any doubts, questions, or need help with anything at all, you can contact us directly at\n📩 isabellawellness.co@gmail.com\nor simply click the WhatsApp icon in the bottom-right corner of our website for faster support."}},"collapse_XjL7i4":{"type":"collapse","settings":{"item_active":false,"title":"6. How Can I Return a Product?","content":"We accept returns only for defective or damaged products, reported within 3 calendar days after delivery.\nTo request a return:\n\nEmail us at isabellawellness.co@gmail.com\n\nInclude your order number, a clear description of the issue, and photos of the product\n\nAll returns must be pre-approved by our team.\nWe’ll provide you with further instructions once your return is validated.\nFor more details, please refer to our Shipping &amp; Returns policy page."}},"collapse_W6Bttb":{"type":"collapse","settings":{"item_active":false,"title":"7. What if I receive the wrong item?","content":"Please let us know within 3 days of delivery. Email us a photo of the product you received along with your order number, and we’ll make sure to fix it immediately."}},"collapse_qVcWxb":{"type":"collapse","settings":{"item_active":false,"title":"8. What happens if my package arrives damaged?","content":"Lorem Khaled Ipsum is a major key to success. They don’t want us to win. Always remember in the jungle there’s a lot of they in there, after you overcome they, you will make it to paradise"}}},"block_order":["collapse_h4gJEk","collapse_KjUjyz","collapse_fXNgY4","collapse_6Nbz8i","collapse_N3RdBL","collapse_XjL7i4","collapse_W6Bttb","collapse_qVcWxb"],"settings":{"full_with":false,"max_with":"690px","color_bg":"rgba(0,0,0,0)","padding_block":"0 0 95px","padding_block_m":"0 0 60px","margin_block":"","collapse_style":"default"}}},"order":["breadcrumb","main","heading_cAiDLk","164186401234590876","heading_GR6Y79","be6fa527-1d2a-48b9-a8b9-71dba6d8e62a","heading_akaUJ4","multiple_collapse_3WLmKe"]}