{"sections":{"f7f81db5-41b9-4aab-b889-2fa01d47d8a9":{"type":"slideshow","blocks":{"09ccb803-5e04-4c7f-b262-eab1e9fe9759":{"type":"image","settings":{"image":"shopify:\/\/shop_images\/slide11.jpg","bg_align":"center","link":"shopify:\/\/collections\/frontpage","box_maxwidth":"","padding_block":"50px 0","content_color":"rgba(0,0,0,0)","opacity":0,"alignment":"justify-content-md-start align-items-md-center","text-alignment":"start","slides_effect":"fadeInUp","subheading":"","subheading_color":"#1f1f27","subheading_font_family":"h3","subheading_font_size":40,"subheading_font_size_l":26,"subheading_font_size_m":16,"subheading_margin":"","subheading_margin_m":"","title":"New Arrival","title_color":"#1f1f27","title_font_family":"h3","title_font_size":72,"title_font_size_l":54,"title_font_size_m":38,"title_margin":"0 0 5px","title_margin_m":"0 0 5px","title2":"Collection","title2_color":"#1f1f27","title2_font_family":"h3","title2_font_size":72,"title2_font_size_l":54,"title2_font_size_m":38,"title2_margin":"0 0 10px","title2_margin_m":"0 0 8px","desc":"<span class=\"fw-medium\">Use code BIGSALE50 on select sale styles<\/span>","desc_color":"#1f1f27","desc_font_family":"text","desc_font_size":16,"desc_font_size_l":16,"desc_font_size_m":16,"desc_margin":"0 0 40px","desc_margin_m":"0 0 24px","btn_text":"Load more","btn_url":"shopify:\/\/collections\/frontpage","btn_font_size":16,"btn_font_size_m":15,"btn_padding":"12px 35px","btn_padding_m":"10px 25px","btn_text_color":"#ffffff","btn_border_color":"#1f1f27","btn_border_width":"0","btn_bg_color":"#1f1f27","btn_text_hover_color":"#ffffff","btn_border_hover_color":"#515167","btn_bg_hover_color":"#515167","btn_margin":"","btn_margin_m":"","btn_text1":"Discover Now","btn_url1":"shopify:\/\/collections\/frontpage","btn_font_size1":16,"btn_font_size_m1":15,"btn_padding1":"0 0 2px","btn_padding_m1":"0","btn_text_color1":"#1f1f27","btn_border_color1":"#111111","btn_border_width1":"0 0 2px 0","btn_bg_color1":"rgba(0,0,0,0)","btn_text_hover_color1":"#515167","btn_border_hover_color1":"#515167","btn_bg_hover_color1":"rgba(0,0,0,0)","btn_margin1":"0 0 0 24px","btn_margin_m1":"0 0 0 20px","image_mobile":"shopify:\/\/shop_images\/slide11-m.jpg","padding_block_m":"40px 16px","text-mb-alignment":"start","mb-alignment":"justify-content-start align-items-end"}},"image_YFBFqa":{"type":"image","settings":{"image":"shopify:\/\/shop_images\/slide12.jpg","bg_align":"center","link":"shopify:\/\/collections\/frontpage","box_maxwidth":"","padding_block":"50px 0","content_color":"rgba(0,0,0,0)","opacity":0,"alignment":"justify-content-md-start align-items-md-center","text-alignment":"start","slides_effect":"fadeInUp","subheading":"","subheading_color":"#1f1f27","subheading_font_family":"h3","subheading_font_size":40,"subheading_font_size_l":26,"subheading_font_size_m":16,"subheading_margin":"","subheading_margin_m":"","title":"Limited Edition","title_color":"#1f1f27","title_font_family":"h3","title_font_size":72,"title_font_size_l":54,"title_font_size_m":38,"title_margin":"0 0 5px","title_margin_m":"0 0 5px","title2":"Collection","title2_color":"#1f1f27","title2_font_family":"h3","title2_font_size":72,"title2_font_size_l":54,"title2_font_size_m":38,"title2_margin":"0 0 10px","title2_margin_m":"0 0 8px","desc":"<span class=\"fw-medium\">Shop exclusive pieces from our limited edition collection<\/span>","desc_color":"#1f1f27","desc_font_family":"text","desc_font_size":16,"desc_font_size_l":16,"desc_font_size_m":16,"desc_margin":"0 0 40px","desc_margin_m":"0 0 24px","btn_text":"Load more","btn_url":"shopify:\/\/collections\/frontpage","btn_font_size":16,"btn_font_size_m":15,"btn_padding":"12px 35px","btn_padding_m":"10px 25px","btn_text_color":"#ffffff","btn_border_color":"#1f1f27","btn_border_width":"0","btn_bg_color":"#1f1f27","btn_text_hover_color":"#ffffff","btn_border_hover_color":"#515167","btn_bg_hover_color":"#515167","btn_margin":"","btn_margin_m":"","btn_text1":"Discover Now","btn_url1":"shopify:\/\/collections\/frontpage","btn_font_size1":16,"btn_font_size_m1":15,"btn_padding1":"0 0 2px","btn_padding_m1":"0","btn_text_color1":"#1f1f27","btn_border_color1":"#111111","btn_border_width1":"0 0 2px 0","btn_bg_color1":"rgba(0,0,0,0)","btn_text_hover_color1":"#515167","btn_border_hover_color1":"#515167","btn_bg_hover_color1":"rgba(0,0,0,0)","btn_margin1":"0 0 0 24px","btn_margin_m1":"0 0 0 20px","image_mobile":"shopify:\/\/shop_images\/slide11-m.jpg","padding_block_m":"40px 16px","text-mb-alignment":"start","mb-alignment":"justify-content-start align-items-end"}},"image_gKMGrK":{"type":"image","settings":{"image":"shopify:\/\/shop_images\/slide13.jpg","bg_align":"center","link":"shopify:\/\/collections\/frontpage","box_maxwidth":"","padding_block":"50px 0","content_color":"rgba(0,0,0,0)","opacity":0,"alignment":"justify-content-md-start align-items-md-center","text-alignment":"start","slides_effect":"fadeInUp","subheading":"","subheading_color":"#1f1f27","subheading_font_family":"h3","subheading_font_size":40,"subheading_font_size_l":26,"subheading_font_size_m":16,"subheading_margin":"","subheading_margin_m":"","title":"Making Bold","title_color":"#1f1f27","title_font_family":"h3","title_font_size":72,"title_font_size_l":54,"title_font_size_m":38,"title_margin":"0 0 5px","title_margin_m":"0 0 5px","title2":"Moves","title2_color":"#1f1f27","title2_font_family":"h3","title2_font_size":72,"title2_font_size_l":54,"title2_font_size_m":38,"title2_margin":"0 0 10px","title2_margin_m":"0 0 8px","desc":"<span class=\"fw-medium\">Upgrade your wardrobe with a variation of styles<\/span>","desc_color":"#1f1f27","desc_font_family":"text","desc_font_size":16,"desc_font_size_l":16,"desc_font_size_m":16,"desc_margin":"0 0 40px","desc_margin_m":"0 0 24px","btn_text":"Load more","btn_url":"shopify:\/\/collections\/frontpage","btn_font_size":16,"btn_font_size_m":15,"btn_padding":"12px 35px","btn_padding_m":"10px 25px","btn_text_color":"#ffffff","btn_border_color":"#1f1f27","btn_border_width":"0","btn_bg_color":"#1f1f27","btn_text_hover_color":"#ffffff","btn_border_hover_color":"#515167","btn_bg_hover_color":"#515167","btn_margin":"","btn_margin_m":"","btn_text1":"Discover Now","btn_url1":"shopify:\/\/collections\/frontpage","btn_font_size1":16,"btn_font_size_m1":15,"btn_padding1":"0 0 2px","btn_padding_m1":"0","btn_text_color1":"#1f1f27","btn_border_color1":"#111111","btn_border_width1":"0 0 2px 0","btn_bg_color1":"rgba(0,0,0,0)","btn_text_hover_color1":"#515167","btn_border_hover_color1":"#515167","btn_bg_hover_color1":"rgba(0,0,0,0)","btn_margin1":"0 0 0 24px","btn_margin_m1":"0 0 0 20px","image_mobile":"shopify:\/\/shop_images\/slide11-m.jpg","padding_block_m":"40px 16px","text-mb-alignment":"start","mb-alignment":"justify-content-start align-items-end"}}},"block_order":["09ccb803-5e04-4c7f-b262-eab1e9fe9759","image_YFBFqa","image_gKMGrK"],"settings":{"full_with":true,"max_with":"","color_bg":"rgba(0,0,0,0)","padding_block":"","padding_block_m":"","margin_block":"","slideshow-height":"920px","slideshow-theight":"800px","slideshow-mheight":"600px","navigation":true,"pagination":true,"autoplay":false,"autoplay_speed":"8000","caption_full_with":false,"caption_max_with":"","position_content":true,"scrolldown":false,"scrolldown_text":"Scroll down","scrolldown_color":"#00142b","style_special":true,"slide-show-fullheight":true}},"multi_image_with_text_kYfPhi":{"type":"multi-image-with-text","blocks":{"feature_item_6BamVn":{"type":"feature_item","settings":{"width_desk":50,"width_tablet":50,"width_mobile":100,"item_padding":"30px 40px","item_padding_m":"32px 40px","content_bg_color":"rgba(0,0,0,0)","text_align":"text-start align-items-end","banner_position":"over","banner":"shopify:\/\/shop_images\/h1-banner1.jpg","subtitle":"","heading_subcolor":"#1f1f27","heading_sub_size":12,"heading_sub_size_m":12,"heading_sub_margin":"","heading_sub_margin_m":"","title":"Men<br>Collection","heading_color":"#1f1f27","heading_size":36,"heading_size_m":32,"heading_margin":"0 0 6px","heading_margin_m":"0 0 6px","content":"","text_color":"#1f1f27","text_size":14,"text_size_m":14,"text_margin":"","text_margin_m":"","button":"Discover Now","button_url":"shopify:\/\/collections\/men","button_color":"#1f1f27","button_border_color":"#1f1f27","button_width":"0","border_radius":"rounded-2","button_bg_color":"rgba(0,0,0,0)","button_size":13,"button_size_m":13,"button_padding":"0 0 1px","button_padding_m":"0 0 1px"}},"feature_item_LniF4E":{"type":"feature_item","settings":{"width_desk":50,"width_tablet":50,"width_mobile":100,"item_padding":"30px 40px","item_padding_m":"32px 40px","content_bg_color":"rgba(0,0,0,0)","text_align":"text-start align-items-end","banner_position":"over","banner":"shopify:\/\/shop_images\/h1-banner2.jpg","subtitle":"","heading_subcolor":"#1f1f27","heading_sub_size":12,"heading_sub_size_m":12,"heading_sub_margin":"","heading_sub_margin_m":"","title":"Women<br>Collection","heading_color":"#1f1f27","heading_size":36,"heading_size_m":32,"heading_margin":"0 0 6px","heading_margin_m":"0 0 6px","content":"","text_color":"#1f1f27","text_size":14,"text_size_m":14,"text_margin":"","text_margin_m":"","button":"Discover Now","button_url":"shopify:\/\/collections\/men","button_color":"#1f1f27","button_border_color":"#1f1f27","button_width":"0","border_radius":"rounded-0","button_bg_color":"rgba(0,0,0,0)","button_size":13,"button_size_m":13,"button_padding":"0 0 1px","button_padding_m":"0 0 1px"}},"feature_item_tkAPKD":{"type":"feature_item","settings":{"width_desk":33,"width_tablet":50,"width_mobile":100,"item_padding":"30px 40px","item_padding_m":"32px 40px","content_bg_color":"rgba(0,0,0,0)","text_align":"text-start align-items-end","banner_position":"over","banner":"shopify:\/\/shop_images\/h1-banner3.jpg","subtitle":"","heading_subcolor":"#1f1f27","heading_sub_size":12,"heading_sub_size_m":12,"heading_sub_margin":"","heading_sub_margin_m":"","title":"Bags","heading_color":"#1f1f27","heading_size":36,"heading_size_m":32,"heading_margin":"0 0 6px","heading_margin_m":"0 0 6px","content":"","text_color":"#1f1f27","text_size":14,"text_size_m":14,"text_margin":"","text_margin_m":"","button":"Discover Now","button_url":"shopify:\/\/collections\/men","button_color":"#1f1f27","button_border_color":"#1f1f27","button_width":"0","border_radius":"rounded-0","button_bg_color":"rgba(0,0,0,0)","button_size":13,"button_size_m":13,"button_padding":"0 0 1px","button_padding_m":"0 0 1px"}},"feature_item_AxHFWG":{"type":"feature_item","settings":{"width_desk":33,"width_tablet":50,"width_mobile":100,"item_padding":"30px 40px","item_padding_m":"32px 40px","content_bg_color":"rgba(0,0,0,0)","text_align":"text-start align-items-end","banner_position":"over","banner":"shopify:\/\/shop_images\/h1-banner4.jpg","subtitle":"","heading_subcolor":"#1f1f27","heading_sub_size":12,"heading_sub_size_m":12,"heading_sub_margin":"","heading_sub_margin_m":"","title":"Sneaker","heading_color":"#1f1f27","heading_size":36,"heading_size_m":32,"heading_margin":"0 0 6px","heading_margin_m":"0 0 6px","content":"","text_color":"#1f1f27","text_size":14,"text_size_m":14,"text_margin":"","text_margin_m":"","button":"Discover Now","button_url":"shopify:\/\/collections\/men","button_color":"#1f1f27","button_border_color":"#1f1f27","button_width":"0","border_radius":"rounded-0","button_bg_color":"rgba(0,0,0,0)","button_size":13,"button_size_m":13,"button_padding":"0 0 1px","button_padding_m":"0 0 1px"}},"feature_item_cpCGye":{"type":"feature_item","settings":{"width_desk":33,"width_tablet":50,"width_mobile":100,"item_padding":"30px 40px","item_padding_m":"32px 40px","content_bg_color":"rgba(0,0,0,0)","text_align":"text-start align-items-end","banner_position":"over","banner":"shopify:\/\/shop_images\/h1-banner5.jpg","subtitle":"","heading_subcolor":"#1f1f27","heading_sub_size":12,"heading_sub_size_m":12,"heading_sub_margin":"","heading_sub_margin_m":"","title":"Sunglasses","heading_color":"#1f1f27","heading_size":36,"heading_size_m":32,"heading_margin":"0 0 6px","heading_margin_m":"0 0 6px","content":"","text_color":"#1f1f27","text_size":14,"text_size_m":14,"text_margin":"","text_margin_m":"","button":"Discover Now","button_url":"shopify:\/\/collections\/men","button_color":"#1f1f27","button_border_color":"#1f1f27","button_width":"0","border_radius":"rounded-0","button_bg_color":"rgba(0,0,0,0)","button_size":13,"button_size_m":13,"button_padding":"0 0 1px","button_padding_m":"0 0 1px"}}},"block_order":["feature_item_6BamVn","feature_item_LniF4E","feature_item_tkAPKD","feature_item_AxHFWG","feature_item_cpCGye"],"settings":{"full_with":true,"max_with":"","color_bg":"rgba(0,0,0,0)","padding_block":"16px 45px 120px","padding_block_m":"16px 16px 60px","margin_block":"","heading":"","sub_heading":"","text_align":"text-start","space_between":16,"space_between_m":16,"column1":4,"column2":3,"column3":2,"effect_show":true,"slide_variableWidth":false,"navigation":true,"pagination":false,"infinite":true,"autoplay":false,"autoplay_speed":"10000"}},"heading_t3phh9":{"type":"heading","blocks":{"text_eRwkwm":{"type":"text","settings":{"title_style":"default","text":"Look We Love","text_alignment":"start","text_style":"ff-heading","text_font-weight":"fw-normal","text_color_desktop":"#1f1f27","text_font_size_desktop":45,"margin_desktop":"","text_font_size_tablet":42,"margin_tablet":"","text_font_size_mobile":38,"margin_mobile":""}},"text_7f77cQ":{"type":"text","settings":{"title_style":"default","text":"Feel comfortable in your own skin with Feat Clothing","text_alignment":"start","text_style":"text","text_font-weight":"fw-medium","text_color_desktop":"#1f1f27","text_font_size_desktop":19,"margin_desktop":"","text_font_size_tablet":19,"margin_tablet":"","text_font_size_mobile":19,"margin_mobile":""}}},"block_order":["text_eRwkwm","text_7f77cQ"],"settings":{"full_with":true,"max_with":"","color_bg":"rgba(0,0,0,0)","padding_block":"0 45px 36px","padding_block_m":"0 16px 26px","margin_block":""}},"image_with_text_jRP8Qw":{"type":"image-with-text","blocks":{"text_LJitbq":{"type":"text","settings":{"text":"<div class=\"position-absolute effect-rotate d-inline-block start-0 mt-md-5\"><img src=\"https:\/\/cdn.shopify.com\/s\/files\/1\/0630\/0906\/2965\/files\/h1-banner7-1.png?v=1717078823\"><\/div>","text_style":"text","text_font-weight":"fw-normal","text_color_desktop":"#1f1f27","text_font_size_desktop":16,"margin_desktop":"","text_font_size_tablet":16,"margin_tablet":"","text_font_size_mobile":16,"margin_mobile":""}},"image_HFKm6z":{"type":"image","settings":{"image":"shopify:\/\/shop_images\/h1-banner7.png","margin":""}},"text_3miakz":{"type":"text","settings":{"text":"Don't forget to opt into Fashion News to have your offers and rewards delivered right to your inbox!","text_style":"text","text_font-weight":"fw-medium","text_color_desktop":"#1f1f27","text_font_size_desktop":19,"margin_desktop":"35px 0 20px","text_font_size_tablet":19,"margin_tablet":"30px 0 15px","text_font_size_mobile":19,"margin_mobile":"25px 0 10px"}},"text_TmRcRX":{"type":"text","settings":{"text":"It’s a powerful lady like class with a touch of sophisticated sass that creates a sleek and commanding presence.","text_style":"text","text_font-weight":"fw-normal","text_color_desktop":"#1f1f27","text_font_size_desktop":15,"margin_desktop":"","text_font_size_tablet":15,"margin_tablet":"","text_font_size_mobile":15,"margin_mobile":""}}},"block_order":["text_LJitbq","image_HFKm6z","text_3miakz","text_TmRcRX"],"settings":{"full_with":true,"max_with":"","color_bg":"rgba(0,0,0,0)","image_bg":"shopify:\/\/shop_images\/h1-banner-bg-7.png","bg_align":"bottom right","padding_block":"0 45px 115px","padding_block_m":"0 16px 60px","margin_block":"","border_radius":"rounded-0","space_between":"5","text_align":"start","banner_mobile":"always","banner":"shopify:\/\/shop_images\/h1-banner6.png","banner_url":"","banner_size":51,"banner_size_ipad":100,"banner_size_mobile":100,"banner_position":"left","content_max_with":"530px","padding_content":"20px  24px 20px 70px","padding_content_m":"2","margin_content":"0 auto","content_color_bg":"#ffffff","opacity":0}},"heading_filter_dbY6JU":{"type":"heading-filter","settings":{"full_width":true,"max_width":"","color_bg":"rgba(0,0,0,0)","text_color":"#000000","padding_block":"0 45px 96px","padding_block_m":"0 16px 60px","margin_block":"","heading":"You're looking for","preposition":"in","categories_menu":"product-categories","vendors":"Aceno, aceno fashion, Ucham, Ferragni","button_label":"Search","limit":8,"loadmore_label":"Load more","desktop_column":4,"tablet_column":3,"mobile_column":2}}},"order":["f7f81db5-41b9-4aab-b889-2fa01d47d8a9","multi_image_with_text_kYfPhi","heading_t3phh9","image_with_text_jRP8Qw","heading_filter_dbY6JU"]}