{"sections":{"slideshow_8aVarM":{"type":"slideshow","blocks":{"09ccb803-5e04-4c7f-b262-eab1e9fe9759":{"type":"image","settings":{"image":"shopify:\/\/shop_images\/h7-slide1.jpg","bg_align":"center","link":"shopify:\/\/collections\/frontpage","box_maxwidth":"","padding_block":"46px 0 120px","content_color":"rgba(0,0,0,0)","opacity":0,"alignment":"justify-content-md-start align-items-md-center","text-alignment":"center","slides_effect":"fadeInUp","subheading":"<span class=\"fw-medium\">Our starting lineup<\/span>","subheading_color":"#1f1f27","subheading_font_family":"text","subheading_font_size":19,"subheading_font_size_l":18,"subheading_font_size_m":17,"subheading_margin":"0 0 15px","subheading_margin_m":"0 0 10px","title":"Collection","title_color":"#1f1f27","title_font_family":"h3","title_font_size":72,"title_font_size_l":54,"title_font_size_m":38,"title_margin":"0 0 5px","title_margin_m":"0 0 5px","title2":"Season 2024","title2_color":"#1f1f27","title2_font_family":"h3","title2_font_size":72,"title2_font_size_l":54,"title2_font_size_m":38,"title2_margin":"0 0 50px","title2_margin_m":"0 0 30px","desc":"","desc_color":"#1f1f27","desc_font_family":"text","desc_font_size":16,"desc_font_size_l":16,"desc_font_size_m":16,"desc_margin":"","desc_margin_m":"","btn_text":"View Collection","btn_url":"shopify:\/\/collections\/frontpage","btn_font_size":16,"btn_font_size_m":15,"btn_padding":"12px 35px","btn_padding_m":"11px 30px","btn_text_color":"#ffffff","btn_border_color":"#1f1f27","btn_border_width":"0","btn_bg_color":"#1f1f27","btn_text_hover_color":"#ffffff","btn_border_hover_color":"#515167","btn_bg_hover_color":"#515167","btn_margin":"","btn_margin_m":"","btn_text1":"","btn_url1":"shopify:\/\/collections\/frontpage","btn_font_size1":16,"btn_font_size_m1":15,"btn_padding1":"0 0 2px","btn_padding_m1":"0","btn_text_color1":"#1f1f27","btn_border_color1":"#111111","btn_border_width1":"0 0 2px 0","btn_bg_color1":"rgba(0,0,0,0)","btn_text_hover_color1":"#515167","btn_border_hover_color1":"#515167","btn_bg_hover_color1":"rgba(0,0,0,0)","btn_margin1":"","btn_margin_m1":"","image_mobile":"shopify:\/\/shop_images\/h7-slide1-m.jpg","padding_block_m":"30px 24px 60px","text-mb-alignment":"center","mb-alignment":"justify-content-center align-items-center"}},"image_YFBFqa":{"type":"image","settings":{"image":"shopify:\/\/shop_images\/h7-slide2.jpg","bg_align":"center","link":"shopify:\/\/collections\/frontpage","box_maxwidth":"","padding_block":"50px 0 120px","content_color":"rgba(0,0,0,0)","opacity":0,"alignment":"justify-content-md-start align-items-md-center","text-alignment":"center","slides_effect":"fadeInUp","subheading":"<span class=\"fw-medium\">New Arrivals &amp; Restock<\/span>","subheading_color":"#1f1f27","subheading_font_family":"text","subheading_font_size":19,"subheading_font_size_l":18,"subheading_font_size_m":17,"subheading_margin":"0 0 15px","subheading_margin_m":"0 0 10px","title":"Your Favourite","title_color":"#1f1f27","title_font_family":"h3","title_font_size":72,"title_font_size_l":54,"title_font_size_m":38,"title_margin":"0 0 5px","title_margin_m":"0 0 5px","title2":"Exclusive","title2_color":"#1f1f27","title2_font_family":"h3","title2_font_size":72,"title2_font_size_l":54,"title2_font_size_m":38,"title2_margin":"0 0 50px","title2_margin_m":"0 0 30px","desc":"","desc_color":"#1f1f27","desc_font_family":"text","desc_font_size":16,"desc_font_size_l":16,"desc_font_size_m":16,"desc_margin":"","desc_margin_m":"","btn_text":"View Collection","btn_url":"shopify:\/\/collections\/frontpage","btn_font_size":16,"btn_font_size_m":15,"btn_padding":"12px 35px","btn_padding_m":"11px 30px","btn_text_color":"#ffffff","btn_border_color":"#1f1f27","btn_border_width":"0","btn_bg_color":"#1f1f27","btn_text_hover_color":"#ffffff","btn_border_hover_color":"#515167","btn_bg_hover_color":"#515167","btn_margin":"","btn_margin_m":"","btn_text1":"","btn_url1":"shopify:\/\/collections\/women","btn_font_size1":16,"btn_font_size_m1":15,"btn_padding1":"0 0 2px","btn_padding_m1":"0","btn_text_color1":"#1f1f27","btn_border_color1":"#111111","btn_border_width1":"0 0 2px 0","btn_bg_color1":"rgba(0,0,0,0)","btn_text_hover_color1":"#515167","btn_border_hover_color1":"#515167","btn_bg_hover_color1":"rgba(0,0,0,0)","btn_margin1":"0 0 0 24px","btn_margin_m1":"0 0 0 20px","image_mobile":"shopify:\/\/shop_images\/h7-slide2-m.jpg","padding_block_m":"30px 24px 60px","text-mb-alignment":"center","mb-alignment":"justify-content-center align-items-center"}}},"block_order":["09ccb803-5e04-4c7f-b262-eab1e9fe9759","image_YFBFqa"],"settings":{"full_with":true,"max_with":"","color_bg":"rgba(0,0,0,0)","padding_block":"","padding_block_m":"","margin_block":"","border_radius":"rounded-0","slideshow-height":"920px","slideshow-theight":"800px","slideshow-mheight":"600px","navigation":true,"pagination":true,"autoplay":false,"autoplay_speed":"8000","caption_full_with":false,"caption_max_with":"","position_content":true,"scrolldown":false,"scrolldown_text":"Scroll down","scrolldown_color":"#00142b","style_special":true,"slide-show-fullheight":true}},"multi_image_with_text_kYfPhi":{"type":"multi-image-with-text","blocks":{"feature_item_tkAPKD":{"type":"feature_item","settings":{"width_desk":33,"width_tablet":50,"width_mobile":100,"item_padding":"50px","item_padding_m":"24px","content_bg_color":"rgba(0,0,0,0)","text_align":"text-start align-items-end","banner_position":"over","banner":"shopify:\/\/shop_images\/h7-banner1.jpg","subtitle":"<span class=\"fw-medium\">Up To 50% Off Online<\/span>","heading_subcolor":"#1f1f27","heading_sub_size":19,"heading_sub_size_m":16,"heading_sub_margin":"","heading_sub_margin_m":"","title":"Knit Beanie","heading_color":"#1f1f27","heading_size":36,"heading_size_m":24,"heading_margin":"5px 0 15px","heading_margin_m":"5px 0 15px","content":"","text_color":"#1f1f27","text_size":14,"text_size_m":14,"text_margin":"","text_margin_m":"","button":"<span class=\"fw-medium\">Shop the Look<\/span>","button_url":"shopify:\/\/collections\/active","button_color":"#1f1f27","button_border_color":"#1f1f27","button_width":"0","border_radius":"rounded-0","button_bg_color":"rgba(0,0,0,0)","button_size":13,"button_size_m":13,"button_padding":"0 0 5px","button_padding_m":"0 0 5px"}},"feature_item_AxHFWG":{"type":"feature_item","settings":{"width_desk":33,"width_tablet":50,"width_mobile":100,"item_padding":"46px","item_padding_m":"24px","content_bg_color":"rgba(0,0,0,0)","text_align":"text-start align-items-end","banner_position":"over","banner":"shopify:\/\/shop_images\/h7-banner2.jpg","subtitle":"<span class=\"fw-medium\">Best Seller Last Week<\/span>","heading_subcolor":"#1f1f27","heading_sub_size":19,"heading_sub_size_m":16,"heading_sub_margin":"","heading_sub_margin_m":"","title":"Sneaker","heading_color":"#1f1f27","heading_size":36,"heading_size_m":23,"heading_margin":"5px 0 15px","heading_margin_m":"5px 0 15px","content":"","text_color":"#1f1f27","text_size":14,"text_size_m":14,"text_margin":"","text_margin_m":"","button":"<span class=\"fw-medium\">Shop the Look<\/span>","button_url":"shopify:\/\/collections\/denim","button_color":"#1f1f27","button_border_color":"#1f1f27","button_width":"0","border_radius":"rounded-0","button_bg_color":"rgba(0,0,0,0)","button_size":13,"button_size_m":13,"button_padding":"0 0 5px","button_padding_m":"0 0 5px"}},"feature_item_cpCGye":{"type":"feature_item","settings":{"width_desk":33,"width_tablet":50,"width_mobile":100,"item_padding":"46px","item_padding_m":"24px","content_bg_color":"rgba(0,0,0,0)","text_align":"text-start align-items-end","banner_position":"over","banner":"shopify:\/\/shop_images\/h7-banner3.jpg","subtitle":"<span class=\"fw-medium\">Best Seller Last Week<\/span>","heading_subcolor":"#1f1f27","heading_sub_size":19,"heading_sub_size_m":16,"heading_sub_margin":"","heading_sub_margin_m":"","title":"Tops &amp; Bodysuits","heading_color":"#1f1f27","heading_size":36,"heading_size_m":23,"heading_margin":"5px 0 15px","heading_margin_m":"5px 0 15px","content":"","text_color":"#1f1f27","text_size":14,"text_size_m":14,"text_margin":"","text_margin_m":"","button":"<span class=\"fw-medium\">Shop the Look<\/span>","button_url":"shopify:\/\/collections\/pajamas","button_color":"#1f1f27","button_border_color":"#1f1f27","button_width":"0","border_radius":"rounded-0","button_bg_color":"rgba(0,0,0,0)","button_size":13,"button_size_m":13,"button_padding":"0 0 5px","button_padding_m":"0 0 5px"}}},"block_order":["feature_item_tkAPKD","feature_item_AxHFWG","feature_item_cpCGye"],"settings":{"full_with":true,"max_with":"","color_bg":"rgba(0,0,0,0)","padding_block":"6px 6px 0","padding_block_m":"6px 6px 0","margin_block":"","heading":"","sub_heading":"","text_align":"text-start","layout":"grid","space_between":6,"space_between_m":16,"column1":3,"column2":3,"column3":2,"effect_show":true,"slide_variableWidth":false,"navigation":true,"pagination":false,"infinite":true,"autoplay":false,"autoplay_speed":"10000"}},"product_list_LVHUNJ":{"type":"product-list","settings":{"full_with":false,"max_with":"1830px","color_bg":"rgba(0,0,0,0)","padding_block":"92px 0 96px","padding_block_m":"54px 0 60px","margin_block":"","heading":"New arrivals","sub_heading":"","text_align":"text-start","collection_handle":"pajamas","limit":6,"button_text":"","layout":"carousel","space_between":"4","column1":4,"column2":3,"column3":2,"product_style":"style1","slide_variableWidth":false,"navigation":true,"pagination":true,"infinite":true,"autoplay":false,"autoplay_speed":"10000"}},"image_with_text_kMrq9f":{"type":"image-with-text","blocks":{"text_HWYjXz":{"type":"text","settings":{"text":"Faux Fur Handbag","text_style":"ff-heading","text_font-weight":"fw-normal","text_color_desktop":"#1f1f27","text_font_size_desktop":36,"margin_desktop":"","text_font_size_tablet":30,"margin_tablet":"","text_font_size_mobile":32,"margin_mobile":""}},"text_CecLaA":{"type":"text","settings":{"text":"We believe in crafting pieces where sustainability andstyle go hand in hand. Made from zmaterials likerecycled cashmere and sust.","text_style":"text","text_font-weight":"fw-medium","text_color_desktop":"#1f1f27","text_font_size_desktop":19,"margin_desktop":"10px 0 30px","text_font_size_tablet":16,"margin_tablet":"10px 0 30px","text_font_size_mobile":19,"margin_mobile":"20px 0 30px"}},"button_m9fLQy":{"type":"button","settings":{"button":"Shop Now","link":"shopify:\/\/collections\/bags","button_font_size":16,"button_padding":"11px 32px","margin":"","button_color":"#ffffff","button_border-width":"1px","button_color_border":"#1f1f27","button_color_bg":"#1f1f27","border_radius":"rounded-pill","button_color_hover":"#ffffff","button_color_border_hover":"#515167","button_color_bg_hover":"#515167","button_font_size_mobile":14,"button_padding_mobile":"","button_icon":"none","button_icon_size":"14x14"}}},"block_order":["text_HWYjXz","text_CecLaA","button_m9fLQy"],"settings":{"full_with":false,"max_with":"1830px","color_bg":"rgba(0,0,0,0)","bg_align":"center","padding_block":"","padding_block_m":"","margin_block":"","border_radius":"rounded-3","space_between":"0","text_align":"start","banner_mobile":"always","banner":"shopify:\/\/shop_images\/h7-banner4.jpg","banner_url":"shopify:\/\/collections\/pajamas","banner_size":53,"banner_size_ipad":50,"banner_size_mobile":100,"banner_position":"right","content_max_with":"600px","padding_content":"24px","padding_content_m":"60px 24px","margin_content":"0 0 0 auto","content_color_bg":"#eef0f2","opacity":100}},"services_NNQqxQ":{"type":"services","blocks":{"item_NKTeDq":{"type":"item","settings":{"icon":"shopify:\/\/shop_images\/icon-service-1.svg","box_title":"Fast Delivery","heading_color":"#1f1f27","box_title_size":16,"box_title_size_m":16,"box_desc":"Deliver in 24 hours max!","desc_color":"#515167","box_desc_size":16,"box_desc_size_m":16,"button_text":"","button_url":""}},"item_aJapf9":{"type":"item","settings":{"icon":"shopify:\/\/shop_images\/icon-service-2.svg","box_title":"Safe Payment","heading_color":"#1f1f27","box_title_size":16,"box_title_size_m":16,"box_desc":"Visa, Mastercard, PayPal...","desc_color":"#515167","box_desc_size":16,"box_desc_size_m":16,"button_text":"","button_url":""}},"item_9tAai6":{"type":"item","settings":{"icon":"shopify:\/\/shop_images\/icon-service-3.svg","box_title":"24\/7 Online Support","heading_color":"#1f1f27","box_title_size":16,"box_title_size_m":16,"box_desc":"24 hours a day, 7 days a week","desc_color":"#515167","box_desc_size":16,"box_desc_size_m":16,"button_text":"","button_url":""}},"item_HwweAC":{"type":"item","settings":{"icon":"shopify:\/\/shop_images\/icon-service-4.svg","box_title":"Free Returns","heading_color":"#1f1f27","box_title_size":16,"box_title_size_m":16,"box_desc":"Free returns within 15 days","desc_color":"#515167","box_desc_size":16,"box_desc_size_m":16,"button_text":"","button_url":""}}},"block_order":["item_NKTeDq","item_aJapf9","item_9tAai6","item_HwweAC"],"settings":{"full_with":false,"max_with":"1830px","color_bg":"rgba(0,0,0,0)","padding_block":"96px 0","padding_block_m":"60px 0","margin_block":"","heading":"","sub_heading":"","text_align":"text-start","layout":"carousel","column1":4,"column2":2,"column3":1,"iconsize":"70x70","service_style":"default","navigation":true,"pagination":true,"infinite":false,"autoplay":false,"autoplay_speed":"10000"}},"newsletter_nxCykX":{"type":"newsletter","settings":{"full_with":true,"max_with":"1770px","color_bg":"#eff0f2","image_bg":"shopify:\/\/shop_images\/h7-bg-newsletter.jpg","padding_block":"121px 30px 125px","padding_block_m":"45px 8px 48px","margin_block_d":"0 30px","margin_block_m":"0 16px","newsletter_layout":"style2","heading":"Sign Up to Newsletter","description":"Describe what your customers will receive when subscribing to your newsletter.","mailchimp":false,"newsletter_form_action":""}},"product_tab_dropdown_wVJXJk":{"type":"product-tab-dropdown","blocks":{"tab_RmxeHA":{"type":"tab","settings":{"title":"Best Sellers","collection":"denim"}},"tab_GKU8Rk":{"type":"tab","settings":{"title":"New Arrivals","collection":"skirts"}},"tab_QfqcML":{"type":"tab","settings":{"title":"Sale","collection":"shoes"}}},"block_order":["tab_RmxeHA","tab_GKU8Rk","tab_QfqcML"],"settings":{"full_with":false,"max_with":"1830px","color_bg":"rgba(0,0,0,0)","padding_block":"92px 0 96px","padding_block_m":"52px 0 60px","margin_block":"","heading":"You are in","limit":8,"button_text":"View All","layout":"grid","space_between":"4","column1":4,"column2":3,"column3":2,"product_style":"style1","slide_variableWidth":false,"navigation":true,"pagination":false,"infinite":true,"autoplay":false,"autoplay_speed":"10000"}},"border_aQRi9G":{"type":"border","settings":{"full_with":true,"max_with":"","color_bg":"rgba(0,0,0,0)","padding_block":"","padding_block_m":"","margin_block":"","border_style":"solid","border_width":1,"border_color":"#eff0f2","opacity":100}},"heading_9pFa3m":{"type":"heading","blocks":{"text_KtAXaE":{"type":"text","settings":{"title_style":"default","text":"#acenoshopifytheme","text_alignment":"center","text_style":"text","text_font-weight":"fw-medium","text_color_desktop":"#1f1f27","text_font_size_desktop":19,"margin_desktop":"","text_font_size_tablet":18,"margin_tablet":"","text_font_size_mobile":16,"margin_mobile":""}},"text_UEFadm":{"type":"text","settings":{"title_style":"default","text":"Aceno on Instagram","text_alignment":"center","text_style":"ff-heading","text_font-weight":"fw-normal","text_color_desktop":"#1f1f27","text_font_size_desktop":36,"margin_desktop":"","text_font_size_tablet":34,"margin_tablet":"","text_font_size_mobile":32,"margin_mobile":""}}},"block_order":["text_KtAXaE","text_UEFadm"],"settings":{"full_with":false,"max_with":"","color_bg":"rgba(0,0,0,0)","padding_block":"92px 0 36px","padding_block_m":"56px 0 20px","margin_block":""}},"instagram_shop_DU4NVt":{"type":"instagram-shop","blocks":{"instagram_item_dage9J":{"type":"instagram_item","settings":{"image":"shopify:\/\/shop_images\/h7-banner6.jpg","product1":"asymmetric-neckline-top","top1":36,"left1":35,"product2":"asymmetric-polyamide-top","top2":42,"left2":62,"product3":"","top3":70,"left3":80,"product4":"","top4":50,"left4":50,"more_info":"<p>We're totally smitten over this look! will you be creating a red or pink makeup look for valentine's day?<\/p><p class=\"text-secondary\">#cotton #aceno #trending #sale<\/p>","store_name":"Aceno store","image_url":"https:\/\/www.instagram.com\/p\/C_sYsFmTx9C\/?utm_source=ig_web_copy_link"}},"instagram_item_8hdGPU":{"type":"instagram_item","settings":{"image":"shopify:\/\/shop_images\/h7-banner7.jpg","product1":"buttoned-shirt-white","top1":73,"left1":75,"product2":"balloon-denim-mini-skirt","top2":80,"left2":60,"product3":"","top3":75,"left3":75,"product4":"","top4":50,"left4":50,"more_info":"<p>We're totally smitten over this look! will you be creating a red or pink makeup look for valentine's day?<\/p><p class=\"text-secondary\">#cotton #aceno #trending #sale<\/p>","store_name":"Aceno store","image_url":"https:\/\/www.instagram.com\/p\/C_sY42szYXk\/?utm_source=ig_web_copy_link"}},"instagram_item_ExyTa7":{"type":"instagram_item","settings":{"image":"shopify:\/\/shop_images\/h7-banner8.jpg","product1":"basic-crop-top-with-thin","top1":58,"left1":18,"product2":"bra-sports-top-1","top2":30,"left2":70,"product3":"cotton-parachute-shorts","top3":75,"left3":75,"product4":"","top4":50,"left4":50,"more_info":"<p>We're totally smitten over this look! will you be creating a red or pink makeup look for valentine's day?<\/p><p class=\"text-secondary\">#cotton #aceno #trending #sale<\/p>","store_name":"Aceno store","image_url":"https:\/\/www.instagram.com\/p\/C_sY7CrzfFF\/?utm_source=ig_web_copy_link"}},"instagram_item_BNbRtK":{"type":"instagram_item","settings":{"image":"shopify:\/\/shop_images\/h7-banner9.jpg","product1":"cropped-knit-sweater","top1":40,"left1":10,"product2":"cotton-parachute-shorts-1","top2":40,"left2":50,"product3":"","top3":100,"left3":65,"product4":"","top4":50,"left4":50,"more_info":"<p>We're totally smitten over this look! will you be creating a red or pink makeup look for valentine's day?<\/p><p class=\"text-secondary\">#cotton #aceno #trending #sale<\/p>","store_name":"Aceno store","image_url":"https:\/\/www.instagram.com\/p\/C_sY8zxzQTW\/?utm_source=ig_web_copy_link"}},"instagram_item_wazAbc":{"type":"instagram_item","settings":{"image":"shopify:\/\/shop_images\/h7-banner10.jpg","product1":"short-sleeve-dress","top1":50,"left1":40,"product2":"","top2":50,"left2":50,"product3":"","top3":50,"left3":50,"product4":"","top4":50,"left4":50,"more_info":"<p>We're totally smitten over this look! will you be creating a red or pink makeup look for valentine's day?<\/p><p class=\"text-secondary\">#cotton #aceno #trending #sale<\/p>","store_name":"Aceno store","image_url":"https:\/\/www.instagram.com\/p\/C_sY-hzT1VC\/?utm_source=ig_web_copy_link"}},"instagram_item_wHbBwU":{"type":"instagram_item","settings":{"image":"shopify:\/\/shop_images\/h7-banner11.jpg","product1":"ucham-basic-blazer","top1":50,"left1":40,"product2":"","top2":50,"left2":50,"product3":"","top3":50,"left3":50,"product4":"","top4":50,"left4":50,"more_info":"<p>We're totally smitten over this look! will you be creating a red or pink makeup look for valentine's day?<\/p><p class=\"text-secondary\">#cotton #aceno #trending #sale<\/p>","store_name":"Aceno store","image_url":"https:\/\/www.instagram.com\/p\/C_tpDGsTm4y\/?utm_source=ig_web_copy_link"}}},"block_order":["instagram_item_dage9J","instagram_item_8hdGPU","instagram_item_ExyTa7","instagram_item_BNbRtK","instagram_item_wazAbc","instagram_item_wHbBwU"],"settings":{"full_with":false,"max_with":"1800px","color_bg":"rgba(0,0,0,0)","padding_block":"0 0 96px","padding_block_m":"0 0 60px","margin_block":"","column1":6,"column2":3,"column3":2,"slide_variableWidth":false,"navigation":true,"pagination":true,"infinite":true,"autoplay":false,"autoplay_speed":"10000"}},"background_parallax_FBXEgi":{"type":"background-parallax","blocks":{"text_ribdn8":{"type":"text","settings":{"text":"Work with us","text_style":"h3","font-weight":"fw-normal","text_color_desktop":"#ffffff","text_font_size_desktop":36,"margin_desktop":"","text_font_size_tablet":34,"margin_tablet":"","text_font_size_mobile":32,"margin_mobile":""}},"text_ctdLjB":{"type":"text","settings":{"text":"<p style=\"margin: 0 auto; max-width: 400px;\">We are always looking for people who love to learn and who believe in what they are doing, who have the right attitude. The Ucham corporate culture is based on team work, open communication and high standards.<\/p>","text_style":"text","font-weight":"fw-medium","text_color_desktop":"#ffffff","text_font_size_desktop":15,"margin_desktop":"25px 0 45px","text_font_size_tablet":15,"margin_tablet":"25px 0 45px","text_font_size_mobile":15,"margin_mobile":"25px 0 45px"}},"button_HDaJQV":{"type":"button","settings":{"button":"Clicking here","link":"shopify:\/\/pages\/about-us","button_font_size":13,"button_padding":"0 0 2px","margin":"","button_color":"#ffffff","button_border-width":"0 0 1px 0","button_color_border":"#ffffff","button_color_bg":"rgba(0,0,0,0)","border_radius":"rounded-0","button_color_hover":"#eaeaea","button_color_border_hover":"#eaeaea","button_color_bg_hover":"rgba(0,0,0,0)","button_font_size_mobile":13,"button_padding_mobile":"0 0 2px","button_icon":"none","button_icon_size":"14x14","button_effect":"none"}}},"block_order":["text_ribdn8","text_ctdLjB","button_HDaJQV"],"settings":{"full_with":true,"max_with":"","color_bg":"rgba(0,0,0,0)","image_bg":"shopify:\/\/shop_images\/h7-bg-parallax.jpg","image_bg_parallax":true,"padding_block":"","padding_block_m":"","margin_block_d":"","margin_block_m":"","border_radius1":"rounded-0","content_align":"center","text_align":"center","content_max_with":"","padding_content":"156px 0 160px","padding_content_m":"86px 16px 90px","content_color_bg":"#1f1f27","border_radius":"rounded-0","opacity":70}}},"order":["slideshow_8aVarM","multi_image_with_text_kYfPhi","product_list_LVHUNJ","image_with_text_kMrq9f","services_NNQqxQ","newsletter_nxCykX","product_tab_dropdown_wVJXJk","border_aQRi9G","heading_9pFa3m","instagram_shop_DU4NVt","background_parallax_FBXEgi"]}