{"sections":{"slideshow_8aVarM":{"type":"slideshow","blocks":{"09ccb803-5e04-4c7f-b262-eab1e9fe9759":{"type":"image","settings":{"image":"shopify:\/\/shop_images\/h11-slide1.jpg","bg_align":"center","link":"shopify:\/\/collections\/swimwear","box_maxwidth":"","padding_block":"50px 0","content_color":"rgba(0,0,0,0)","opacity":0,"alignment":"justify-content-md-start align-items-md-center","text-alignment":"start","slides_effect":"fadeInUp","subheading":"<span class=\"fw-medium\">For Women 2024<\/span>","subheading_color":"#ffffff","subheading_font_family":"text","subheading_font_size":19,"subheading_font_size_l":18,"subheading_font_size_m":17,"subheading_margin":"0 0 15px","subheading_margin_m":"0 0 10px","title":"Best swimsuits","title_color":"#ffffff","title_font_family":"h3","title_font_size":72,"title_font_size_l":54,"title_font_size_m":38,"title_margin":"0 0 5px","title_margin_m":"0 0 5px","title2":"for mom","title2_color":"#ffffff","title2_font_family":"h3","title2_font_size":72,"title2_font_size_l":54,"title2_font_size_m":38,"title2_margin":"0 0 50px","title2_margin_m":"0 0 30px","desc":"","desc_color":"#ffffff","desc_font_family":"text","desc_font_size":16,"desc_font_size_l":16,"desc_font_size_m":16,"desc_margin":"","desc_margin_m":"","btn_text":"View all product","btn_url":"shopify:\/\/collections\/swimwear","btn_font_size":16,"btn_font_size_m":15,"btn_padding":"12px 35px","btn_padding_m":"10px 25px","btn_text_color":"#1f1f27","btn_border_color":"#ffffff","btn_border_width":"0","btn_bg_color":"#ffffff","btn_text_hover_color":"#ffffff","btn_border_hover_color":"#515167","btn_bg_hover_color":"#515167","btn_margin":"","btn_margin_m":"","btn_text1":"","btn_url1":"shopify:\/\/collections\/swimwear","btn_font_size1":16,"btn_font_size_m1":15,"btn_padding1":"0 0 2px","btn_padding_m1":"0","btn_text_color1":"#1f1f27","btn_border_color1":"#111111","btn_border_width1":"0 0 2px 0","btn_bg_color1":"rgba(0,0,0,0)","btn_text_hover_color1":"#515167","btn_border_hover_color1":"#515167","btn_bg_hover_color1":"rgba(0,0,0,0)","btn_margin1":"0 0 0 24px","btn_margin_m1":"0 0 0 20px","image_mobile":"shopify:\/\/shop_images\/h11-slide1-m.jpg","padding_block_m":"50px 8px","text-mb-alignment":"start","mb-alignment":"justify-content-start align-items-center"}},"image_kqdxU4":{"type":"image","settings":{"image":"shopify:\/\/shop_images\/h11-slide2.jpg","bg_align":"center","link":"shopify:\/\/collections\/swimwear","box_maxwidth":"","padding_block":"50px 0","content_color":"rgba(0,0,0,0)","opacity":0,"alignment":"justify-content-md-start align-items-md-center","text-alignment":"start","slides_effect":"fadeInUp","subheading":"<span class=\"fw-medium\">Wardrobe Refresh<\/span>","subheading_color":"#ffffff","subheading_font_family":"text","subheading_font_size":19,"subheading_font_size_l":18,"subheading_font_size_m":17,"subheading_margin":"0 0 15px","subheading_margin_m":"0 0 10px","title":"Our picks of","title_color":"#ffffff","title_font_family":"h3","title_font_size":72,"title_font_size_l":54,"title_font_size_m":38,"title_margin":"0 0 5px","title_margin_m":"0 0 5px","title2":"the season","title2_color":"#ffffff","title2_font_family":"h3","title2_font_size":72,"title2_font_size_l":54,"title2_font_size_m":38,"title2_margin":"0 0 50px","title2_margin_m":"0 0 30px","desc":"","desc_color":"#ffffff","desc_font_family":"text","desc_font_size":16,"desc_font_size_l":16,"desc_font_size_m":16,"desc_margin":"","desc_margin_m":"","btn_text":"View all product","btn_url":"shopify:\/\/collections\/swimwear","btn_font_size":16,"btn_font_size_m":15,"btn_padding":"12px 35px","btn_padding_m":"10px 25px","btn_text_color":"#1f1f27","btn_border_color":"#ffffff","btn_border_width":"0","btn_bg_color":"#ffffff","btn_text_hover_color":"#ffffff","btn_border_hover_color":"#515167","btn_bg_hover_color":"#515167","btn_margin":"","btn_margin_m":"","btn_text1":"","btn_url1":"shopify:\/\/collections\/swimwear","btn_font_size1":16,"btn_font_size_m1":15,"btn_padding1":"0 0 2px","btn_padding_m1":"0","btn_text_color1":"#1f1f27","btn_border_color1":"#111111","btn_border_width1":"0 0 2px 0","btn_bg_color1":"rgba(0,0,0,0)","btn_text_hover_color1":"#515167","btn_border_hover_color1":"#515167","btn_bg_hover_color1":"rgba(0,0,0,0)","btn_margin1":"0 0 0 24px","btn_margin_m1":"0 0 0 20px","image_mobile":"shopify:\/\/shop_images\/h11-slide2-m.jpg","padding_block_m":"50px 8px","text-mb-alignment":"start","mb-alignment":"justify-content-start align-items-center"}},"image_VV3Gjw":{"type":"image","settings":{"image":"shopify:\/\/shop_images\/h11-slide3.jpg","bg_align":"center","link":"shopify:\/\/collections\/swimwear","box_maxwidth":"","padding_block":"50px 0","content_color":"rgba(0,0,0,0)","opacity":0,"alignment":"justify-content-md-start align-items-md-center","text-alignment":"start","slides_effect":"fadeInUp","subheading":"<span class=\"fw-medium\">Wardrobe Refresh<\/span>","subheading_color":"#ffffff","subheading_font_family":"text","subheading_font_size":19,"subheading_font_size_l":18,"subheading_font_size_m":17,"subheading_margin":"0 0 15px","subheading_margin_m":"0 0 10px","title":"Best swimwear","title_color":"#ffffff","title_font_family":"h3","title_font_size":72,"title_font_size_l":54,"title_font_size_m":38,"title_margin":"0 0 5px","title_margin_m":"0 0 5px","title2":"brands sales","title2_color":"#ffffff","title2_font_family":"h3","title2_font_size":72,"title2_font_size_l":54,"title2_font_size_m":38,"title2_margin":"0 0 50px","title2_margin_m":"0 0 30px","desc":"","desc_color":"#ffffff","desc_font_family":"text","desc_font_size":16,"desc_font_size_l":16,"desc_font_size_m":16,"desc_margin":"","desc_margin_m":"","btn_text":"View all product","btn_url":"shopify:\/\/collections\/swimwear","btn_font_size":16,"btn_font_size_m":15,"btn_padding":"12px 35px","btn_padding_m":"10px 25px","btn_text_color":"#1f1f27","btn_border_color":"#ffffff","btn_border_width":"0","btn_bg_color":"#ffffff","btn_text_hover_color":"#ffffff","btn_border_hover_color":"#515167","btn_bg_hover_color":"#515167","btn_margin":"","btn_margin_m":"","btn_text1":"","btn_url1":"shopify:\/\/collections\/swimwear","btn_font_size1":16,"btn_font_size_m1":15,"btn_padding1":"0 0 2px","btn_padding_m1":"0","btn_text_color1":"#1f1f27","btn_border_color1":"#111111","btn_border_width1":"0 0 2px 0","btn_bg_color1":"rgba(0,0,0,0)","btn_text_hover_color1":"#515167","btn_border_hover_color1":"#515167","btn_bg_hover_color1":"rgba(0,0,0,0)","btn_margin1":"0 0 0 24px","btn_margin_m1":"0 0 0 20px","image_mobile":"shopify:\/\/shop_images\/h11-slide3-m.jpg","padding_block_m":"50px 8px","text-mb-alignment":"start","mb-alignment":"justify-content-start align-items-center"}}},"block_order":["09ccb803-5e04-4c7f-b262-eab1e9fe9759","image_kqdxU4","image_VV3Gjw"],"settings":{"full_with":true,"max_with":"","color_bg":"rgba(0,0,0,0)","padding_block":"0 45px","padding_block_m":"0 16px","margin_block":"","border_radius":"rounded-3","slideshow-height":"920px","slideshow-theight":"800px","slideshow-mheight":"600px","navigation":true,"pagination":true,"autoplay":false,"autoplay_speed":"8000","caption_full_with":false,"caption_max_with":"","position_content":true,"scrolldown":false,"scrolldown_text":"Scroll down","scrolldown_color":"#00142b","style_special":true,"slide-show-fullheight":true}},"product_list_LVHUNJ":{"type":"product-list","settings":{"full_with":true,"max_with":"","color_bg":"rgba(0,0,0,0)","padding_block":"92px 15px 96px","padding_block_m":"54px 0 60px","margin_block":"","heading":"New Arrivals","sub_heading":"Here’s some of our most new arrivals products that people are in love with.","text_align":"text-center","collection_handle":"swimwear","limit":6,"button_text":"","layout":"carousel","space_between":"4","column1":5,"column2":3,"column3":2,"product_style":"style4","slide_variableWidth":false,"navigation":true,"pagination":true,"infinite":true,"autoplay":false,"autoplay_speed":"10000"}},"video_background_DFLFcL":{"type":"video-background","blocks":{"text_jYCnwc":{"type":"text","settings":{"text":"Collection 2024","text_style":"h3","font-weight":"fw-normal","text_color_desktop":"#ffffff","text_font_size_desktop":72,"margin_desktop":"","text_font_size_tablet":54,"margin_tablet":"","text_font_size_mobile":38,"margin_mobile":""}},"text_BVgQdg":{"type":"text","settings":{"text":"Where you hold the power to select from the most iconic jeans fits of the season. Your style, your choice. Explore our curated fits range.","text_style":"text","font-weight":"fw-medium","text_color_desktop":"#ffffff","text_font_size_desktop":15,"margin_desktop":"15px 0 50px","text_font_size_tablet":15,"margin_tablet":"15px 0 50px","text_font_size_mobile":15,"margin_mobile":"10px 0 40px"}},"button_MkFYUp":{"type":"button","settings":{"button":"Shop Collection","link":"shopify:\/\/collections\/swimwear","button_font_size":16,"button_padding":"15px 34px","margin":"","button_color":"#1f1f27","button_border-width":"1px","button_color_border":"#ffffff","button_color_bg":"#ffffff","border_radius":"rounded-pill","button_color_hover":"#ffffff","button_color_border_hover":"#1f1f27","button_color_bg_hover":"#1f1f27","button_font_size_mobile":15,"button_padding_mobile":"12px 30px","button_icon":"none","button_icon_size":"14x14"}}},"block_order":["text_jYCnwc","text_BVgQdg","button_MkFYUp"],"settings":{"full_with":true,"max_with":"","color_bg":"rgba(0,0,0,0)","padding_block":"0 45px","padding_block_m":"0 16px","margin_block":"","video_url":"https:\/\/cdn.shopify.com\/videos\/c\/o\/v\/5a2509636de14121a712a1f18435af63.mp4","aspect_ratios":51,"aspect_ratios_m":87,"content_align":"top-50 start-50 translate-middle","text_align":"center","content_max_with":"600px","padding_content":"32px","padding_content_m":"24px","content_color_bg":"#1f1f27","border_radius":"rounded-3","opacity":0,"style_special":false}},"collection_list_zbjXPd":{"type":"collection-list","blocks":{"collection_3wBhJk":{"type":"collection","settings":{"collection_title":"One Pieces","collection_image":"shopify:\/\/shop_images\/h11-col1.jpg","collection_handle":"swimwear"}},"collection_WXJjPE":{"type":"collection","settings":{"collection_title":"Bikinis","collection_image":"shopify:\/\/shop_images\/h11-col2.jpg","collection_handle":"best-seller-swimwear"}},"collection_9rWVzj":{"type":"collection","settings":{"collection_title":"Bikini Tops","collection_image":"shopify:\/\/shop_images\/h11-col3.jpg","collection_handle":"frontpage"}},"collection_iwk4Ex":{"type":"collection","settings":{"collection_title":"Cover-ups","collection_image":"shopify:\/\/shop_images\/h11-col4.jpg","collection_handle":"swimwear"}}},"block_order":["collection_3wBhJk","collection_WXJjPE","collection_9rWVzj","collection_iwk4Ex"],"settings":{"full_with":true,"max_with":"","color_bg":"rgba(0,0,0,0)","padding_block":"30px 45px 0","padding_block_m":"16px 16px 0 16px","margin_block":"","margin_block_m":"","heading":"","sub_heading":"","text_align":"text-center","layout":"carousel","space_between":"4","column1":4,"column2":2,"column3":1,"collection_style":"style4","image_ratio":"adapt","crop":false,"collection_count":true,"slide_variableWidth":true,"navigation":true,"pagination":true,"infinite":true,"autoplay":false,"autoplay_speed":"10000"}},"product_list_7kRqwr":{"type":"product-list","settings":{"full_with":true,"max_with":"","color_bg":"rgba(0,0,0,0)","padding_block":"92px 15px 0","padding_block_m":"56px 0 0","margin_block":"","heading":"Top Picks","sub_heading":"Here’s some of our most popular products people are in love with.","text_align":"text-center","collection_handle":"best-seller-swimwear","limit":6,"button_text":"","layout":"carousel","space_between":"4","column1":5,"column2":3,"column3":2,"product_style":"style4","slide_variableWidth":false,"navigation":true,"pagination":true,"infinite":true,"autoplay":false,"autoplay_speed":"10000"}},"multi_image_with_text_RwKUth":{"type":"multi-image-with-text","blocks":{"feature_item_6BamVn":{"type":"feature_item","settings":{"width_desk":50,"width_tablet":100,"width_mobile":100,"item_padding":"48px 74px","item_padding_m":"24px","content_bg_color":"rgba(0,0,0,0)","text_align":"text-start align-items-end","banner_position":"over","banner":"shopify:\/\/shop_images\/h11-banner1.jpg","subtitle":"","heading_subcolor":"#ffffff","heading_sub_size":12,"heading_sub_size_m":12,"heading_sub_margin":"","heading_sub_margin_m":"","title":"Swimsuit Trends for 2024","heading_color":"#ffffff","heading_size":36,"heading_size_m":32,"heading_margin":"","heading_margin_m":"","content":"<span class=\"fw-medium\">Here are a few go-to’s you need to know about….<\/span>","text_color":"#ffffff","text_size":16,"text_size_m":16,"text_margin":"5px 0 28px","text_margin_m":"5px 0 28px","button":"Shop now","button_url":"shopify:\/\/collections\/swimwear","button_color":"#1f1f27","button_border_color":"#ffffff","button_width":"1px","border_radius":"rounded-pill","button_bg_color":"#ffffff","button_size":16,"button_size_m":15,"button_padding":"9px 30px","button_padding_m":"7px 20px"}},"feature_item_LniF4E":{"type":"feature_item","settings":{"width_desk":50,"width_tablet":100,"width_mobile":100,"item_padding":"48px 72px","item_padding_m":"24px","content_bg_color":"rgba(0,0,0,0)","text_align":"text-start align-items-end","banner_position":"over","banner":"shopify:\/\/shop_images\/h11-banner2.jpg","subtitle":"","heading_subcolor":"#ffffff","heading_sub_size":12,"heading_sub_size_m":12,"heading_sub_margin":"","heading_sub_margin_m":"","title":"Shop All Year Long","heading_color":"#ffffff","heading_size":36,"heading_size_m":32,"heading_margin":"","heading_margin_m":"","content":"<span class=\"fw-medium\">In-store and online. Hurry Up! Limited time offer.<\/span>","text_color":"#ffffff","text_size":16,"text_size_m":16,"text_margin":"5px 0 28px","text_margin_m":"5px 0 28px","button":"Shop now","button_url":"shopify:\/\/collections\/swimwear","button_color":"#1f1f27","button_border_color":"#ffffff","button_width":"1px","border_radius":"rounded-pill","button_bg_color":"#ffffff","button_size":16,"button_size_m":15,"button_padding":"9px 30px","button_padding_m":"7px 20px"}}},"block_order":["feature_item_6BamVn","feature_item_LniF4E"],"settings":{"full_with":true,"max_with":"","color_bg":"rgba(0,0,0,0)","padding_block":"96px 45px","padding_block_m":"60px 16px","margin_block":"","heading":"","sub_heading":"","text_align":"text-start","layout":"grid","space_between":30,"space_between_m":16,"column1":4,"column2":3,"column3":2,"effect_show":true,"slide_variableWidth":false,"navigation":true,"pagination":false,"infinite":true,"autoplay":false,"autoplay_speed":"10000"}},"testimonial_EVrird":{"type":"testimonial","blocks":{"item_A3RA7p":{"type":"item","settings":{"title":"Delivery is quick","review":"“With just a few pages I was already making great baskets as a beginner! Really clear easy instructions and where to find the right materials!”","avatar":"shopify:\/\/shop_images\/avata-1.png","name":"Jenny Wilson","position":"Medical Assistant"}},"item_WKQe4M":{"type":"item","settings":{"title":"Impressive!","review":"“Gorgeous soft fabric and very high quality bamboo fabric at an excellent price. You’d pay a lot more elsewhere for a top like this. Highly recommend.”","avatar":"shopify:\/\/shop_images\/avata-2.png","name":"Rashed Kabir","position":"California"}},"item_XaigHT":{"type":"item","settings":{"title":"Great Products!","review":"“The material is beautiful and doesn’t need ironing. I have 2 now in different colours and always get compliments while wearing them. Thank you!”","avatar":"shopify:\/\/shop_images\/avata-3.png","name":"Zubayer Al Hasan","position":"New York"}}},"block_order":["item_A3RA7p","item_WKQe4M","item_XaigHT"],"settings":{"full_with":true,"max_with":"","color_bg":"#eff0f2","padding_block":"92px 15px 96px","padding_block_m":"56px 0 60px","margin_block":"","margin_block_m":"","heading":"Customers Say","sub_heading":"Clients love our theme and we strive to please them all the time.","text_align":"text-center","column1":3,"column2":2,"column3":1,"size":"48x48","show_avatar":true,"show_star":true,"testi_style":"style2","navigation":false,"pagination":true,"infinite":true,"autoplay":false,"autoplay_speed":"10000"}}},"order":["slideshow_8aVarM","product_list_LVHUNJ","video_background_DFLFcL","collection_list_zbjXPd","product_list_7kRqwr","multi_image_with_text_RwKUth","testimonial_EVrird"]}