{"sections":{"video_background_XeBUVQ":{"type":"video-background","blocks":{"text_By9znV":{"type":"text","settings":{"text":"Will You Be The Master Of Winter?","text_style":"text","font-weight":"fw-normal","text_color_desktop":"#ffffff","text_font_size_desktop":19,"margin_desktop":"","text_font_size_tablet":16,"margin_tablet":"","text_font_size_mobile":16,"margin_mobile":""}},"text_4h64wg":{"type":"text","settings":{"text":"Winter \/ Autumn <br> Collection 2024","text_style":"h3","font-weight":"fw-normal","text_color_desktop":"#ffffff","text_font_size_desktop":72,"margin_desktop":"0 0 50px","text_font_size_tablet":56,"margin_tablet":"0 0 50px","text_font_size_mobile":40,"margin_mobile":"0 0 30px"}},"button_G6WYmB":{"type":"button","settings":{"button":"View Collection","link":"shopify:\/\/collections\/modern","button_font_size":16,"button_padding":"0","margin":"","button_color":"#ffffff","button_border-width":"0 0 2px 0","button_color_border":"#ffffff","button_color_bg":"rgba(0,0,0,0)","border_radius":"rounded-0","button_color_hover":"#ffffff","button_color_border_hover":"#ffffff","button_color_bg_hover":"rgba(0,0,0,0)","button_font_size_mobile":15,"button_padding_mobile":"0","button_icon":"none","button_icon_size":"14x14"}}},"block_order":["text_By9znV","text_4h64wg","button_G6WYmB"],"settings":{"full_with":true,"max_with":"","color_bg":"rgba(0,0,0,0)","padding_block":"","padding_block_m":"","margin_block":"","video_url":"https:\/\/cdn.shopify.com\/videos\/c\/o\/v\/82bf0794c003495680a4608aeabba615.mp4","aspect_ratios":50,"aspect_ratios_m":100,"content_align":"top-50 start-50 translate-middle","text_align":"center","content_max_with":"700px","padding_content":"40px","padding_content_m":"20px","content_color_bg":"#1f1f27","border_radius":"rounded-0","opacity":0,"style_special":true}},"collection_list_iMEPVx":{"type":"collection-list","blocks":{"collection_9ndPQG":{"type":"collection","settings":{"collection_title":"Clothing","collection_image":"shopify:\/\/shop_images\/h3-banner1.jpg","collection_handle":"skirts"}},"collection_RRBfLr":{"type":"collection","settings":{"collection_title":"Accessories","collection_image":"shopify:\/\/shop_images\/h3-banner2.jpg","collection_handle":"accessories"}},"collection_eir8zR":{"type":"collection","settings":{"collection_title":"Shoes","collection_image":"shopify:\/\/shop_images\/h3-banner4.png","collection_handle":"shoes"}},"collection_W9jUXG":{"type":"collection","settings":{"collection_title":"Bags","collection_image":"shopify:\/\/shop_images\/h3-banner3.jpg","collection_handle":"bags"}}},"block_order":["collection_9ndPQG","collection_RRBfLr","collection_eir8zR","collection_W9jUXG"],"settings":{"full_with":false,"max_with":"","color_bg":"rgba(0,0,0,0)","padding_block":"30px 0 92px","padding_block_m":"16px 0 56px","margin_block":"","margin_block_m":"","heading":"","sub_heading":"","text_align":"text-start","layout":"masonry","space_between":"4","column1":3,"column2":3,"column3":2,"collection_style":"default","image_ratio":"adapt","crop":false,"collection_count":false,"slide_variableWidth":false,"navigation":true,"pagination":false,"infinite":true,"autoplay":false,"autoplay_speed":"10000"}},"product_load_more_E4z7dW":{"type":"product-load-more","settings":{"full_with":false,"max_with":"","color_bg":"rgba(0,0,0,0)","padding_block":"0 0 96px","padding_block_m":"0 0 60px","margin_block":"","heading":"New Arrivals","sub_heading":"Here’s some of our most new arrivals products that people are in love with.","text_align":"text-center","collection_handle":"skirts","display":8,"btn_loadmore":"Load more","column1":4,"column2":2,"column3":2,"product_style":"style3"}},"image_with_text_KD3HxE":{"type":"image-with-text","blocks":{"text_yh3Wbg":{"type":"text","settings":{"text":"Now Presenting…","text_style":"ff-heading","text_font-weight":"fw-normal","text_color_desktop":"#ffffff","text_font_size_desktop":20,"margin_desktop":"","text_font_size_tablet":19,"margin_tablet":"","text_font_size_mobile":18,"margin_mobile":""}},"text_fRRXAD":{"type":"text","settings":{"text":"Leather Jacket <br>Collection","text_style":"ff-heading","text_font-weight":"fw-normal","text_color_desktop":"#ffffff","text_font_size_desktop":45,"margin_desktop":"10px 0 60px","text_font_size_tablet":41,"margin_tablet":"10px 0 40px","text_font_size_mobile":38,"margin_mobile":"10px 0 30px"}},"countdown_LEHcGp":{"type":"countdown","settings":{"countdown_timeend":"","color_number":"#ffffff","color_text":"#7c99a9"}},"text_x4DdmH":{"type":"text","settings":{"text":"","text_style":"text","text_font-weight":"fw-normal","text_color_desktop":"#1f1f27","text_font_size_desktop":16,"margin_desktop":"0 0 60px","text_font_size_tablet":16,"margin_tablet":"0 0 50px","text_font_size_mobile":16,"margin_mobile":"0 0 40px"}},"button_bJCpH7":{"type":"button","settings":{"button":"Shop Now  \/  $79.00","link":"shopify:\/\/collections\/women","button_font_size":16,"button_padding":"11px 32px","margin":"","button_color":"#1f1f27","button_border-width":"1px","button_color_border":"#ffffff","button_color_bg":"#ffffff","border_radius":"rounded-pill","button_color_hover":"#1f1f27","button_color_border_hover":"#ffffff","button_color_bg_hover":"#ffffff","button_font_size_mobile":16,"button_padding_mobile":"11px 32px","button_icon":"none","button_icon_size":"14x14"}}},"block_order":["text_yh3Wbg","text_fRRXAD","countdown_LEHcGp","text_x4DdmH","button_bJCpH7"],"settings":{"full_with":false,"max_with":"","color_bg":"rgba(0,0,0,0)","bg_align":"bottom left","padding_block":"","padding_block_m":"","margin_block":"0 0 30px","border_radius":"rounded-3","space_between":"0","text_align":"center","banner_mobile":"always","banner":"shopify:\/\/shop_images\/h3-banner5.jpg","banner_url":"","banner_size":50,"banner_size_ipad":50,"banner_size_mobile":100,"banner_position":"right","content_max_with":"","padding_content":"50px 16px","padding_content_m":"50px 16px","margin_content":"","content_image_bg":"shopify:\/\/shop_images\/intro_plant.png","content_color_bg":"#1f1f27","opacity":100}},"testimonial_EVrird":{"type":"testimonial","blocks":{"item_A3RA7p":{"type":"item","settings":{"title":"","review":"Luxurious and sustainable fabrics mixed with thoughtful design. This company is paving the way for men's fashion.","name":"Jenny Wilson","position":"Medical Assistant"}},"item_WKQe4M":{"type":"item","settings":{"title":"","review":"\"Great job, I will definitely be ordering again! Thanks guys, keep up the good work! Garden was worth a fortune to my company.\"","name":"Kristin Watson","position":"Web Designer"}},"item_XaigHT":{"type":"item","settings":{"title":"","review":"Our everyday cashmere sweaters are kind of a bigdeal, not only because they’re crazy soft, but becausethey’re also crazy affordable.","name":"Kathryn Murphy","position":"Nursing Assistant"}},"item_wkTXnf":{"type":"item","settings":{"title":"","review":"Luxurious and sustainable fabrics mixed with thoughtful design. This company is paving the way for men's fashion.","name":"Jenny Wilson","position":"Medical Assistant"}}},"block_order":["item_A3RA7p","item_WKQe4M","item_XaigHT","item_wkTXnf"],"settings":{"full_with":false,"max_with":"","color_bg":"rgba(0,0,0,0)","padding_block":"92px 0 96px","padding_block_m":"56px 0 60px","margin_block":"","margin_block_m":"","heading":"Customers Say","sub_heading":"Clients love our theme and we strive to please them all the time.","text_align":"text-center","column1":3,"column2":2,"column3":1,"size":"100x100","show_avatar":false,"show_star":true,"testi_style":"style1","navigation":false,"pagination":true,"infinite":true,"autoplay":false,"autoplay_speed":"10000"}},"border_DKGmQw":{"type":"border","settings":{"full_with":true,"max_with":"","color_bg":"rgba(0,0,0,0)","padding_block":"","padding_block_m":"","margin_block":"","border_style":"solid","border_width":1,"border_color":"#dadbe0","opacity":100}},"product_list_FEaWK8":{"type":"product-list","settings":{"full_with":false,"max_with":"","color_bg":"rgba(0,0,0,0)","padding_block":"92px 0 96px","padding_block_m":"56px 0 60px","margin_block":"","heading":"Top Trending","sub_heading":"Explore the latest shopping related search trends in this week.","text_align":"text-center","collection_handle":"pajamas","limit":8,"button_text":"","layout":"carousel","space_between":"4","column1":4,"column2":3,"column3":2,"product_style":"style3","slide_variableWidth":false,"navigation":true,"pagination":true,"infinite":false,"autoplay":false,"autoplay_speed":"10000"}}},"order":["video_background_XeBUVQ","collection_list_iMEPVx","product_load_more_E4z7dW","image_with_text_KD3HxE","testimonial_EVrird","border_DKGmQw","product_list_FEaWK8"]}