{"sections":{"f7f81db5-41b9-4aab-b889-2fa01d47d8a9":{"type":"slideshow","blocks":{"09ccb803-5e04-4c7f-b262-eab1e9fe9759":{"type":"image","settings":{"image":"shopify:\/\/shop_images\/h5-slide1.jpg","bg_align":"center","link":"shopify:\/\/collections\/frontpage","box_maxwidth":"","padding_block":"50px 0","content_color":"rgba(0,0,0,0)","opacity":0,"alignment":"justify-content-md-start align-items-md-center","text-alignment":"start","slides_effect":"fadeInUp","subheading":"","subheading_color":"#1f1f27","subheading_font_family":"h3","subheading_font_size":40,"subheading_font_size_l":26,"subheading_font_size_m":16,"subheading_margin":"","subheading_margin_m":"","title":"Collection","title_color":"#ffffff","title_font_family":"h3","title_font_size":72,"title_font_size_l":54,"title_font_size_m":38,"title_margin":"0 0 5px","title_margin_m":"0 0 5px","title2":"Fur Coat","title2_color":"#ffffff","title2_font_family":"h3","title2_font_size":72,"title2_font_size_l":54,"title2_font_size_m":38,"title2_margin":"0 0 10px","title2_margin_m":"0 0 8px","desc":"<span class=\"fw-medium\"> Use code BIGSALE50 on select sale styles<\/span>","desc_color":"#ffffff","desc_font_family":"text","desc_font_size":16,"desc_font_size_l":16,"desc_font_size_m":16,"desc_margin":"0 0 40px","desc_margin_m":"0 0 24px","btn_text":"Shop Now","btn_url":"shopify:\/\/collections\/frontpage","btn_font_size":16,"btn_font_size_m":15,"btn_padding":"12px 35px","btn_padding_m":"10px 25px","btn_text_color":"#1f1f27","btn_border_color":"#ffffff","btn_border_width":"0","btn_bg_color":"#ffffff","btn_text_hover_color":"#ffffff","btn_border_hover_color":"#515167","btn_bg_hover_color":"#515167","btn_margin":"","btn_margin_m":"","btn_text1":"","btn_url1":"shopify:\/\/collections\/frontpage","btn_font_size1":16,"btn_font_size_m1":15,"btn_padding1":"0 0 2px","btn_padding_m1":"0","btn_text_color1":"#ffffff","btn_border_color1":"#ffffff","btn_border_width1":"0 0 2px 0","btn_bg_color1":"rgba(0,0,0,0)","btn_text_hover_color1":"#ffffff","btn_border_hover_color1":"#ffffff","btn_bg_hover_color1":"rgba(0,0,0,0)","btn_margin1":"0 0 0 24px","btn_margin_m1":"0 0 0 20px","image_mobile":"shopify:\/\/shop_images\/h5-slide1-m.jpg","padding_block_m":"40px 16px","text-mb-alignment":"start","mb-alignment":"justify-content-start align-items-end"}},"image_Ypapn7":{"type":"image","settings":{"image":"shopify:\/\/shop_images\/h5-slide2.jpg","bg_align":"center","link":"shopify:\/\/collections\/frontpage","box_maxwidth":"","padding_block":"50px 0","content_color":"rgba(0,0,0,0)","opacity":0,"alignment":"justify-content-md-start align-items-md-center","text-alignment":"start","slides_effect":"fadeInUp","subheading":"","subheading_color":"#1f1f27","subheading_font_family":"h3","subheading_font_size":40,"subheading_font_size_l":26,"subheading_font_size_m":16,"subheading_margin":"","subheading_margin_m":"","title":"Enjoy This","title_color":"#ffffff","title_font_family":"h3","title_font_size":72,"title_font_size_l":54,"title_font_size_m":38,"title_margin":"0 0 5px","title_margin_m":"0 0 5px","title2":"Fall Trends","title2_color":"#ffffff","title2_font_family":"h3","title2_font_size":72,"title2_font_size_l":54,"title2_font_size_m":38,"title2_margin":"0 0 10px","title2_margin_m":"0 0 8px","desc":"<span class=\"fw-medium\">Envelopes and boxes are 100% recyclable.<\/span>","desc_color":"#ffffff","desc_font_family":"text","desc_font_size":16,"desc_font_size_l":16,"desc_font_size_m":16,"desc_margin":"0 0 40px","desc_margin_m":"0 0 24px","btn_text":"Explore Now","btn_url":"shopify:\/\/collections\/frontpage","btn_font_size":16,"btn_font_size_m":15,"btn_padding":"12px 35px","btn_padding_m":"10px 25px","btn_text_color":"#1f1f27","btn_border_color":"#ffffff","btn_border_width":"0","btn_bg_color":"#ffffff","btn_text_hover_color":"#ffffff","btn_border_hover_color":"#515167","btn_bg_hover_color":"#515167","btn_margin":"","btn_margin_m":"","btn_text1":"","btn_url1":"","btn_font_size1":16,"btn_font_size_m1":15,"btn_padding1":"0 0 2px","btn_padding_m1":"0","btn_text_color1":"#ffffff","btn_border_color1":"#ffffff","btn_border_width1":"0 0 2px 0","btn_bg_color1":"rgba(0,0,0,0)","btn_text_hover_color1":"#ffffff","btn_border_hover_color1":"#ffffff","btn_bg_hover_color1":"rgba(0,0,0,0)","btn_margin1":"0 0 0 24px","btn_margin_m1":"0 0 0 20px","image_mobile":"shopify:\/\/shop_images\/h5-slide2-m.jpg","padding_block_m":"40px 16px","text-mb-alignment":"start","mb-alignment":"justify-content-start align-items-end"}}},"block_order":["09ccb803-5e04-4c7f-b262-eab1e9fe9759","image_Ypapn7"],"settings":{"full_with":true,"max_with":"","color_bg":"rgba(0,0,0,0)","padding_block":"","padding_block_m":"","margin_block":"","border_radius":"rounded-0","slideshow-height":"920px","slideshow-theight":"800px","slideshow-mheight":"600px","navigation":true,"pagination":true,"autoplay":false,"autoplay_speed":"8000","caption_full_with":false,"caption_max_with":"","position_content":true,"scrolldown":true,"scrolldown_text":"SCROLL DOWN - EXPLORE THE SHOP -","scrolldown_color":"#00142b","style_special":true,"slide-show-fullheight":true}},"collection_list_special_fdWpNh":{"type":"collection-list-special","blocks":{"collection_XxzK47":{"type":"collection","settings":{"collection_title":"Party","collection_image":"shopify:\/\/shop_images\/h5-col-1.jpg","collection_handle":"skirts"}},"collection_346YEX":{"type":"collection","settings":{"collection_title":"Jackets & Coats","collection_image":"shopify:\/\/shop_images\/h5-col-2.jpg","collection_handle":"active"}},"collection_LtBBFT":{"type":"collection","settings":{"collection_title":"Blazers & Suits","collection_image":"shopify:\/\/shop_images\/h5-col-3.jpg","collection_handle":"bags"}},"collection_jjbtjN":{"type":"collection","settings":{"collection_title":"Dresses","collection_image":"shopify:\/\/shop_images\/h5-col-4.jpg","collection_handle":"blazers"}},"collection_nXDy9Q":{"type":"collection","settings":{"collection_title":"Tops & T-shirts","collection_image":"shopify:\/\/shop_images\/h5-col-5.jpg","collection_handle":"denim"}},"collection_LRgPnH":{"type":"collection","settings":{"collection_title":"Skirts & Shorts","collection_image":"shopify:\/\/shop_images\/h5-col-6.jpg","collection_handle":"pajamas"}},"collection_EUWgdT":{"type":"collection","settings":{"collection_title":"Tracksuit","collection_image":"shopify:\/\/shop_images\/h5-col-7.jpg","collection_handle":"shoes"}},"collection_C6Wzg7":{"type":"collection","settings":{"collection_title":"Accessories","collection_image":"shopify:\/\/shop_images\/h5-col-8.jpg","collection_handle":"accessories"}}},"block_order":["collection_XxzK47","collection_346YEX","collection_LtBBFT","collection_jjbtjN","collection_nXDy9Q","collection_LRgPnH","collection_EUWgdT","collection_C6Wzg7"],"settings":{"full_with":true,"max_with":"","color_bg":"rgba(0,0,0,0)","padding_block":"160px 100px","padding_block_m":"60px 20px","margin_block":"","margin_block_m":"","collection_count":true}},"text_animations_EUV987":{"type":"text-animations","blocks":{"text_item_8LQKFF":{"type":"text-item","settings":{"text":"SIGN UP FOR 10% OFF YOUR FIRST ORDER","text_alignment":"text-center","text_style":"text","text_font_weight":"fw-medium","text_color":"#ffffff","text_size":13,"text_size_l":13,"text_size_m":13,"link":"\/account"}},"text_item_gMwYjH":{"type":"text-item","settings":{"text":"FREE DELIVERY AND RETURNS FROM $120","text_alignment":"text-start","text_style":"text","text_font_weight":"fw-medium","text_color":"#ffffff","text_size":13,"text_size_l":13,"text_size_m":13,"link":"\/cart"}},"text_item_XX44FC":{"type":"text-item","settings":{"text":"MID-SEASON SALE UP TO 50% OFF","text_alignment":"text-start","text_style":"text","text_font_weight":"fw-medium","text_color":"#ffffff","text_size":13,"text_size_l":13,"text_size_m":13,"link":""}}},"block_order":["text_item_8LQKFF","text_item_gMwYjH","text_item_XX44FC"],"settings":{"full_with":true,"max_with":"","color_bg":"#1f1f27","padding_block":"10px 0","padding_block_m":"10px 0","margin_block":""}},"product_list_wKPjAK":{"type":"product-list","settings":{"full_with":true,"max_with":"","color_bg":"rgba(0,0,0,0)","padding_block":"92px 15px 0","padding_block_m":"56px 0 0","margin_block":"","heading":"It May Interest You","sub_heading":"","text_align":"text-center","collection_handle":"skirts","limit":4,"button_text":"","layout":"grid","space_between":"4","column1":4,"column2":3,"column3":2,"product_style":"style1","slide_variableWidth":false,"navigation":false,"pagination":true,"infinite":true,"autoplay":false,"autoplay_speed":"10000"}},"newsletter_Uw9Abd":{"type":"newsletter","settings":{"full_with":false,"max_with":"","color_bg":"#ffffff","padding_block":"192px 0","padding_block_m":"60px 0","margin_block_d":"","margin_block_m":"","newsletter_layout":"style1","heading":"Subscrible &amp; Get 10% Discount","description":"Be the first to know about our new arrivals and exclusive offers.","mailchimp":false,"newsletter_form_action":""}}},"order":["f7f81db5-41b9-4aab-b889-2fa01d47d8a9","collection_list_special_fdWpNh","text_animations_EUV987","product_list_wKPjAK","newsletter_Uw9Abd"]}