{"sections":{"breadcrumb":{"type":"breadcrumb-page","disabled":true,"settings":{"full_with":true,"max_with":"","margin_block":"","breadcrumb_title":"","enable_title":"alwary","breadcrumb_bg":"#ffffff","breadcrumb_color_heading":"#1f1f27","breadcrumb_color":"#ffffff","breadcrumb_color_link":"#7c99a9","breadcrumb-height":"60px","breadcrumb-mheight":"60px","text-align":"center"}},"main":{"type":"main-page","disabled":true,"settings":{"full_with":false,"max_with":"","color_bg":"#a04a4a","padding_block":"","padding_block_m":"","margin_block":"0 0 30px"}},"slideshow_FgTBfY":{"type":"slideshow","blocks":{"image_YLtie8":{"type":"image","settings":{"image":"shopify:\/\/shop_images\/UniversalUpscaler_9c329dad-0cd6-4433-a7cb-23ed99759aaf.jpg","bg_align":"bottom","link":"","box_maxwidth":"","padding_block":"10px 40px","content_color":"#ffffff","opacity":0,"alignment":"justify-content-md-end align-items-md-center","text-alignment":"end","slides_effect":"fadeInUp","subheading":"","subheading_color":"#ffffff","subheading_font_family":"text","subheading_font_size":19,"subheading_font_size_l":18,"subheading_font_size_m":17,"subheading_margin":"0 0 15px","subheading_margin_m":"0 0 10px","title":"Solar living, refined.","title_color":"#ffffff","title_font_family":"h3","title_font_size":70,"title_font_size_l":27,"title_font_size_m":40,"title_margin":"0px 0px 0px 750px","title_margin_m":"0 0 10px","title2":"","title2_color":"#ffffff","title2_font_family":"ff-special","title2_font_size":16,"title2_font_size_l":16,"title2_font_size_m":12,"title2_margin":"","title2_margin_m":"","desc":"","desc_color":"#111111","desc_font_family":"text","desc_font_size":14,"desc_font_size_l":12,"desc_font_size_m":10,"desc_margin":"","desc_margin_m":"","btn_text":"","btn_url":"","btn_font_size":14,"btn_font_size_m":12,"btn_padding":"10px 30px","btn_padding_m":"6px 10px","btn_text_color":"#ffffff","btn_border_color":"#111111","btn_border_width":"","btn_bg_color":"#111111","btn_text_hover_color":"#ffffff","btn_border_hover_color":"#111111","btn_bg_hover_color":"#111111","btn_margin":"","btn_margin_m":"","btn_text1":"","btn_url1":"","btn_font_size1":14,"btn_font_size_m1":12,"btn_padding1":"10px 30px","btn_padding_m1":"6px 25px","btn_text_color1":"#ffffff","btn_border_color1":"#111111","btn_border_width1":"","btn_bg_color1":"#111111","btn_text_hover_color1":"#ffffff","btn_border_hover_color1":"#111111","btn_bg_hover_color1":"#111111","btn_margin1":"","btn_margin_m1":"","padding_block_m":"0px 0px 40px 100px","text-mb-alignment":"end","mb-alignment":"justify-content-center align-items-center"}}},"block_order":["image_YLtie8"],"custom_css":["@media (max-width: 768px) {.btn-slide__scroll {transform: scale(0.7) translateY(20px); transform-origin: center center; }}"],"name":"Slideshow","settings":{"full_with":true,"max_with":"","color_bg":"rgba(0,0,0,0)","padding_block":"0px","padding_block_m":"","margin_block":"","border_radius":"rounded-0","slideshow-height":"340px","slideshow-theight":"calc(100vh - 160px)","slideshow-mheight":"280px","navigation":true,"pagination":true,"autoplay":false,"autoplay_speed":"8000","caption_full_with":true,"caption_max_with":"1810","position_content":true,"scrolldown":true,"scrolldown_text":"Scroll down","scrolldown_color":"#111111","style_special":true,"slide-show-fullheight":false}},"image_with_text_mirror_7AXWM6":{"type":"image_with_text_mirror","blocks":{"text_FLz84z":{"type":"text","settings":{"text":"<div>\n  <p><strong><\/strong><\/p>\n<h3><strong>Designing a lighter way to live.<\/strong><\/h3>\n<br>\n At Homad, we believe that freedom begins with light. Not just any light — but light that’s intentional, effortless, and beautifully integrated into your life.<br>\n  Whether you’re placing a solar lantern on your balcony or planning a fully powered home, we offer both plug-and-play lights and installable solar systems, always crafted for natural living.\n\nWe’re here to help you create better moments — illuminated, sustainable, and uniquely yours.<br>\n<\/div>","text_style":"text","text_font-weight":"fw-normal","text_color_desktop":"#1f1f27","text_font_size_desktop":16,"margin_desktop":"","text_font_size_tablet":16,"margin_tablet":"","text_font_size_mobile":16,"margin_mobile":""}},"button_BEAQpr":{"type":"button","settings":{"button":"Read More","link":"","button_font_size":15,"button_padding":"","margin":"20px 0px","button_color":"#ffffff","button_border-width":"10px 30px 10px 30px","button_color_border":"#0c3b2e","button_color_bg":"#0c3b2e","border_radius":"rounded-pill","button_color_hover":"#ffffff","button_color_border_hover":"#1f1f27","button_color_bg_hover":"#1f1f27","button_font_size_mobile":15,"button_padding_mobile":"0px 0px 0px","button_icon":"from-to-left","button_icon_size":""}}},"block_order":["text_FLz84z","button_BEAQpr"],"custom_css":[".image-with-text__banner img {border-radius: 14px; \/* Ajusta a 8px, 24px o 50% según tu estilo *\/ overflow: hidden;}"],"name":"Image with text mirror","settings":{"full_with":false,"max_with":"","color_bg":"rgba(0,0,0,0)","bg_align":"center","padding_block":"20px 15px 0px","padding_block_m":"20px 0px","margin_block":"","border_radius":"rounded-0","space_between":"4","text_align":"start","banner_mobile":"always","banner":"shopify:\/\/shop_images\/UniversalUpscaler_4c435b2b-ab3f-4619-b55b-da9f11597c9e.png","banner_url":"","banner_size":50,"banner_size_ipad":50,"banner_size_mobile":100,"banner_position":"left","content_max_with":"","padding_content":"0px 20px","padding_content_m":"","margin_content":"","content_color_bg":"#ffffff","opacity":0}},"image_list_dXXzqW":{"type":"image-list","blocks":{"image_Vnbxk4":{"type":"image","settings":{"width_desk":100,"width_tablet":100,"width_mobile":100,"image":"shopify:\/\/shop_images\/111_0f2e6f7a-66fe-4e31-a19c-24b79a610eb5.png","link":""}}},"block_order":["image_Vnbxk4"],"disabled":true,"custom_css":[".image-list .image-item img {border-radius: 14px; \/* Puedes usar 8px, 24px o 50% para redondas *\/ object-fit: cover; overflow: hidden;}"],"name":"Image List","settings":{"full_with":false,"max_with":"","color_bg":"rgba(0,0,0,0)","padding_block":"40px 15px 0px","padding_block_m":"20px 0px","margin_block":"","margin_block_m":"","space_between":"0","image_ratio":"adapt","crop":false,"effect":"effectFour"}},"image_with_text_KBt6fn":{"type":"image-with-text","blocks":{"text_4i3AVX":{"type":"text","settings":{"text":"<div>\n  <p><strong><\/strong><\/p>\n<h3><strong>Design-First Thinking<\/strong><\/h3>\n<br>\n We believe that beauty matters. Our products are created to complement your space — not disrupt it.<br><br>\n\nMany of our tools are plug-and-play, perfect for instant use without wires. Others — like solar kits and panels — are designed for installation with our expert support.<br><br>\n\nFrom a single lantern to a full rooftop setup, we help you scale your solar lifestyle with elegance, confidence and ease.<br><br>\n\nWeatherproof, durable, and rechargeable via sun or USB-C — Homad products are ready when you are.\n\n<\/div>","text_style":"text","text_font-weight":"fw-normal","text_color_desktop":"#1f1f27","text_font_size_desktop":16,"margin_desktop":"","text_font_size_tablet":16,"margin_tablet":"","text_font_size_mobile":16,"margin_mobile":""}},"button_KFxgBV":{"type":"button","settings":{"button":"Read More","link":"#open-homad-modal","button_font_size":14,"button_padding":"","margin":"20px 0px","button_color":"#ffffff","button_border-width":"10px 30px 10px 30px","button_color_border":"#0c3b2e","button_color_bg":"#0c3b2e","border_radius":"rounded-pill","button_color_hover":"#ffffff","button_color_border_hover":"#2d2d2d","button_color_bg_hover":"#1f1f27","button_font_size_mobile":15,"button_padding_mobile":"0px 0px 0px","button_icon":"none","button_icon_size":"14x14"}}},"block_order":["text_4i3AVX","button_KFxgBV"],"custom_css":[".image-with-text__banner img {border-radius: 14px; \/* Ajusta según tu diseño: 8px, 24px, 50% *\/ overflow: hidden; object-fit: cover;}"],"name":"Image with text","settings":{"full_with":false,"max_with":"","color_bg":"rgba(0,0,0,0)","bg_align":"center","padding_block":"60px 15px","padding_block_m":"20px 0px","margin_block":"","border_radius":"rounded-0","space_between":"4","text_align":"start","banner_mobile":"always","banner":"shopify:\/\/shop_images\/UniversalUpscaler_e5dcf0e9-7f39-4277-80f4-464b269a8a27.jpg","banner_url":"","banner_size":50,"banner_size_ipad":50,"banner_size_mobile":100,"banner_position":"left","content_max_with":"","padding_content":"0px 20px","padding_content_m":"","margin_content":"","content_color_bg":"#ffffff","opacity":0}},"collection_list_special2_ydtDG4":{"type":"Collection-list-special2","blocks":{"textblock_rTMTAU":{"type":"textblock","settings":{"text_title":"Designed to Belong","text_subtitle":"Every piece blends into your space with quiet beauty","block_image":"shopify:\/\/shop_images\/assets_task_01jyzps95be139ehp3skychy8q_1751263444_img_1.png","button_text":"","button_link":""}},"textblock_Tz89hP":{"type":"textblock","settings":{"text_title":"Powered by Simplicity","text_subtitle":"Plug, place, and live — no tools, no friction","block_image":"shopify:\/\/shop_images\/UniversalUpscaler_9e0c1a97-5ef9-4f13-9698-7bf8da7c0198.jpg","button_text":"","button_link":""}},"textblock_Fx4xkb":{"type":"textblock","settings":{"text_title":"Built for the Outdoors","text_subtitle":"Heat, rain or dust — Homad stays ready","block_image":"shopify:\/\/shop_images\/8cfeba4dbcddd12361482dcf778e8a70.jpg","button_text":"","button_link":""}},"textblock_4wqhXn":{"type":"textblock","settings":{"text_title":"Freedom in Every Light","text_subtitle":"Go anywhere. Style anything. No wires needed","block_image":"shopify:\/\/shop_images\/assets_task_01jyzrtk7dekpv99rj8n1v5sbm_1751265594_img_0.webp","button_text":"","button_link":""}},"textblock_ztxnTj":{"type":"textblock","settings":{"text_title":"Built to Scale","text_subtitle":"From small moments to long-term solar living.","block_image":"shopify:\/\/shop_images\/assets_task_01jz7ff0p2fmas3kapybghfe3w_1751524199_img_1.webp","button_text":"","button_link":""}}},"block_order":["textblock_rTMTAU","textblock_Tz89hP","textblock_Fx4xkb","textblock_4wqhXn","textblock_ztxnTj"],"custom_css":["@media (max-width: 767.98px) {.collection-list-special__title {font-size: 22px !important; }}"],"name":"Collection list special 2","settings":{"full_with":false,"max_with":"","color_bg":"#bfcecb","padding_block":"90px 15px 50px 15px","padding_block_m":"40px 15px","margin_block":"","margin_block_m":"","title_font_size":26,"subtitle_font_size":15}},"image_with_text_mirror_aMejXz":{"type":"image_with_text_mirror","blocks":{"text_3wz4jQ":{"type":"text","settings":{"text":"<div>\n  <p><strong><\/strong><\/p>\n<h3><strong>Our promise: beauty, durability and peace of mind.<\/strong><\/h3>\n<br>\n  Each Homad product is crafted with premium outdoor-grade materials, tested under real environmental conditions, and designed for longevity.<br><br>\n  We offer a 2-year warranty on every item, along with a 30-day hassle-free return policy — because true freedom means trusting what you use, and loving how it looks.<p><\/p>\n<\/div>","text_style":"text","text_font-weight":"fw-normal","text_color_desktop":"#1f1f27","text_font_size_desktop":16,"margin_desktop":"","text_font_size_tablet":16,"margin_tablet":"","text_font_size_mobile":16,"margin_mobile":""}},"button_xkxxVa":{"type":"button","settings":{"button":"Read More","link":"","button_font_size":15,"button_padding":"","margin":"20px 0px","button_color":"#ffffff","button_border-width":"10px 30px 10px 30px","button_color_border":"#0c3b2e","button_color_bg":"#0c3b2e","border_radius":"rounded-pill","button_color_hover":"#ffffff","button_color_border_hover":"#1f1f27","button_color_bg_hover":"#1f1f27","button_font_size_mobile":14,"button_padding_mobile":"0px 0px 0px","button_icon":"none","button_icon_size":"14x14"}}},"block_order":["text_3wz4jQ","button_xkxxVa"],"custom_css":[".image-with-text__banner img {border-radius: 14px; \/* Ajusta a 8px, 24px o 50% según tu estilo *\/ overflow: hidden;}"],"name":"Image with text mirror","settings":{"full_with":false,"max_with":"","color_bg":"rgba(0,0,0,0)","bg_align":"center","padding_block":"60px 15px 60px 15px","padding_block_m":"20px 0px","margin_block":"","border_radius":"rounded-0","space_between":"4","text_align":"start","banner_mobile":"always","banner":"shopify:\/\/shop_images\/UniversalUpscaler_15ce3dcd-a037-459c-bd70-8109d32d8815.jpg","banner_url":"","banner_size":50,"banner_size_ipad":50,"banner_size_mobile":100,"banner_position":"left","content_max_with":"","padding_content":"0px 20px","padding_content_m":"","margin_content":"","content_color_bg":"#ffffff","opacity":0}},"1749361254c53597d6":{"type":"apps","blocks":{"trustoo_io_reviews_barrage_carousel_8tNbCD":{"type":"shopify:\/\/apps\/trustoo-io-reviews\/blocks\/barrage-carousel\/c8f15077-6475-4e86-ad06-b66038d5ba2c","settings":{}}},"block_order":["trustoo_io_reviews_barrage_carousel_8tNbCD"],"settings":{"include_margins":true}},"image_list_dN9bhJ":{"type":"image-list","blocks":{"image_xqJkP3":{"type":"image","settings":{"width_desk":50,"width_tablet":50,"width_mobile":100,"image":"shopify:\/\/shop_images\/UniversalUpscaler_c7e8ad69-9516-40c1-a0d0-b8f141eddca3.png","link":""}},"image_zzfjRr":{"type":"image","settings":{"width_desk":50,"width_tablet":50,"width_mobile":100,"image":"shopify:\/\/shop_images\/UniversalUpscaler_127a126e-7c77-4cca-9ead-19e3234cd264.png","link":""}}},"block_order":["image_xqJkP3","image_zzfjRr"],"custom_css":["\/* Redondear imágenes en la sección image-list *\/.image-list .image-item img {border-radius: 12px; \/* puedes ajustar a 8px, 24px o incluso 50% si quieres redondas completas *\/ overflow: hidden;}"],"name":"Image List","settings":{"full_with":false,"max_with":"","color_bg":"rgba(0,0,0,0)","padding_block":"60px 15px 40px 0px","padding_block_m":"20px 0px","margin_block":"","margin_block_m":"","space_between":"4","image_ratio":"adapt","crop":false,"effect":"effectOne"}},"formulario_modal_homad_EzKUPN":{"type":"formulario-modal-homad","name":"Formulario Modal Homad","settings":{"border_radius":"rounded-3","padding":"1.5rem","modal_width":"70%","background_image":"shopify:\/\/shop_images\/assets_task_01jv3xmwcmf9wbmv2kwaqgyef0_1747109776_img_0.webp","logo_image":"shopify:\/\/shop_images\/Asset_2_db633c41-caf1-4bd2-9355-59c2bd0b42ea.png","logo_width":140,"button_background":"#0c3b2e","button_text_color":"#ffffff","button_border_color":"#0c3b2e","button_radius":25,"subtitle":"Fill out the form and we’ll get in touch soon."}}},"order":["breadcrumb","main","slideshow_FgTBfY","image_with_text_mirror_7AXWM6","image_list_dXXzqW","image_with_text_KBt6fn","collection_list_special2_ydtDG4","image_with_text_mirror_aMejXz","1749361254c53597d6","image_list_dN9bhJ","formulario_modal_homad_EzKUPN"]}