{"sections":{"slideshow_8aVarM":{"type":"slideshow","blocks":{"09ccb803-5e04-4c7f-b262-eab1e9fe9759":{"type":"image","settings":{"image":"shopify:\/\/shop_images\/h6-slide1.jpg","bg_align":"center","link":"shopify:\/\/collections\/frontpage","box_maxwidth":"","padding_block":"50px 0 120px","content_color":"rgba(0,0,0,0)","opacity":0,"alignment":"justify-content-md-start align-items-md-end","text-alignment":"start","slides_effect":"fadeInUp","subheading":"<span class=\"fw-medium\">Up to 50% off online<\/span>","subheading_color":"#1f1f27","subheading_font_family":"text","subheading_font_size":19,"subheading_font_size_l":18,"subheading_font_size_m":17,"subheading_margin":"0 0 15px","subheading_margin_m":"0 0 10px","title":"New Arrivals &amp;","title_color":"#1f1f27","title_font_family":"h3","title_font_size":72,"title_font_size_l":54,"title_font_size_m":38,"title_margin":"0 0 5px","title_margin_m":"0 0 5px","title2":"Restock","title2_color":"#1f1f27","title2_font_family":"h3","title2_font_size":72,"title2_font_size_l":54,"title2_font_size_m":38,"title2_margin":"0 0 50px","title2_margin_m":"0 0 30px","desc":"","desc_color":"#1f1f27","desc_font_family":"text","desc_font_size":16,"desc_font_size_l":16,"desc_font_size_m":16,"desc_margin":"","desc_margin_m":"","btn_text":"Shop now","btn_url":"shopify:\/\/collections\/frontpage","btn_font_size":16,"btn_font_size_m":15,"btn_padding":"12px 35px","btn_padding_m":"10px 25px","btn_text_color":"#ffffff","btn_border_color":"#1f1f27","btn_border_width":"0","btn_bg_color":"#1f1f27","btn_text_hover_color":"#ffffff","btn_border_hover_color":"#515167","btn_bg_hover_color":"#515167","btn_margin":"","btn_margin_m":"","btn_text1":"","btn_url1":"shopify:\/\/collections\/frontpage","btn_font_size1":16,"btn_font_size_m1":15,"btn_padding1":"0 0 2px","btn_padding_m1":"0","btn_text_color1":"#1f1f27","btn_border_color1":"#111111","btn_border_width1":"0 0 2px 0","btn_bg_color1":"rgba(0,0,0,0)","btn_text_hover_color1":"#515167","btn_border_hover_color1":"#515167","btn_bg_hover_color1":"rgba(0,0,0,0)","btn_margin1":"0 0 0 24px","btn_margin_m1":"0 0 0 20px","image_mobile":"shopify:\/\/shop_images\/h6-slide1-m.jpg","padding_block_m":"30px 16px 60px","text-mb-alignment":"center","mb-alignment":"justify-content-center align-items-end"}},"image_YFBFqa":{"type":"image","settings":{"image":"shopify:\/\/shop_images\/h6-slide2.jpg","bg_align":"center","link":"shopify:\/\/collections\/frontpage","box_maxwidth":"","padding_block":"50px 0 120px","content_color":"rgba(0,0,0,0)","opacity":0,"alignment":"justify-content-md-start align-items-md-end","text-alignment":"start","slides_effect":"fadeInUp","subheading":"<span class=\"fw-medium\">Week's Highlights<\/span>","subheading_color":"#1f1f27","subheading_font_family":"text","subheading_font_size":19,"subheading_font_size_l":18,"subheading_font_size_m":17,"subheading_margin":"0 0 15px","subheading_margin_m":"0 0 10px","title":"Beyond Cool","title_color":"#1f1f27","title_font_family":"h3","title_font_size":72,"title_font_size_l":54,"title_font_size_m":38,"title_margin":"0 0 5px","title_margin_m":"0 0 5px","title2":"Colors","title2_color":"#1f1f27","title2_font_family":"h3","title2_font_size":72,"title2_font_size_l":54,"title2_font_size_m":38,"title2_margin":"0 0 50px","title2_margin_m":"0 0 40px","desc":"","desc_color":"#1f1f27","desc_font_family":"text","desc_font_size":16,"desc_font_size_l":16,"desc_font_size_m":16,"desc_margin":"","desc_margin_m":"","btn_text":"Shop now","btn_url":"shopify:\/\/collections\/frontpage","btn_font_size":16,"btn_font_size_m":15,"btn_padding":"12px 35px","btn_padding_m":"10px 25px","btn_text_color":"#ffffff","btn_border_color":"#1f1f27","btn_border_width":"0","btn_bg_color":"#1f1f27","btn_text_hover_color":"#ffffff","btn_border_hover_color":"#515167","btn_bg_hover_color":"#515167","btn_margin":"","btn_margin_m":"","btn_text1":"","btn_url1":"shopify:\/\/collections\/frontpage","btn_font_size1":16,"btn_font_size_m1":15,"btn_padding1":"0 0 2px","btn_padding_m1":"0","btn_text_color1":"#1f1f27","btn_border_color1":"#111111","btn_border_width1":"0 0 2px 0","btn_bg_color1":"rgba(0,0,0,0)","btn_text_hover_color1":"#515167","btn_border_hover_color1":"#515167","btn_bg_hover_color1":"rgba(0,0,0,0)","btn_margin1":"0 0 0 24px","btn_margin_m1":"0 0 0 20px","image_mobile":"shopify:\/\/shop_images\/h6-slide2-m.jpg","padding_block_m":"30px 16px 60px","text-mb-alignment":"center","mb-alignment":"justify-content-center align-items-end"}}},"block_order":["09ccb803-5e04-4c7f-b262-eab1e9fe9759","image_YFBFqa"],"settings":{"full_with":true,"max_with":"","color_bg":"rgba(0,0,0,0)","padding_block":"","padding_block_m":"","margin_block":"","border_radius":"rounded-0","slideshow-height":"920px","slideshow-theight":"800px","slideshow-mheight":"600px","navigation":true,"pagination":true,"autoplay":false,"autoplay_speed":"8000","caption_full_with":false,"caption_max_with":"","position_content":false,"scrolldown":false,"scrolldown_text":"Scroll down","scrolldown_color":"#00142b","style_special":true,"slide-show-fullheight":true}},"collection_list_zbjXPd":{"type":"collection-list","blocks":{"collection_3wBhJk":{"type":"collection","settings":{"collection_title":"Denim","collection_image":"shopify:\/\/shop_images\/h6-col1.jpg","collection_handle":""}},"collection_WXJjPE":{"type":"collection","settings":{"collection_title":"Dresses","collection_image":"shopify:\/\/shop_images\/h6-col2.jpg","collection_handle":""}},"collection_9rWVzj":{"type":"collection","settings":{"collection_title":"T-shirts","collection_image":"shopify:\/\/shop_images\/h6-col3.png","collection_handle":"frontpage"}},"collection_iwk4Ex":{"type":"collection","settings":{"collection_title":"Skirts","collection_image":"shopify:\/\/shop_images\/h6-col4.png","collection_handle":""}},"collection_fbC4C4":{"type":"collection","settings":{"collection_title":"Shoes","collection_image":"shopify:\/\/shop_images\/h6-col5.png","collection_handle":"shoes"}},"collection_qGLhBa":{"type":"collection","settings":{"collection_title":"Accessories","collection_image":"shopify:\/\/shop_images\/h6-col6.jpg","collection_handle":"accessories"}}},"block_order":["collection_3wBhJk","collection_WXJjPE","collection_9rWVzj","collection_iwk4Ex","collection_fbC4C4","collection_qGLhBa"],"settings":{"full_with":false,"max_with":"","color_bg":"rgba(0,0,0,0)","padding_block":"92px 0","padding_block_m":"56px 0","margin_block":"","margin_block_m":"","heading":"You Might Like","sub_heading":"Explore the latest shopping related search trends in this week.","text_align":"text-center","layout":"carousel","space_between":"4","column1":4,"column2":3,"column3":1,"collection_style":"style2","image_ratio":"adapt","crop":false,"collection_count":true,"slide_variableWidth":true,"navigation":true,"pagination":true,"infinite":true,"autoplay":false,"autoplay_speed":"10000"}},"product_tab_JXgGrM":{"type":"product-tab","blocks":{"tab_XUFibc":{"type":"tab","settings":{"title":"Best Sellers","collection":"skirts"}},"tab_Y6HecW":{"type":"tab","settings":{"title":"New Arrivals","collection":"denim"}},"tab_Ni9BWf":{"type":"tab","settings":{"title":"Sale","collection":"shoes"}}},"block_order":["tab_XUFibc","tab_Y6HecW","tab_Ni9BWf"],"settings":{"full_with":false,"max_with":"","color_bg":"rgba(0,0,0,0)","padding_block":"0 0 96px","padding_block_m":"0 0 60px","margin_block":"","producttab_style":"style2","limit":8,"button_text":"","layout":"grid","space_between":"4","column1":4,"column2":3,"column3":2,"product_style":"style5","slide_variableWidth":false,"navigation":true,"pagination":false,"infinite":true,"autoplay":false,"autoplay_speed":"10000"}},"testimonial_banner_d3NhAF":{"type":"testimonial-banner","blocks":{"item_kr87N3":{"type":"item","settings":{"title":"WONDERFUL!","review":"I got a lot of compliments wearing this with a white button-down shirt, with sleeves rolled up just a bit. The fabric isn’t that great for the price, however.","name":"Priscilla Priscilla","position":"Verified Buyer","image":"shopify:\/\/shop_images\/h6-banner1.jpg","button_text3":"Waisted Denim Shorts Light Grey","url":"shopify:\/\/collections\/accessories"}},"item_8Ki8mU":{"type":"item","settings":{"title":"WONDERFUL!","review":"I have ordered from Chantilly Swimwear several times in the past. They always ship fast, and returns are easy. Large selection of very cute suits and clothing!","name":"Kathryn Murphy","position":"Verified Buyer","image":"shopify:\/\/shop_images\/h6-banner1-2.jpg","button_text3":"Waisted Denim Shorts Light Grey","url":""}},"item_b4qFce":{"type":"item","settings":{"title":"WONDERFUL!","review":"I got a lot of compliments wearing this with a white button-down shirt, with sleeves rolled up just a bit. The fabric isn’t that great for the price, however.","name":"Priscilla Priscilla","position":"Verified Buyer","image":"shopify:\/\/shop_images\/h6-banner1-3.jpg","button_text3":"Waisted Denim Shorts Light Grey","url":""}},"item_h6tRtg":{"type":"item","settings":{"title":"WONDERFUL!","review":"I have shopped here to buy swimsuits for my friends and they both love the fit and quality of the suits! I will definitely continue to come to this shop!","name":"Kristin Watson","position":"Verified Buyer","image":"shopify:\/\/shop_images\/h6-banner1-4.jpg","button_text3":"Waisted Denim Shorts Light Grey","url":""}}},"block_order":["item_kr87N3","item_8Ki8mU","item_b4qFce","item_h6tRtg"],"settings":{"full_with":false,"max_with":"","color_bg":"#eff0f2","padding_block":"72px 0","padding_block_m":"60px 0","margin_block":"","margin_block_m":"","column1":1,"column2":1,"column3":1,"show_star":true,"navigation":true,"infinite":true,"autoplay":true,"autoplay_speed":"10000"}},"product_list_LVHUNJ":{"type":"product-list","settings":{"full_with":false,"max_with":"","color_bg":"rgba(0,0,0,0)","padding_block":"92px 0 96px","padding_block_m":"54px 0 60px","margin_block":"","heading":"Top Trending","sub_heading":"","text_align":"text-start","collection_handle":"denim","limit":6,"button_text":"","layout":"carousel","space_between":"4","column1":4,"column2":4,"column3":1,"product_style":"style5","slide_variableWidth":true,"navigation":true,"pagination":true,"infinite":true,"autoplay":false,"autoplay_speed":"10000"}},"heading_countdown_f4t8BC":{"type":"heading-countdown","settings":{"full_with":false,"max_with":"","color_bg":"#eff0f2","padding_block":"96px 0 30px","padding_block_m":"60px 0 30px","margin_block":"","countdown_title":"Coming soon! Jacket Collection","countdown_description":"<p style=\"max-width: 620px; margin-bottom: 0;\">Gear up and brace yourself for the exhilarating Next Drop Sale! You won't want to overlook the incredible discounts and exclusive offers available.<\/p>","countdown_timeend":"2024\/11\/31"}},"image_with_text_kMrq9f":{"type":"image-with-text","blocks":{"button_m9fLQy":{"type":"button","settings":{"button":"Discover Now","link":"shopify:\/\/collections\/pajamas","button_font_size":16,"button_padding":"11px 32px","margin":"","button_color":"#1f1f27","button_border-width":"","button_color_border":"#ffffff","button_color_bg":"#ffffff","border_radius":"rounded-pill","button_color_hover":"#ffffff","button_color_border_hover":"#515167","button_color_bg_hover":"#515167","button_font_size_mobile":14,"button_padding_mobile":"","button_icon":"none","button_icon_size":"14x14"}}},"block_order":["button_m9fLQy"],"settings":{"full_with":false,"max_with":"","color_bg":"#eff0f2","bg_align":"center","padding_block":"0 0 96px","padding_block_m":"0 0 60px","margin_block":"","border_radius":"16","space_between":"0","text_align":"center","banner_mobile":"hidden","banner_url":"shopify:\/\/collections\/pajamas","banner_size":1,"banner_size_ipad":58,"banner_size_mobile":100,"banner_position":"left","content_max_with":"","padding_content":"530px 0 56px","padding_content_m":"230px 0 30px","margin_content":"0 auto","content_image_bg":"shopify:\/\/shop_images\/h6-banner2.png","content_color_bg":"#eef0f2","opacity":100}},"blog_posts_fXCm69":{"type":"blog-posts","settings":{"full_with":false,"max_with":"","color_bg":"rgba(0,0,0,0)","padding_block":"92px 0 95px","padding_block_m":"56px 0 59px","margin_block":"","heading":"Blog Post","sub_heading":"","text_align":"text-start","blog_handle":"news","limit":3,"button_text":"","space_between":"4","column1":3,"column2":2,"column3":1,"blog_style":"grid","blog_tags":true,"blog_tags_limit":1,"blog_date":true,"blog_author":true,"blog_excerp":false,"blog_readmore":false,"image_ratio":"adapt","crop":false,"navigation":false,"pagination":true,"infinite":false,"autoplay":false,"autoplay_speed":"10000"}}},"order":["slideshow_8aVarM","collection_list_zbjXPd","product_tab_JXgGrM","testimonial_banner_d3NhAF","product_list_LVHUNJ","heading_countdown_f4t8BC","image_with_text_kMrq9f","blog_posts_fXCm69"]}