{"sections":{"f7f81db5-41b9-4aab-b889-2fa01d47d8a9":{"type":"slideshow","blocks":{"image_YFBFqa":{"type":"image","settings":{"image":"shopify:\/\/shop_images\/slide21.jpg","bg_align":"center","link":"shopify:\/\/collections\/frontpage","box_maxwidth":"","padding_block":"50px 0","content_color":"rgba(0,0,0,0)","opacity":0,"alignment":"justify-content-md-center align-items-md-center","text-alignment":"center","slides_effect":"fadeInUp","subheading":"","subheading_color":"#1f1f27","subheading_font_family":"h3","subheading_font_size":40,"subheading_font_size_l":26,"subheading_font_size_m":16,"subheading_margin":"","subheading_margin_m":"","title":"Basic Wardrobe","title_color":"#1f1f27","title_font_family":"h3","title_font_size":72,"title_font_size_l":54,"title_font_size_m":38,"title_margin":"0 0 5px","title_margin_m":"0 0 5px","title2":"Essentials","title2_color":"#1f1f27","title2_font_family":"h3","title2_font_size":72,"title2_font_size_l":54,"title2_font_size_m":38,"title2_margin":"0 0 10px","title2_margin_m":"0 0 8px","desc":"<span class=\"fw-medium\">Amazing. Guaranteed to never be out of fashion.<\/span>","desc_color":"#1f1f27","desc_font_family":"text","desc_font_size":16,"desc_font_size_l":16,"desc_font_size_m":16,"desc_margin":"0 0 40px","desc_margin_m":"0 0 24px","btn_text":"Load more","btn_url":"shopify:\/\/collections\/frontpage","btn_font_size":16,"btn_font_size_m":15,"btn_padding":"12px 35px","btn_padding_m":"10px 25px","btn_text_color":"#ffffff","btn_border_color":"#1f1f27","btn_border_width":"0","btn_bg_color":"#1f1f27","btn_text_hover_color":"#ffffff","btn_border_hover_color":"#515167","btn_bg_hover_color":"#515167","btn_margin":"","btn_margin_m":"","btn_text1":"Discover Now","btn_url1":"shopify:\/\/collections\/frontpage","btn_font_size1":16,"btn_font_size_m1":15,"btn_padding1":"0 0 2px","btn_padding_m1":"0","btn_text_color1":"#1f1f27","btn_border_color1":"#111111","btn_border_width1":"0 0 2px 0","btn_bg_color1":"rgba(0,0,0,0)","btn_text_hover_color1":"#515167","btn_border_hover_color1":"#515167","btn_bg_hover_color1":"rgba(0,0,0,0)","btn_margin1":"0 0 0 24px","btn_margin_m1":"0 0 0 20px","image_mobile":"shopify:\/\/shop_images\/slide21-m.jpg","padding_block_m":"40px 16px","text-mb-alignment":"center","mb-alignment":"justify-content-center align-items-center"}}},"block_order":["image_YFBFqa"],"settings":{"full_with":true,"max_with":"","color_bg":"rgba(0,0,0,0)","padding_block":"","padding_block_m":"","margin_block":"","border_radius":"rounded-0","slideshow-height":"920px","slideshow-theight":"800px","slideshow-mheight":"600px","navigation":true,"pagination":true,"autoplay":false,"autoplay_speed":"8000","caption_full_with":false,"caption_max_with":"","position_content":true,"scrolldown":true,"scrolldown_text":"SCROLL DOWN - EXPLORE THE SHOP -","scrolldown_color":"#515167","style_special":true,"slide-show-fullheight":true}},"multi_image_with_text_kYfPhi":{"type":"multi-image-with-text","blocks":{"feature_item_6BamVn":{"type":"feature_item","settings":{"width_desk":33,"width_tablet":100,"width_mobile":100,"item_padding":"20px 0 0","item_padding_m":"20px 0 0","content_bg_color":"rgba(0,0,0,0)","text_align":"text-start align-items-end","banner_position":"bottom","banner":"shopify:\/\/shop_images\/h2-banner1.jpg","subtitle":"","heading_subcolor":"#1f1f27","heading_sub_size":12,"heading_sub_size_m":12,"heading_sub_margin":"","heading_sub_margin_m":"","title":"Exclusive<br>Menswear","heading_color":"#1f1f27","heading_size":26,"heading_size_m":23,"heading_margin":"0 0 6px","heading_margin_m":"0 0 6px","content":"","text_color":"#1f1f27","text_size":14,"text_size_m":14,"text_margin":"","text_margin_m":"","button":"Discover Now","button_url":"shopify:\/\/collections\/men","button_color":"#1f1f27","button_border_color":"#1f1f27","button_width":"0","border_radius":"rounded-0","button_bg_color":"rgba(0,0,0,0)","button_size":13,"button_size_m":13,"button_padding":"0 0 1px","button_padding_m":"0 0 1px"}},"feature_item_LniF4E":{"type":"feature_item","settings":{"width_desk":33,"width_tablet":100,"width_mobile":100,"item_padding":"20px 0 0","item_padding_m":"20px 0 0","content_bg_color":"rgba(0,0,0,0)","text_align":"text-start align-items-end","banner_position":"bottom","banner":"shopify:\/\/shop_images\/h2-banner2.jpg","subtitle":"","heading_subcolor":"#1f1f27","heading_sub_size":12,"heading_sub_size_m":12,"heading_sub_margin":"","heading_sub_margin_m":"","title":"Discount 10%<br>Womenswear","heading_color":"#1f1f27","heading_size":26,"heading_size_m":23,"heading_margin":"0 0 6px","heading_margin_m":"0 0 6px","content":"","text_color":"#1f1f27","text_size":14,"text_size_m":14,"text_margin":"","text_margin_m":"","button":"Discover Now","button_url":"shopify:\/\/collections\/men","button_color":"#1f1f27","button_border_color":"#1f1f27","button_width":"0","border_radius":"rounded-0","button_bg_color":"rgba(0,0,0,0)","button_size":13,"button_size_m":13,"button_padding":"0 0 1px","button_padding_m":"0 0 1px"}},"feature_item_tkAPKD":{"type":"feature_item","settings":{"width_desk":33,"width_tablet":100,"width_mobile":100,"item_padding":"20px 0 0","item_padding_m":"20px 0 0","content_bg_color":"rgba(0,0,0,0)","text_align":"text-start align-items-end","banner_position":"bottom","banner":"shopify:\/\/shop_images\/h2-banner3.jpg","subtitle":"","heading_subcolor":"#1f1f27","heading_sub_size":12,"heading_sub_size_m":12,"heading_sub_margin":"","heading_sub_margin_m":"","title":"Sale 20% Off<br>Kidswear","heading_color":"#1f1f27","heading_size":26,"heading_size_m":23,"heading_margin":"0 0 6px","heading_margin_m":"0 0 6px","content":"","text_color":"#1f1f27","text_size":14,"text_size_m":14,"text_margin":"","text_margin_m":"","button":"Discover Now","button_url":"shopify:\/\/collections\/men","button_color":"#1f1f27","button_border_color":"#1f1f27","button_width":"0","border_radius":"rounded-0","button_bg_color":"rgba(0,0,0,0)","button_size":13,"button_size_m":13,"button_padding":"0 0 1px","button_padding_m":"0 0 1px"}}},"block_order":["feature_item_6BamVn","feature_item_LniF4E","feature_item_tkAPKD"],"settings":{"full_with":false,"max_with":"","color_bg":"rgba(0,0,0,0)","padding_block":"30px 0 96px","padding_block_m":"16px 0 60px","margin_block":"","heading":"","sub_heading":"","text_align":"text-start","layout":"carousel","space_between":30,"space_between_m":16,"column1":3,"column2":2,"column3":1,"effect_show":true,"slide_variableWidth":true,"navigation":false,"pagination":true,"infinite":true,"autoplay":false,"autoplay_speed":"10000"}},"border_DKGmQw":{"type":"border","settings":{"full_with":true,"max_with":"","color_bg":"rgba(0,0,0,0)","padding_block":"","padding_block_m":"","margin_block":"","border_style":"solid","border_width":1,"border_color":"#dadbe0","opacity":100}},"product_list_FEaWK8":{"type":"product-list","settings":{"full_with":false,"max_with":"","color_bg":"rgba(0,0,0,0)","padding_block":"92px 0 96px","padding_block_m":"56px 0 60px","margin_block":"","heading":"Top Month Sellers","sub_heading":"Each piece is carefully selected to enhance your unique style","text_align":"text-center","collection_handle":"skirts","limit":8,"button_text":"","layout":"carousel","space_between":"4","column1":4,"column2":3,"column3":2,"product_style":"style2","slide_variableWidth":false,"navigation":true,"pagination":true,"infinite":true,"autoplay":false,"autoplay_speed":"10000"}},"logo_list_ME7xdR":{"type":"logo-list","blocks":{"image_tCw4aM":{"type":"image","settings":{"link":"shopify:\/\/collections\/accessories","image":"shopify:\/\/shop_images\/h2-brand-1.png"}},"image_CARyRX":{"type":"image","settings":{"link":"shopify:\/\/collections\/modern","image":"shopify:\/\/shop_images\/h2-brand-2.png"}},"image_BwxEHp":{"type":"image","settings":{"link":"shopify:\/\/collections\/modern","image":"shopify:\/\/shop_images\/h2-brand-3.png"}},"image_ceti6j":{"type":"image","settings":{"link":"shopify:\/\/collections\/frontpage","image":"shopify:\/\/shop_images\/h2-brand-4.png"}},"image_6eUEMp":{"type":"image","settings":{"link":"shopify:\/\/collections\/pajamas","image":"shopify:\/\/shop_images\/h2-brand-5.png"}},"image_i7T4Gp":{"type":"image","settings":{"link":"shopify:\/\/collections\/women","image":"shopify:\/\/shop_images\/h2-brand-6.png"}}},"block_order":["image_tCw4aM","image_CARyRX","image_BwxEHp","image_ceti6j","image_6eUEMp","image_i7T4Gp"],"settings":{"full_with":false,"max_with":"","color_bg":"#eff0f2","padding_block":"40px 0","padding_block_m":"40px 0","margin_block":"","layout":"carousel","space_between":"3","column1":6,"column2":4,"column3":2,"logo_size":"210x105","image_ratio":"adapt","crop":false,"brand-effect":false,"navigation":true,"infinite":true,"autoplay":false,"autoplay_speed":"10000"}},"product_list_banner_7rgNTR":{"type":"product-list-banner","settings":{"full_with":false,"max_with":"","color_bg":"rgba(0,0,0,0)","padding_block":"92px 0","padding_block_m":"56px 0","margin_block":"","heading":"Curated Collections","sub_heading":"Handcrafted by our expert designers.","text_align":"text-center","collection_handle":"denim","limit":8,"layout":"grid","space_between":"4","column1":2,"column2":2,"column3":2,"navigation":true,"pagination":false,"infinite":true,"autoplay":false,"autoplay_speed":"10000","banner":"shopify:\/\/shop_images\/h2-banner4.jpg","banner_url":"shopify:\/\/collections\/curated-collections","banner_position":"left"}},"heading_9yUp3Q":{"type":"heading","blocks":{"text_HRJ8k4":{"type":"text","settings":{"title_style":"default","text":"Shop the look","text_alignment":"center","text_style":"ff-heading","text_font-weight":"fw-normal","text_color_desktop":"#1f1f27","text_font_size_desktop":36,"margin_desktop":"0 0 8px","text_font_size_tablet":34,"margin_tablet":"0 0 8px","text_font_size_mobile":32,"margin_mobile":"0 0 8px"}},"text_G8Xm8a":{"type":"text","settings":{"title_style":"default","text":"Our pieces are thoughtfully crafted, with a focus on quality, cut and wearability.","text_alignment":"center","text_style":"text","text_font-weight":"fw-normal","text_color_desktop":"#515167","text_font_size_desktop":16,"margin_desktop":"","text_font_size_tablet":16,"margin_tablet":"","text_font_size_mobile":16,"margin_mobile":""}}},"block_order":["text_HRJ8k4","text_G8Xm8a"],"settings":{"full_with":false,"max_with":"","color_bg":"rgba(0,0,0,0)","padding_block":"0 0 36px","padding_block_m":"0 0 24px","margin_block":""}},"lookbook_NkGDfy":{"type":"lookbook","blocks":{"item_UezUUR":{"type":"item","settings":{"image":"image1","product":"draped-halter-top","display":"top-left","top":58,"left":49}},"item_9ttU9J":{"type":"item","settings":{"image":"image1","product":"buttoned-shirt-white","display":"center-top","top":83,"left":40}},"item_7PUwTL":{"type":"item","settings":{"image":"image2","product":"hello-kitty-cut-out","display":"center-right","top":43,"left":39}},"item_NdVQLU":{"type":"item","settings":{"image":"image2","product":"jogger-bermuda-shorts","display":"center-top","top":82,"left":42}}},"block_order":["item_UezUUR","item_9ttU9J","item_7PUwTL","item_NdVQLU"],"settings":{"full_with":false,"max_with":"","color_bg":"rgba(0,0,0,0)","padding_block":"","padding_block_m":"","margin_block":"","image1":"shopify:\/\/shop_images\/h2-banner5.jpg","image2":"shopify:\/\/shop_images\/h2-banner6.jpg"}},"reviews_carousel_LehABX":{"type":"reviews-carousel","blocks":{"item_jtKxbA":{"type":"item","settings":{"product_handle":"buttoned-shirt-white","review":"Simultaneously we had a problem with prisoner drunkenness that we couldn’t figure out. I mean , the guards searched cells multiple.","name":"Logan Edwards","date":"6 hours ago"}},"item_kp3bUc":{"type":"item","settings":{"product_handle":"bra-sports-top","review":"In most states, the legal limit in blood alcohol to not be considered DUI is 500 to 1,000 mg\/L. Therefore, this is way below a level considered to be intoxica","name":"Priscilla Priscilla","date":"23 hours ago"}},"item_NgEiYh":{"type":"item","settings":{"product_handle":"hello-kitty-cut-out","review":"So yes, the alcohol (ethanol) in hand sanitizers can be absorbed through the skin, but no, it would not cause intoxication.","name":"Darlene","date":"15 hours ago"}},"item_beEBic":{"type":"item","settings":{"product_handle":"cotton-parachute-shorts-1","review":"In most states, the legal limit in blood alcohol to not be considered DUI is 500 to 1,000 mg\/L. Therefore, this is way below a level considered.","name":"Priscilla Priscilla","date":"12 hours ago"}}},"block_order":["item_jtKxbA","item_kp3bUc","item_NgEiYh","item_beEBic"],"settings":{"full_with":false,"max_with":"","color_bg":"rgba(0,0,0,0)","padding_block":"92px 0 96px","padding_block_m":"56px 0 60px","margin_block":"","heading":"Latest Buyers Reviews","sub_heading":"We let our customers speak for themselves.","text_align":"text-center","column1":4,"column2":2,"column3":1,"navigation":true,"pagination":true,"infinite":true,"autoplay":true,"autoplay_speed":"10000"}},"image_with_text_KqTHTK":{"type":"image-with-text","blocks":{"text_9P4mfP":{"type":"text","settings":{"text":"OUR BRAND","text_style":"text","text_font-weight":"fw-semibold","text_color_desktop":"#515167","text_font_size_desktop":13,"margin_desktop":"0","text_font_size_tablet":13,"margin_tablet":"0","text_font_size_mobile":13,"margin_mobile":"10px 0 0"}},"text_AwhKPh":{"type":"text","settings":{"text":"Sustainable Elegance","text_style":"ff-heading","text_font-weight":"fw-normal","text_color_desktop":"#1f1f27","text_font_size_desktop":36,"margin_desktop":"0 0 20px","text_font_size_tablet":34,"margin_tablet":"0 0 20px","text_font_size_mobile":32,"margin_mobile":"0 0 15px"}},"text_DLMDUU":{"type":"text","settings":{"text":"<p>We believe in responsible and ethical practices, which is why we meticulously source our materials and prioritize sustainable manufacturing processes. Our dedication to sustainability not only safeguards the environment but also supports the well-being of the communities involved.<\/p>","text_style":"text","text_font-weight":"fw-normal","text_color_desktop":"#515167","text_font_size_desktop":15,"margin_desktop":"0 0 45px","text_font_size_tablet":15,"margin_tablet":"0 0 40px","text_font_size_mobile":15,"margin_mobile":"0 0 36px"}},"button_VMN3HQ":{"type":"button","settings":{"button":"Explore our story","link":"shopify:\/\/pages\/about-us","button_font_size":16,"button_padding":"9px 30px","margin":"","button_color":"#ffffff","button_border-width":"","button_color_border":"#1f1f27","button_color_bg":"#1f1f27","border_radius":"rounded-pill","button_color_hover":"#ffffff","button_color_border_hover":"#515167","button_color_bg_hover":"#515167","button_font_size_mobile":15,"button_padding_mobile":"8px 25px","button_icon":"none","button_icon_size":"14x14"}}},"block_order":["text_9P4mfP","text_AwhKPh","text_DLMDUU","button_VMN3HQ"],"settings":{"full_with":false,"max_with":"","color_bg":"rgba(0,0,0,0)","bg_align":"right","padding_block":"0 0 96px","padding_block_m":"0 0 60px","margin_block":"","border_radius":"rounded-0","space_between":"4","text_align":"start","banner_mobile":"always","banner":"shopify:\/\/shop_images\/about-image2.png","banner_url":"","banner_size":50,"banner_size_ipad":50,"banner_size_mobile":100,"banner_position":"left","content_max_with":"370px","padding_content":"","padding_content_m":"","margin_content":"0 auto","content_color_bg":"#ffffff","opacity":0}}},"order":["f7f81db5-41b9-4aab-b889-2fa01d47d8a9","multi_image_with_text_kYfPhi","border_DKGmQw","product_list_FEaWK8","logo_list_ME7xdR","product_list_banner_7rgNTR","heading_9yUp3Q","lookbook_NkGDfy","reviews_carousel_LehABX","image_with_text_KqTHTK"]}