{"sections":{"slideshow_banner_yDj3yw":{"type":"slideshow-banner","blocks":{"image_3f3Nr4":{"type":"image","settings":{"image":"shopify:\/\/shop_images\/h4-slide1.png","link":"shopify:\/\/collections\/women","box_maxwidth":"","padding_block":"60px","content_color":"#ffffff","opacity":0,"alignment":"justify-content-md-start align-items-md-center","text-alignment":"start","slides_effect":"fadeInLeft","subheading":"<span class=\"fw-medium\">Our starting lineup<\/span>","subheading_color":"#1f1f27","subheading_font_family":"text","subheading_font_size":19,"subheading_font_size_l":19,"subheading_font_size_m":18,"subheading_margin":"0 0 15px","subheading_margin_m":"0 0 10px","title":"New Arrivals","title_color":"#1f1f27","title_font_family":"h3","title_font_size":56,"title_font_size_l":46,"title_font_size_m":38,"title_margin":"0 0 35px","title_margin_m":"0 0 25px","title2":"","title2_color":"#ffffff","title2_font_family":"h3","title2_font_size":20,"title2_font_size_l":20,"title2_font_size_m":18,"title2_margin":"","title2_margin_m":"","desc":"","desc_color":"#444444","desc_font_family":"text","desc_font_size":18,"desc_font_size_l":16,"desc_font_size_m":14,"desc_margin":"","desc_margin_m":"","btn_text":"View Collection","btn_url":"shopify:\/\/collections","btn_font_size":16,"btn_font_size_m":15,"btn_padding":"13px 37px","btn_padding_m":"9px 32px","btn_text_color":"#ffffff","btn_border_color":"#1f1f27","btn_border_width":"1","btn_bg_color":"#1f1f27","btn_text_hover_color":"#ffffff","btn_border_hover_color":"#515167","btn_bg_hover_color":"#515167","btn_margin":"","btn_margin_m":"","btn_text1":"","btn_url1":"","btn_font_size1":14,"btn_font_size_m1":12,"btn_padding1":"13px 37px","btn_padding_m1":"9px 32px","btn_text_color1":"#ffffff","btn_border_color1":"#111111","btn_border_width1":"","btn_bg_color1":"#111111","btn_text_hover_color1":"#ffffff","btn_border_hover_color1":"#111111","btn_bg_hover_color1":"#111111","btn_margin1":"","btn_margin_m1":"","padding_block_m":"24px","text-mb-alignment":"start","mb-alignment":"justify-content-start align-items-center"}},"image_QKztDH":{"type":"image","settings":{"image":"shopify:\/\/shop_images\/h4-slide2.png","link":"shopify:\/\/collections\/women","box_maxwidth":"","padding_block":"60px","content_color":"#ffffff","opacity":0,"alignment":"justify-content-md-start align-items-md-center","text-alignment":"start","slides_effect":"fadeInUp","subheading":"<span class=\"fw-medium\">Our starting lineup<\/span>","subheading_color":"#1f1f27","subheading_font_family":"text","subheading_font_size":19,"subheading_font_size_l":19,"subheading_font_size_m":18,"subheading_margin":"0 0 15px","subheading_margin_m":"0 0 10px","title":"New Arrivals","title_color":"#1f1f27","title_font_family":"h3","title_font_size":56,"title_font_size_l":46,"title_font_size_m":38,"title_margin":"0 0 35px","title_margin_m":"0 0 25px","title2":"","title2_color":"#ffffff","title2_font_family":"h3","title2_font_size":20,"title2_font_size_l":20,"title2_font_size_m":18,"title2_margin":"","title2_margin_m":"","desc":"","desc_color":"#444444","desc_font_family":"text","desc_font_size":18,"desc_font_size_l":16,"desc_font_size_m":14,"desc_margin":"","desc_margin_m":"","btn_text":"View Collection","btn_url":"shopify:\/\/collections","btn_font_size":16,"btn_font_size_m":15,"btn_padding":"13px 37px","btn_padding_m":"9px 32px","btn_text_color":"#ffffff","btn_border_color":"#1f1f27","btn_border_width":"1","btn_bg_color":"#1f1f27","btn_text_hover_color":"#ffffff","btn_border_hover_color":"#515167","btn_bg_hover_color":"#515167","btn_margin":"","btn_margin_m":"","btn_text1":"","btn_url1":"","btn_font_size1":14,"btn_font_size_m1":12,"btn_padding1":"13px 37px","btn_padding_m1":"9px 32px","btn_text_color1":"#ffffff","btn_border_color1":"#111111","btn_border_width1":"","btn_bg_color1":"#111111","btn_text_hover_color1":"#ffffff","btn_border_hover_color1":"#111111","btn_bg_hover_color1":"#111111","btn_margin1":"","btn_margin_m1":"","padding_block_m":"24px","text-mb-alignment":"start","mb-alignment":"justify-content-start align-items-center"}},"image_TFhaQg":{"type":"image","settings":{"image":"shopify:\/\/shop_images\/h4-slide3.png","link":"shopify:\/\/collections\/women","box_maxwidth":"","padding_block":"60px","content_color":"#ffffff","opacity":0,"alignment":"justify-content-md-start align-items-md-center","text-alignment":"start","slides_effect":"fadeInDown","subheading":"<span class=\"fw-medium\">Our starting lineup<\/span>","subheading_color":"#1f1f27","subheading_font_family":"text","subheading_font_size":19,"subheading_font_size_l":19,"subheading_font_size_m":18,"subheading_margin":"0 0 15px","subheading_margin_m":"0 0 10px","title":"New Arrivals","title_color":"#1f1f27","title_font_family":"h3","title_font_size":56,"title_font_size_l":46,"title_font_size_m":38,"title_margin":"0 0 35px","title_margin_m":"0 0 25px","title2":"","title2_color":"#ffffff","title2_font_family":"h3","title2_font_size":20,"title2_font_size_l":20,"title2_font_size_m":18,"title2_margin":"","title2_margin_m":"","desc":"","desc_color":"#444444","desc_font_family":"text","desc_font_size":18,"desc_font_size_l":16,"desc_font_size_m":14,"desc_margin":"","desc_margin_m":"","btn_text":"View Collection","btn_url":"shopify:\/\/collections","btn_font_size":16,"btn_font_size_m":15,"btn_padding":"13px 37px","btn_padding_m":"9px 32px","btn_text_color":"#ffffff","btn_border_color":"#1f1f27","btn_border_width":"1","btn_bg_color":"#1f1f27","btn_text_hover_color":"#ffffff","btn_border_hover_color":"#515167","btn_bg_hover_color":"#515167","btn_margin":"","btn_margin_m":"","btn_text1":"","btn_url1":"","btn_font_size1":14,"btn_font_size_m1":12,"btn_padding1":"13px 37px","btn_padding_m1":"9px 32px","btn_text_color1":"#ffffff","btn_border_color1":"#111111","btn_border_width1":"","btn_bg_color1":"#111111","btn_text_hover_color1":"#ffffff","btn_border_hover_color1":"#111111","btn_bg_hover_color1":"#111111","btn_margin1":"","btn_margin_m1":"","padding_block_m":"24px","text-mb-alignment":"start","mb-alignment":"justify-content-start align-items-center"}}},"block_order":["image_3f3Nr4","image_QKztDH","image_TFhaQg"],"settings":{"full_with":false,"max_with":"1890px","color_bg":"rgba(0,0,0,0)","padding_block":"","padding_block_m":"","margin_block":"","navigation":false,"pagination":true,"fade":true,"autoplay":true,"autoplay_speed":"8000","caption_full_with":false,"caption_max_with":"","image1":"shopify:\/\/shop_images\/h4-banner1.jpg","banner_title1":"Open Top","button_text1":"Discover Now","url1":"shopify:\/\/collections\/modern","image2":"shopify:\/\/shop_images\/h4-banner2.jpg","banner_title2":"Basic Blazer","button_text2":"Discover Now","url2":"shopify:\/\/collections\/frontpage","image3":"shopify:\/\/shop_images\/h4-banner3.jpg","banner_title3":"Jacket and Coat","button_text3":"Discover Now","url3":"shopify:\/\/collections\/accessories"}},"collection_list_zbjXPd":{"type":"collection-list","blocks":{"collection_3wBhJk":{"type":"collection","settings":{"collection_title":"Active","collection_handle":"active"}},"collection_WXJjPE":{"type":"collection","settings":{"collection_title":"Denim","collection_handle":"denim"}},"collection_9rWVzj":{"type":"collection","settings":{"collection_title":"Blazers","collection_handle":"blazers"}},"collection_iwk4Ex":{"type":"collection","settings":{"collection_title":"Skirts","collection_handle":"skirts"}},"collection_fbC4C4":{"type":"collection","settings":{"collection_title":"Pajamas","collection_handle":"pajamas"}},"collection_4C94P7":{"type":"collection","settings":{"collection_title":"Innerwear","collection_handle":"best-seller-swimwear"}}},"block_order":["collection_3wBhJk","collection_WXJjPE","collection_9rWVzj","collection_iwk4Ex","collection_fbC4C4","collection_4C94P7"],"settings":{"full_with":false,"max_with":"","color_bg":"rgba(0,0,0,0)","padding_block":"92px 0","padding_block_m":"56px 0","margin_block":"","margin_block_m":"","heading":"You Might Like","sub_heading":"Explore the latest shopping related search trends in this week.","text_align":"text-center","layout":"carousel","space_between":"4","column1":5,"column2":3,"column3":1,"collection_style":"default","image_ratio":"adapt","crop":false,"collection_count":false,"slide_variableWidth":true,"navigation":true,"pagination":true,"infinite":true,"autoplay":false,"autoplay_speed":"10000"}},"product_list_LVHUNJ":{"type":"product-list","settings":{"full_with":false,"max_with":"","color_bg":"rgba(0,0,0,0)","padding_block":"0 0 96px","padding_block_m":"0 0 60px","margin_block":"","heading":"Top Month Sellers","sub_heading":"Each piece is carefully selected to enhance your unique style","text_align":"text-center","collection_handle":"pajamas","limit":8,"button_text":"","layout":"carousel","space_between":"4","column1":4,"column2":3,"column3":1,"product_style":"style3","slide_variableWidth":true,"navigation":true,"pagination":true,"infinite":true,"autoplay":false,"autoplay_speed":"10000"}},"image_with_text_kMrq9f":{"type":"image-with-text","blocks":{"text_T87EdA":{"type":"text","settings":{"text":"NEW FOR 2025","text_style":"text","text_font-weight":"fw-medium","text_color_desktop":"#1f1f27","text_font_size_desktop":13,"margin_desktop":"","text_font_size_tablet":13,"margin_tablet":"","text_font_size_mobile":13,"margin_mobile":""}},"text_HWYjXz":{"type":"text","settings":{"text":"Boutique style","text_style":"ff-heading","text_font-weight":"fw-normal","text_color_desktop":"#1f1f27","text_font_size_desktop":36,"margin_desktop":"","text_font_size_tablet":34,"margin_tablet":"","text_font_size_mobile":32,"margin_mobile":""}},"text_CecLaA":{"type":"text","settings":{"text":"It’s a powerful lady like class with a touch of sophisticated sass that creates a sleek and commanding presence.","text_style":"text","text_font-weight":"fw-normal","text_color_desktop":"#1f1f27","text_font_size_desktop":15,"margin_desktop":"20px 0 48px","text_font_size_tablet":15,"margin_tablet":"20px 0 48px","text_font_size_mobile":15,"margin_mobile":"20px 0 48px"}},"button_m9fLQy":{"type":"button","settings":{"button":"View Collection","link":"shopify:\/\/collections\/pajamas","button_font_size":16,"button_padding":"11px 32px","margin":"","button_color":"#ffffff","button_border-width":"","button_color_border":"#1f1f27","button_color_bg":"#1f1f27","border_radius":"rounded-pill","button_color_hover":"#ffffff","button_color_border_hover":"#515167","button_color_bg_hover":"#515167","button_font_size_mobile":14,"button_padding_mobile":"","button_icon":"none","button_icon_size":"14x14"}}},"block_order":["text_T87EdA","text_HWYjXz","text_CecLaA","button_m9fLQy"],"settings":{"full_with":false,"max_with":"","color_bg":"rgba(0,0,0,0)","bg_align":"center","padding_block":"","padding_block_m":"","margin_block":"","border_radius":"rounded-3","space_between":"0","text_align":"start","banner_mobile":"always","banner":"shopify:\/\/shop_images\/h4-banner4.jpg","banner_url":"shopify:\/\/collections\/pajamas","banner_size":58,"banner_size_ipad":58,"banner_size_mobile":100,"banner_position":"left","content_max_with":"475px","padding_content":"24px 45px","padding_content_m":"60px 45px","margin_content":"","content_color_bg":"#eef0f2","opacity":100}},"product_list_xhTDCK":{"type":"product-list","settings":{"full_with":false,"max_with":"","color_bg":"rgba(0,0,0,0)","padding_block":"92px 0 95px","padding_block_m":"54px 0 56px","margin_block":"","heading":"Top Trending","sub_heading":"Explore the latest shopping related search trends in this week.","text_align":"text-center","collection_handle":"denim","limit":6,"button_text":"","layout":"carousel","space_between":"4","column1":4,"column2":3,"column3":1,"product_style":"style3","slide_variableWidth":true,"navigation":true,"pagination":true,"infinite":true,"autoplay":false,"autoplay_speed":"10000"}},"border_ewTVtm":{"type":"border","settings":{"full_with":true,"max_with":"","color_bg":"rgba(0,0,0,0)","padding_block":"","padding_block_m":"","margin_block":"","border_style":"solid","border_width":1,"border_color":"#dadbe0","opacity":100}},"frequently_bought_J6FHjD":{"type":"frequently-bought","blocks":{"item_cQL8NQ":{"type":"item","settings":{"product":"hoodie-with-embroidery","display":"center-left","top":30,"left":49}},"item_RHaK76":{"type":"item","settings":{"product":"ucham-basic-blazer","display":"center-top","top":90,"left":50}},"item_XQpC64":{"type":"item","settings":{"product":"waist-mom-denim-shorts","display":"center-left","top":59,"left":64}}},"block_order":["item_cQL8NQ","item_RHaK76","item_XQpC64"],"settings":{"full_with":false,"max_with":"","color_bg":"rgba(0,0,0,0)","padding_block":"96px 0 0","padding_block_m":"60px 0 0","margin_block":"","caption":"Complete Your Look","heading":"Bundle &amp; Save","image1":"shopify:\/\/shop_images\/h4-img-lookbook.jpg"}},"blog_posts_fXCm69":{"type":"blog-posts","settings":{"full_with":false,"max_with":"","color_bg":"rgba(0,0,0,0)","padding_block":"92px 0 95px","padding_block_m":"56px 0 59px","margin_block":"","heading":"Blog Post","sub_heading":"Provide you with useful knowledge about fashion trend.","text_align":"text-center","blog_handle":"news","limit":4,"button_text":"","space_between":"4","column1":3,"column2":2,"column3":1,"blog_style":"grid","blog_tags":true,"blog_tags_limit":1,"blog_date":true,"blog_author":true,"blog_excerp":false,"blog_readmore":false,"image_ratio":"adapt","crop":false,"navigation":true,"pagination":false,"infinite":true,"autoplay":false,"autoplay_speed":"10000"}}},"order":["slideshow_banner_yDj3yw","collection_list_zbjXPd","product_list_LVHUNJ","image_with_text_kMrq9f","product_list_xhTDCK","border_ewTVtm","frequently_bought_J6FHjD","blog_posts_fXCm69"]}