{"sections":{"breadcrumb":{"type":"breadcrumb-page","settings":{"margin_block":"0 auto 60px","image":"","breadcrumb_title":"","enable_title":"alwary","breadcrumb_bg":"#ffffff","breadcrumb_color_heading":"#1F1F27","breadcrumb_color":"#1F1F27","breadcrumb_color_link":"#7C99A9","breadcrumb-height":"60px","breadcrumb-mheight":"60px","text-align":"center"}},"main":{"type":"main-page","disabled":true,"settings":{"full_with":false,"color_bg":"rgba(0,0,0,0)","padding_block":"","padding_block_m":"","margin_block":"0 0 30px"}},"5f539cbe-0024-4cb9-b74b-6af392ed4b93":{"type":"html","settings":{"full_with":false,"color_bg":"rgba(0,0,0,0)","padding_block":"30px 0 90px","padding_block_m":"0 0 60px","margin_block":"","heading":"","sub_heading":"","content":"<div class=\"vela-pricing row g-3 g-lg-4\">\n    <div class=\"col-12 col-lg-4\">\n        <div class=\"pricing__item text-center border p-5\">\n            <div class=\"py-lg-3\">\n                <div class=\"heading-color mb-2 pb-1\" style=\"font-size: 24px;\">Basic<\/div>\n                <div class=\"heading-color\" style=\"font-size: 52px; line-height: 40px;\">29<sup style=\"font-size: 24px;position: relative;top: -20px;left: 5px;\">$<\/sup>\n<\/div>\n                <div style=\"color: #999;\">Monthly<\/div>\n                <div class=\"my-4 my-lg-5\">\n                    <ul class=\"list-unstyled\" style=\"color: #999; line-height: 32px;\">\n                        <li>Dolor sit amet<\/li>\n                        <li>Tempor incididunt<\/li>\n                        <li>Tempor incididunt<\/li>\n                        <li>Faucibus tincit<\/li>\n                    <\/ul>\n                <\/div>\n                <div class=\"text-center\">\n                    <a href=\"#\" class=\"d-inline-block bg-dark text-white px-5 py-2\" role=\"button\">\n                        <span class=\"d-block px-lg-3 py-lg-1\">Buy Now <svg class=\"ms-1\" width=\"12\" height=\"14\" viewbox=\"0 0 10 11\" fill=\"none\" xmlns=\"http:\/\/www.w3.org\/2000\/svg\"><path d=\"M0.919573 0.030866L0.919574 1.61478L7.25525 1.61478L0.491145 9.17889L1.62252 10.3103L8.38662 2.74615L8.38662 9.08183L9.97054 9.08183L9.97054 0.0308677L0.919573 0.030866Z\" fill=\"currentColor\"><\/path><\/svg><\/span>\n                    <\/a>\n                <\/div>\n            <\/div>\n        <\/div>\n    <\/div>\n    <div class=\"col-12 col-lg-4\">\n        <div class=\"pricing__item text-center border border-dark bg-dark text-white p-5\">\n            <div class=\"py-lg-3\">\n                <div class=\"mb-2 pb-1\" style=\"font-size: 24px;\">Basic<\/div>\n                <div style=\"font-size: 52px; line-height: 40px;\">39<sup style=\"font-size: 24px;position: relative;top: -20px;left: 5px;\">$<\/sup>\n<\/div>\n                <div style=\"color: #999;\">Monthly<\/div>\n                <div class=\"my-4 my-lg-5\">\n                    <ul class=\"list-unstyled\" style=\"color: #999; line-height: 32px;\">\n                        <li>Dolor sit amet<\/li>\n                        <li>Tempor incididunt<\/li>\n                        <li>Tempor incididunt<\/li>\n                        <li>Faucibus tincit<\/li>\n                    <\/ul>\n                <\/div>\n                <div class=\"text-center\">\n                    <a href=\"#\" class=\"d-inline-block bg-white text-dark px-5 py-2\" role=\"button\">\n                        <span class=\"d-block px-lg-3 py-lg-1\">Buy Now <svg class=\"ms-1\" width=\"12\" height=\"14\" viewbox=\"0 0 10 11\" fill=\"none\" xmlns=\"http:\/\/www.w3.org\/2000\/svg\"><path d=\"M0.919573 0.030866L0.919574 1.61478L7.25525 1.61478L0.491145 9.17889L1.62252 10.3103L8.38662 2.74615L8.38662 9.08183L9.97054 9.08183L9.97054 0.0308677L0.919573 0.030866Z\" fill=\"currentColor\"><\/path><\/svg><\/span>\n                    <\/a>\n                <\/div>\n            <\/div>\n        <\/div>\n    <\/div>\n    <div class=\"col-12 col-lg-4\">\n        <div class=\"pricing__item text-center border p-5\">\n            <div class=\"py-lg-3\">\n                <div class=\"heading-color mb-2 pb-1\" style=\"font-size: 24px;\">Basic<\/div>\n                <div class=\"heading-color\" style=\"font-size: 52px; line-height: 40px;\">59<sup style=\"font-size: 24px;position: relative;top: -20px;left: 5px;\">$<\/sup>\n<\/div>\n                <div style=\"color: #999;\">Monthly<\/div>\n                <div class=\"my-4 my-lg-5\">\n                    <ul class=\"list-unstyled\" style=\"color: #999; line-height: 32px;\">\n                        <li>Dolor sit amet<\/li>\n                        <li>Tempor incididunt<\/li>\n                        <li>Tempor incididunt<\/li>\n                        <li>Faucibus tincit<\/li>\n                    <\/ul>\n                <\/div>\n                <div class=\"text-center\">\n                    <a href=\"#\" class=\"d-inline-block bg-dark text-white px-5 py-2\" role=\"button\">\n                        <span class=\"d-block px-lg-3 py-lg-1\">Buy Now <svg class=\"ms-1\" width=\"12\" height=\"14\" viewbox=\"0 0 10 11\" fill=\"none\" xmlns=\"http:\/\/www.w3.org\/2000\/svg\"><path d=\"M0.919573 0.030866L0.919574 1.61478L7.25525 1.61478L0.491145 9.17889L1.62252 10.3103L8.38662 2.74615L8.38662 9.08183L9.97054 9.08183L9.97054 0.0308677L0.919573 0.030866Z\" fill=\"currentColor\"><\/path><\/svg><\/span>\n                    <\/a>\n                <\/div>\n            <\/div>\n        <\/div>\n    <\/div>\n<\/div>"}},"eefe37a9-061a-4e3f-a16d-a315e15469bd":{"type":"logo-list","blocks":{"template--14947365814337__8ef1a98f-b9ad-4f97-8f83-e53ad064aea4-image-1":{"type":"image","settings":{"link":"shopify:\/\/collections\/dining-kitchen","image":"shopify:\/\/shop_images\/brand1.jpg"}},"template--14947365814337__8ef1a98f-b9ad-4f97-8f83-e53ad064aea4-image-2":{"type":"image","settings":{"link":"shopify:\/\/collections\/armchair","image":"shopify:\/\/shop_images\/brand2.jpg"}},"template--14947365814337__8ef1a98f-b9ad-4f97-8f83-e53ad064aea4-image-3":{"type":"image","settings":{"link":"shopify:\/\/collections\/living-room","image":"shopify:\/\/shop_images\/brand3.jpg"}},"template--14947365814337__8ef1a98f-b9ad-4f97-8f83-e53ad064aea4-image-4":{"type":"image","settings":{"link":"shopify:\/\/collections\/kids-furniture","image":"shopify:\/\/shop_images\/brand4.jpg"}},"template--14947365814337__8ef1a98f-b9ad-4f97-8f83-e53ad064aea4-image-5":{"type":"image","settings":{"link":"shopify:\/\/collections\/beds-room","image":"shopify:\/\/shop_images\/brand5.jpg"}},"template--14947365814337__8ef1a98f-b9ad-4f97-8f83-e53ad064aea4-image-6":{"type":"image","settings":{"link":"shopify:\/\/collections\/office-furniture","image":"shopify:\/\/shop_images\/brand6.jpg"}},"image_PY7r3H":{"type":"image","settings":{"link":"shopify:\/\/collections\/living-room","image":"shopify:\/\/shop_images\/brand7.jpg"}}},"block_order":["template--14947365814337__8ef1a98f-b9ad-4f97-8f83-e53ad064aea4-image-1","template--14947365814337__8ef1a98f-b9ad-4f97-8f83-e53ad064aea4-image-2","template--14947365814337__8ef1a98f-b9ad-4f97-8f83-e53ad064aea4-image-3","template--14947365814337__8ef1a98f-b9ad-4f97-8f83-e53ad064aea4-image-4","template--14947365814337__8ef1a98f-b9ad-4f97-8f83-e53ad064aea4-image-5","template--14947365814337__8ef1a98f-b9ad-4f97-8f83-e53ad064aea4-image-6","image_PY7r3H"],"settings":{"full_with":false,"color_bg":"rgba(0,0,0,0)","padding_block":"0 0 90px","padding_block_m":"0 0 60px","margin_block":"","column1":7,"column2":3,"column3":2,"logo_size":"210x100","image_ratio":"adapt","crop":false,"brand-effect":true,"navigation":true,"infinite":true,"autoplay":false,"autoplay_speed":"10000"}}},"order":["breadcrumb","main","5f539cbe-0024-4cb9-b74b-6af392ed4b93","eefe37a9-061a-4e3f-a16d-a315e15469bd"]}