{"sections":{"breadcrumb":{"type":"breadcrumb-page","disabled":true,"settings":{"full_with":false,"max_with":"","margin_block":"0 auto 30px","breadcrumb_title":"","enable_title":"alwary","breadcrumb_bg":"#ffffff","breadcrumb_color_heading":"#1f1f27","breadcrumb_color":"#1f1f27","breadcrumb_color_link":"#7c99a9","breadcrumb-height":"60px","breadcrumb-mheight":"60px","text-align":"center"}},"main":{"type":"main-page","disabled":true,"settings":{"full_with":false,"max_with":"","color_bg":"rgba(0,0,0,0)","padding_block":"","padding_block_m":"","margin_block":""}},"background_parallax_D7WeQp":{"type":"background-parallax","blocks":{"text_anB94M":{"type":"text","settings":{"text":"Our contacts","text_style":"text","font-weight":"fw-medium","text_color_desktop":"#ffffff","text_font_size_desktop":19,"margin_desktop":"0 0 15px","text_font_size_tablet":18,"margin_tablet":"0 0 15px","text_font_size_mobile":17,"margin_mobile":"0"}},"text_3tBHee":{"type":"text","settings":{"text":"We’re Here to Help You","text_style":"h3","font-weight":"fw-normal","text_color_desktop":"#ffffff","text_font_size_desktop":45,"margin_desktop":"0 0 30px","text_font_size_tablet":40,"margin_tablet":"0 0 30px","text_font_size_mobile":36,"margin_mobile":"0 0 15px"}},"text_6bEgjr":{"type":"text","settings":{"text":"Got a project in mind? We’d love to hear about it. Take five minutes to fill out our project form so that we can get to know you and understand your project.","text_style":"text","font-weight":"fw-normal","text_color_desktop":"#ffffff","text_font_size_desktop":15,"margin_desktop":"","text_font_size_tablet":15,"margin_tablet":"","text_font_size_mobile":14,"margin_mobile":""}}},"block_order":["text_anB94M","text_3tBHee","text_6bEgjr"],"settings":{"full_with":false,"max_with":"","color_bg":"rgba(0,0,0,0)","image_bg":"shopify:\/\/shop_images\/contact-image1.png","image_bg_parallax":true,"padding_block":"200px 0","padding_block_m":"60px 0","content_align":"center","text_align":"center","content_max_with":"690px","padding_content":"","padding_content_m":"","content_color_bg":"#1f1f27","opacity":0}},"form":{"type":"contact-form","settings":{"full_with":false,"max_with":"690px","color_bg":"#eff0f2","padding_block":"80px 0","padding_block_m":"60px 0","margin_block":"","contactform_heading":"","contactform_desc":""}},"googlemap1_pqLhMi":{"type":"googlemap1","blocks":{"store_info_MYABYV":{"type":"store_info","settings":{"googlemap_iframe":"<iframe src=\"https:\/\/www.google.com\/maps\/embed?pb=!1m18!1m12!1m3!1d46660.68508789638!2d-76.21721898093143!3d43.03527019770711!2m3!1f0!2f0!3f0!3m2!1i1024!2i768!4f13.1!3m3!1m2!1s0x89d9f39bbf979a0d%3A0xd50ce2d7ad9545!2zU3lyYWN1c2UsIFRp4buDdSBiYW5nIE5ldyBZb3JrLCBIb2EgS-G7sw!5e0!3m2!1svi!2s!4v1716717770095!5m2!1svi!2s\" width=\"600\" height=\"450\" style=\"border:0;\" allowfullscreen=\"\" loading=\"lazy\" referrerpolicy=\"no-referrer-when-downgrade\"><\/iframe>","store_title":"Av Prsdnt Kennedy","store_add":"2118 Thornridge Cir. Syracuse, Connecticut 35624","store_phone":"(316) 555-0116","store_email":"jennings@example.com","store_time":""}},"store_info_a9CF6j":{"type":"store_info","settings":{"googlemap_iframe":"<iframe src=\"https:\/\/www.google.com\/maps\/embed?pb=!1m18!1m12!1m3!1d229958.625146512!2d-74.27147141059885!3d40.77460678326016!2m3!1f0!2f0!3f0!3m2!1i1024!2i768!4f13.1!3m3!1m2!1s0x89c3e26157f09fdd%3A0xc579e25977464867!2sNew%20Jersey%20Turnpike%2C%20New%20Jersey%2C%20Hoa%20K%E1%BB%B3!5e0!3m2!1svi!2s!4v1716718002053!5m2!1svi!2s\" width=\"600\" height=\"450\" style=\"border:0;\" allowfullscreen=\"\" loading=\"lazy\" referrerpolicy=\"no-referrer-when-downgrade\"><\/iframe>","store_title":"Vicuña Mackenna","store_add":"2464 Royal Ln. Mesa, New Jersey 45463","store_phone":"(307) 555-0133","store_email":"roberts@example.com","store_time":""}},"store_info_F3QxQx":{"type":"store_info","settings":{"googlemap_iframe":"<iframe src=\"https:\/\/www.google.com\/maps\/embed?pb=!1m18!1m12!1m3!1d3956273.3331112736!2d-113.50632014425635!3d35.483408026516685!2m3!1f0!2f0!3f0!3m2!1i1024!2i768!4f13.1!3m3!1m2!1s0x87251314a051287b%3A0x7845fedb79370a49!2sAllentown%2C%20Houck%2C%20Arizona%2086506%2C%20Hoa%20K%E1%BB%B3!5e0!3m2!1svi!2s!4v1716718065069!5m2!1svi!2s\" width=\"600\" height=\"450\" style=\"border:0;\" allowfullscreen=\"\" loading=\"lazy\" referrerpolicy=\"no-referrer-when-downgrade\"><\/iframe>","store_title":"Av. Andrés Bello","store_add":"4140 Parker Rd. Allentown, New Mexico 31134","store_phone":"(252) 555-0126","store_email":"jennings@example.com","store_time":""}},"store_info_jbExkd":{"type":"store_info","settings":{"googlemap_iframe":"<iframe src=\"https:\/\/www.google.com\/maps\/embed?pb=!1m14!1m8!1m3!1d19867.311686031117!2d-0.111056!3d51.505621!3m2!1i1024!2i768!4f13.1!3m3!1m2!1s0x0%3A0x4291f3172409ea92!2slastminute.com%20London%20Eye!5e0!3m2!1sen!2sus!4v1631783144736!5m2!1sen!2sus\" width=\"100%\" height=\"600px\" style=\"border:0;\" allowfullscreen=\"\" loading=\"lazy\"><\/iframe>","store_title":"Gregorio Cordovez","store_add":"6391 Elgin St. Celina, Delaware 10299","store_phone":"(308) 555-0121","store_email":"curtis@example.com","store_time":""}}},"block_order":["store_info_MYABYV","store_info_a9CF6j","store_info_F3QxQx","store_info_jbExkd"],"settings":{"full_with":false,"max_with":"","color_bg":"rgba(0,0,0,0)","padding_block":"96px 0","padding_block_m":"60px 0","margin_block":"","heading":"Aceno Chain Store","location_name":"Arizona","min-height":"450px","min-height-m":"300px"}}},"order":["breadcrumb","main","background_parallax_D7WeQp","form","googlemap1_pqLhMi"]}