{"sections":{"slideshow_8aVarM":{"type":"slideshow","blocks":{"image_pJeiNK":{"type":"image","settings":{"image":"shopify:\/\/shop_images\/h9-slide1.jpg","bg_align":"center","link":"shopify:\/\/collections\/frontpage","box_maxwidth":"650px","padding_block":"0 5%","content_color":"rgba(0,0,0,0)","opacity":0,"alignment":"justify-content-md-start align-items-md-center","text-alignment":"center","slides_effect":"fadeInUp","subheading":"","subheading_color":"#1f1f27","subheading_font_family":"text","subheading_font_size":19,"subheading_font_size_l":18,"subheading_font_size_m":17,"subheading_margin":"0 0 15px","subheading_margin_m":"0 0 10px","title":"Up to 30% Of","title_color":"#1f1f27","title_font_family":"h3","title_font_size":72,"title_font_size_l":54,"title_font_size_m":38,"title_margin":"","title_margin_m":"","title2":"Trendy Fashion","title2_color":"#1f1f27","title2_font_family":"h3","title2_font_size":72,"title2_font_size_l":54,"title2_font_size_m":38,"title2_margin":"0 0 20px","title2_margin_m":"0 0 10px","desc":"<span class=\"fw-medium\">We're living in shift dresses right now because they're cute, easy and super-flattering.<\/span>","desc_color":"#1f1f27","desc_font_family":"text","desc_font_size":19,"desc_font_size_l":17,"desc_font_size_m":16,"desc_margin":"0 0 52px","desc_margin_m":"0 0 32px","btn_text":"Shop now","btn_url":"shopify:\/\/collections\/frontpage","btn_font_size":16,"btn_font_size_m":15,"btn_padding":"16px 35px","btn_padding_m":"11px 30px","btn_text_color":"#ffffff","btn_border_color":"#1f1f27","btn_border_width":"0","btn_bg_color":"#1f1f27","btn_text_hover_color":"#ffffff","btn_border_hover_color":"#515167","btn_bg_hover_color":"#515167","btn_margin":"","btn_margin_m":"","btn_text1":"","btn_url1":"shopify:\/\/collections\/frontpage","btn_font_size1":16,"btn_font_size_m1":15,"btn_padding1":"0 0 2px","btn_padding_m1":"0","btn_text_color1":"#1f1f27","btn_border_color1":"#111111","btn_border_width1":"0 0 2px 0","btn_bg_color1":"rgba(0,0,0,0)","btn_text_hover_color1":"#515167","btn_border_hover_color1":"#515167","btn_bg_hover_color1":"rgba(0,0,0,0)","btn_margin1":"","btn_margin_m1":"","image_mobile":"shopify:\/\/shop_images\/h9-slide1-m.jpg","padding_block_m":"30px 24px 60px","text-mb-alignment":"center","mb-alignment":"justify-content-start align-items-end"}},"image_YFBFqa":{"type":"image","settings":{"image":"shopify:\/\/shop_images\/h9-slide2.jpg","bg_align":"center","link":"shopify:\/\/collections\/frontpage","box_maxwidth":"","padding_block":"46px 0 120px","content_color":"rgba(0,0,0,0)","opacity":0,"alignment":"justify-content-md-start align-items-md-center","text-alignment":"center","slides_effect":"fadeInUp","subheading":"","subheading_color":"#1f1f27","subheading_font_family":"text","subheading_font_size":19,"subheading_font_size_l":18,"subheading_font_size_m":17,"subheading_margin":"0 0 15px","subheading_margin_m":"0 0 10px","title":"The most-","title_color":"#1f1f27","title_font_family":"h3","title_font_size":72,"title_font_size_l":54,"title_font_size_m":38,"title_margin":"","title_margin_m":"","title2":"wanted list","title2_color":"#1f1f27","title2_font_family":"h3","title2_font_size":72,"title2_font_size_l":54,"title2_font_size_m":38,"title2_margin":"0 0 10px","title2_margin_m":"0 0 10px","desc":"<span class=\"fw-medium\">We're living in shift dresses right now because they're cute, easy and super-flattering.<\/span>","desc_color":"#1f1f27","desc_font_family":"text","desc_font_size":19,"desc_font_size_l":17,"desc_font_size_m":16,"desc_margin":"0 0 52px","desc_margin_m":"0 0 32px","btn_text":"Shop now","btn_url":"shopify:\/\/collections\/frontpage","btn_font_size":16,"btn_font_size_m":15,"btn_padding":"16px 35px","btn_padding_m":"11px 30px","btn_text_color":"#ffffff","btn_border_color":"#1f1f27","btn_border_width":"1px","btn_bg_color":"#1f1f27","btn_text_hover_color":"#ffffff","btn_border_hover_color":"#515167","btn_bg_hover_color":"#515167","btn_margin":"","btn_margin_m":"","btn_text1":"","btn_url1":"shopify:\/\/collections\/frontpage","btn_font_size1":16,"btn_font_size_m1":15,"btn_padding1":"0 0 2px","btn_padding_m1":"0","btn_text_color1":"#1f1f27","btn_border_color1":"#111111","btn_border_width1":"0 0 2px 0","btn_bg_color1":"rgba(0,0,0,0)","btn_text_hover_color1":"#515167","btn_border_hover_color1":"#515167","btn_bg_hover_color1":"rgba(0,0,0,0)","btn_margin1":"","btn_margin_m1":"","image_mobile":"shopify:\/\/shop_images\/h9-slide2-m.jpg","padding_block_m":"30px 24px 60px","text-mb-alignment":"center","mb-alignment":"justify-content-start align-items-end"}}},"block_order":["image_pJeiNK","image_YFBFqa"],"settings":{"full_with":true,"max_with":"","color_bg":"rgba(0,0,0,0)","padding_block":"","padding_block_m":"","margin_block":"","border_radius":"rounded-0","slideshow-height":"920px","slideshow-theight":"800px","slideshow-mheight":"600px","navigation":false,"pagination":true,"autoplay":false,"autoplay_speed":"8000","caption_full_with":true,"caption_max_with":"1690px","position_content":false,"scrolldown":false,"scrolldown_text":"Scroll down","scrolldown_color":"#00142b","style_special":true,"slide-show-fullheight":true}},"text_animations_EUV987":{"type":"text-animations","blocks":{"text_item_8LQKFF":{"type":"text-item","settings":{"text":"SIGN UP FOR 10% OFF YOUR FIRST ORDER","text_alignment":"text-center","text_style":"text","text_font_weight":"fw-medium","text_color":"#ffffff","text_size":13,"text_size_l":13,"text_size_m":13,"link":"\/account"}},"text_item_gMwYjH":{"type":"text-item","settings":{"text":"FREE DELIVERY AND RETURNS FROM $120","text_alignment":"text-start","text_style":"text","text_font_weight":"fw-medium","text_color":"#ffffff","text_size":13,"text_size_l":13,"text_size_m":13,"link":"\/cart"}},"text_item_XX44FC":{"type":"text-item","settings":{"text":"MID-SEASON SALE UP TO 50% OFF","text_alignment":"text-start","text_style":"text","text_font_weight":"fw-medium","text_color":"#ffffff","text_size":13,"text_size_l":13,"text_size_m":13,"link":""}}},"block_order":["text_item_8LQKFF","text_item_gMwYjH","text_item_XX44FC"],"settings":{"full_with":true,"max_with":"","color_bg":"#1f1f27","padding_block":"10px 0","padding_block_m":"10px 0","margin_block":""}},"heading_UGiWqE":{"type":"heading","blocks":{"text_X3DbVd":{"type":"text","settings":{"title_style":"default","text":"This Week's Highlights","text_alignment":"center","text_style":"ff-heading","text_font-weight":"fw-normal","text_color_desktop":"#1f1f27","text_font_size_desktop":36,"margin_desktop":"","text_font_size_tablet":34,"margin_tablet":"","text_font_size_mobile":32,"margin_mobile":""}}},"block_order":["text_X3DbVd"],"settings":{"full_with":true,"max_with":"","color_bg":"rgba(0,0,0,0)","padding_block":"94px 15px 0","padding_block_m":"56px 0 0","margin_block":"0 0 18px"}},"product_tab_JXgGrM":{"type":"product-tab","blocks":{"tab_XUFibc":{"type":"tab","settings":{"title":"Hot Items","collection":"skirts"}},"tab_Y6HecW":{"type":"tab","settings":{"title":"Best Sellers","collection":"pajamas"}},"tab_Ni9BWf":{"type":"tab","settings":{"title":"On Sale","collection":"shoes"}},"tab_mCLgKM":{"type":"tab","settings":{"title":"New arrivals","collection":"denim"}}},"block_order":["tab_XUFibc","tab_Y6HecW","tab_Ni9BWf","tab_mCLgKM"],"settings":{"full_with":true,"max_with":"","color_bg":"rgba(0,0,0,0)","padding_block":"0 15px 96px","padding_block_m":"0 0 60px","margin_block":"","producttab_style":"style1","limit":8,"button_text":"Shop Now","layout":"grid","space_between":"4","column1":4,"column2":2,"column3":2,"product_style":"style1","slide_variableWidth":false,"navigation":true,"pagination":false,"infinite":true,"autoplay":false,"autoplay_speed":"10000"}},"image_with_text_kMrq9f":{"type":"image-with-text","blocks":{"text_T87EdA":{"type":"text","settings":{"text":"New collection","text_style":"text","text_font-weight":"fw-medium","text_color_desktop":"#1f1f27","text_font_size_desktop":13,"margin_desktop":"","text_font_size_tablet":13,"margin_tablet":"","text_font_size_mobile":13,"margin_mobile":""}},"text_HWYjXz":{"type":"text","settings":{"text":"Ribbed Cropped Sweater","text_style":"ff-heading","text_font-weight":"fw-normal","text_color_desktop":"#1f1f27","text_font_size_desktop":36,"margin_desktop":"0 0 70%","text_font_size_tablet":30,"margin_tablet":"0 0 70%","text_font_size_mobile":23,"margin_mobile":"0 0 65%"}},"button_m9fLQy":{"type":"button","settings":{"button":"Shop New Collection","link":"shopify:\/\/collections\/pajamas","button_font_size":16,"button_padding":"11px 32px","margin":"","button_color":"#ffffff","button_border-width":"","button_color_border":"#1f1f27","button_color_bg":"#1f1f27","border_radius":"rounded-pill","button_color_hover":"#ffffff","button_color_border_hover":"#515167","button_color_bg_hover":"#515167","button_font_size_mobile":14,"button_padding_mobile":"","button_icon":"none","button_icon_size":"14x14"}}},"block_order":["text_T87EdA","text_HWYjXz","button_m9fLQy"],"settings":{"full_with":true,"max_with":"","color_bg":"rgba(0,0,0,0)","bg_align":"center","padding_block":"0 45px","padding_block_m":"0 16px","margin_block":"","border_radius":"rounded-3","space_between":"0","text_align":"center","banner_mobile":"always","banner":"shopify:\/\/shop_images\/h9-banner1.jpg","banner_url":"shopify:\/\/collections\/pajamas","banner_size":50,"banner_size_ipad":100,"banner_size_mobile":100,"banner_position":"left","content_max_with":"","padding_content":"24px","padding_content_m":"24px","margin_content":"","content_image_bg":"shopify:\/\/shop_images\/h9-banner5.jpg","content_color_bg":"#eef0f2","opacity":100}},"product_list_LVHUNJ":{"type":"product-list","settings":{"full_with":true,"max_with":"","color_bg":"rgba(0,0,0,0)","padding_block":"92px 15px 96px","padding_block_m":"54px 0 60px","margin_block":"","heading":"Top Trending","sub_heading":"","text_align":"text-start","collection_handle":"denim","limit":6,"button_text":"","layout":"carousel","space_between":"4","column1":4,"column2":3,"column3":2,"product_style":"style1","slide_variableWidth":false,"navigation":false,"pagination":true,"infinite":true,"autoplay":false,"autoplay_speed":"10000"}},"multi_image_with_text_RwKUth":{"type":"multi-image-with-text","blocks":{"feature_item_6BamVn":{"type":"feature_item","settings":{"width_desk":50,"width_tablet":100,"width_mobile":100,"item_padding":"72px","item_padding_m":"24px","content_bg_color":"rgba(0,0,0,0)","text_align":"text-start align-items-end","banner_position":"over","banner":"shopify:\/\/shop_images\/h9-banner2.jpg","subtitle":"<spa class=\"fw-medium\">HURRY UP! SALE 50%<\/spa>","heading_subcolor":"#515167","heading_sub_size":13,"heading_sub_size_m":13,"heading_sub_margin":"0 0 5px","heading_sub_margin_m":"0 0 2px","title":"Top Trends Style","heading_color":"#1f1f27","heading_size":36,"heading_size_m":23,"heading_margin":"","heading_margin_m":"","content":"<p class=\"fw-medium\">In-store and online. Hurry Up! Limited time offer.<\/p>","text_color":"#515167","text_size":15,"text_size_m":14,"text_margin":"16px 0 40px","text_margin_m":"0px 0 15px","button":"Shop now","button_url":"shopify:\/\/collections\/men","button_color":"#ffffff","button_border_color":"#1f1f27","button_width":"1px","border_radius":"rounded-pill","button_bg_color":"#1f1f27","button_size":16,"button_size_m":14,"button_padding":"9px 30px","button_padding_m":"6px 25px"}},"feature_item_LniF4E":{"type":"feature_item","settings":{"width_desk":50,"width_tablet":100,"width_mobile":100,"item_padding":"64px","item_padding_m":"32px","content_bg_color":"rgba(0,0,0,0)","text_align":"text-start align-items-end","banner_position":"over","banner":"shopify:\/\/shop_images\/h9-banner3.jpg","subtitle":"<span class=\"fw-medium\">ACTIVE SPORTSWEAR<\/span>","heading_subcolor":"#515167","heading_sub_size":13,"heading_sub_size_m":12,"heading_sub_margin":"0 0 5px","heading_sub_margin_m":"0 0 2px","title":"Trending Essentials","heading_color":"#1f1f27","heading_size":36,"heading_size_m":23,"heading_margin":"","heading_margin_m":"","content":"<span class=\"fw-medium\">In-store and online. Hurry Up! Limited time offer.<\/span>","text_color":"#515167","text_size":15,"text_size_m":14,"text_margin":"16px 0 40px","text_margin_m":"0px 0 15px","button":"Shop now","button_url":"shopify:\/\/collections\/men","button_color":"#ffffff","button_border_color":"#1f1f27","button_width":"1px","border_radius":"rounded-pill","button_bg_color":"#1f1f27","button_size":16,"button_size_m":14,"button_padding":"9px 30px","button_padding_m":"6px 25px"}}},"block_order":["feature_item_6BamVn","feature_item_LniF4E"],"settings":{"full_with":true,"max_with":"","color_bg":"rgba(0,0,0,0)","padding_block":"0 45px","padding_block_m":"0 16px","margin_block":"","heading":"","sub_heading":"","text_align":"text-start","layout":"grid","space_between":30,"space_between_m":16,"column1":4,"column2":3,"column3":2,"effect_show":true,"slide_variableWidth":false,"navigation":true,"pagination":false,"infinite":true,"autoplay":false,"autoplay_speed":"10000"}},"services_NNQqxQ":{"type":"services","blocks":{"item_NKTeDq":{"type":"item","settings":{"icon":"shopify:\/\/shop_images\/icon-service-1.svg","box_title":"Fast Delivery","heading_color":"#1f1f27","box_title_size":20,"box_title_size_m":19,"box_desc":"Deliver in 24 hours max!","desc_color":"#515167","box_desc_size":16,"box_desc_size_m":16,"button_text":"","button_url":""}},"item_aJapf9":{"type":"item","settings":{"icon":"shopify:\/\/shop_images\/icon-service-2.svg","box_title":"Safe Payment","heading_color":"#1f1f27","box_title_size":20,"box_title_size_m":19,"box_desc":"Visa, Mastercard, PayPal...","desc_color":"#515167","box_desc_size":16,"box_desc_size_m":16,"button_text":"","button_url":""}},"item_9tAai6":{"type":"item","settings":{"icon":"shopify:\/\/shop_images\/icon-service-3.svg","box_title":"24\/7 Online Support","heading_color":"#1f1f27","box_title_size":20,"box_title_size_m":19,"box_desc":"24 hours a day, 7 days a week","desc_color":"#515167","box_desc_size":16,"box_desc_size_m":16,"button_text":"","button_url":""}},"item_HwweAC":{"type":"item","settings":{"icon":"shopify:\/\/shop_images\/icon-service-4.svg","box_title":"Free Returns","heading_color":"#1f1f27","box_title_size":20,"box_title_size_m":19,"box_desc":"Free returns within 15 days","desc_color":"#515167","box_desc_size":16,"box_desc_size_m":16,"button_text":"","button_url":""}}},"block_order":["item_NKTeDq","item_aJapf9","item_9tAai6","item_HwweAC"],"settings":{"full_with":true,"max_with":"","color_bg":"rgba(0,0,0,0)","padding_block":"96px 15px","padding_block_m":"60px 0","margin_block":"","heading":"","sub_heading":"","text_align":"text-start","layout":"carousel","column1":4,"column2":2,"column3":1,"iconsize":"70x70","service_style":"style1","navigation":false,"pagination":true,"infinite":false,"autoplay":false,"autoplay_speed":"10000"}},"location_store_DBw7pm":{"type":"location-store","settings":{"full_with":true,"max_with":"","color_bg":"rgba(0,0,0,0)","padding_block":"","padding_block_m":"","margin_block":"","heading":"Our store","location_name":"","min-height":"100%","min-height-m":"382px","googlemap_iframe":"<iframe src=\"https:\/\/www.google.com\/maps\/embed?pb=!1m18!1m12!1m3!1d2885.2625947639085!2d-79.35376430964227!3d43.68430387591358!2m3!1f0!2f0!3f0!3m2!1i1024!2i768!4f13.1!3m3!1m2!1s0x89d4cc907bd99555%3A0x5835e3a4d8d80041!2s123%20Fake%20St%2C%20Toronto%2C%20ON%20M4K%203L6%2C%20Canada!5e0!3m2!1svi!2s!4v1725955888410!5m2!1svi!2s\" width=\"100%\" height=\"100%\" style=\"border:0;\" allowfullscreen=\"\" loading=\"lazy\" referrerpolicy=\"no-referrer-when-downgrade\"><\/iframe>","store_image":"shopify:\/\/shop_images\/h9-banner4.jpg","store_title":"Our store","store_add":"123 Fake St.Toronto, Canada","store_phone":"","store_email":"","store_time":"Mon - Fri, 10am - 9pm<br>\nMon - Fri, 10am - 9pm <br>Saturday, 11am - 9pm","button_text":"Get direction","btn_url":"https:\/\/maps.app.goo.gl\/PJNpMAbkMWQK49WD9"}}},"order":["slideshow_8aVarM","text_animations_EUV987","heading_UGiWqE","product_tab_JXgGrM","image_with_text_kMrq9f","product_list_LVHUNJ","multi_image_with_text_RwKUth","services_NNQqxQ","location_store_DBw7pm"]}