{"sections":{"card_martin_ktJXc6":{"type":"CardMartin","blocks":{"service_block_TLtKrh":{"type":"service_block","settings":{"service_image":"shopify:\/\/shop_images\/UniversalUpscaler_ff675652-bbe2-4bf6-bc51-91dcb9ef90c6.jpg","service_title":"Homad Studio","service_description":"Arquitectura solar y diseño sostenible","card_height":"auto","card_radius":"1.5rem","service_social_1_url":"","service_social_2_url":""}},"service_block_YePgRd":{"type":"service_block","settings":{"service_image":"shopify:\/\/shop_images\/assets_task_01jz7ff0p2fmas3kapybghfe3w_1751524199_img_1.webp","service_title":"Homad Studio","service_description":"Arquitectura solar y diseño sostenible","card_height":"auto","card_radius":"1.5rem","service_social_1_url":"https:\/\/www.instagram.com\/ppaauuulaaaaa\/","service_social_1_icon":"shopify:\/\/shop_images\/shield.png","service_social_2_url":""}}},"block_order":["service_block_TLtKrh","service_block_YePgRd"],"settings":{"hero_main":"shopify:\/\/shop_images\/UniversalUpscaler_1_cf050daa-6a14-4777-85eb-2d5c42845c5c.jpg","hero_height":"500px","profile_avatar":"shopify:\/\/shop_images\/Screenshot_2025-07-14_111656.png","profile_avatar_size":"50px","profile_avatar_offset_y":"1.2rem","profile_username":"martin.architect","profile_tagline":"#SolarDesign · Personal Story","profile_description":"Founder · Architect · Solar Designer","profile_social_1_url":"https:\/\/www.instagram.com\/martinmaguina\/","profile_social_1_icon":"shopify:\/\/shop_images\/solar-panel.png","profile_social_2_url":"https:\/\/www.youtube.com\/watch?v=5DbNZgxFKFs&list=RD6cLxjdbSB-4&index=2","profile_social_2_icon":"shopify:\/\/shop_images\/shield.png","profile_social_3_url":""}}},"order":["card_martin_ktJXc6"]}