{"sections":{"breadcrumb":{"type":"breadcrumb-page","settings":{"full_with":false,"max_with":"","margin_block":"","breadcrumb_title":"","enable_title":"alwary","breadcrumb_bg":"#ffffff","breadcrumb_color_heading":"#1f1f27","breadcrumb_color":"#1f1f27","breadcrumb_color_link":"#7c99a9","breadcrumb-height":"60px","breadcrumb-mheight":"60px","text-align":"center"}},"main":{"type":"main-search-blog","settings":{"full_with":false,"max_with":"","color_bg":"rgba(0,0,0,0)","padding_block":"90px 0","padding_block_m":"60px 0","margin_block":"","products_per_page":32,"products_ditem_per_row":4,"products_titem_per_row":3,"products_mitem_per_row":2}}},"order":["breadcrumb","main"]}